n,wr,aw,al,pf,ret,score,bb_period,bb_std,stoch_k,stoch_smk,stoch_smd,os,ob,sl,tp1,tp2,mid_exit,use_ema,use_vol,use_bbw,bbw_max,leverage,equity_pct,commission
11,63.63636363636363,7.499999999999997,-6.0,2.187499999999999,9.791988568372755,139.20454545454538,20,1.5,9,3,3,15,85,2.0,1.8,2.5,False,True,True,True,0.1,3,0.1,0.04
11,63.63636363636363,7.499999999999997,-6.0,2.187499999999999,9.791988568372755,139.20454545454538,20,1.5,9,3,3,20,85,2.0,1.8,2.5,False,True,True,True,0.1,3,0.1,0.04
11,63.63636363636363,7.499999999999997,-6.0,2.187499999999999,9.791988568372755,139.20454545454538,20,1.5,9,3,3,25,85,2.0,1.8,2.5,False,True,True,True,0.1,3,0.1,0.04
11,63.63636363636363,7.499999999999997,-6.0,2.187499999999999,8.762412756251248,139.20454545454538,20,1.5,9,3,3,15,85,2.0,1.2,2.5,False,True,True,True,0.1,3,0.1,0.04
11,63.63636363636363,7.499999999999997,-6.0,2.187499999999999,8.762412756251248,139.20454545454538,20,1.5,9,3,3,20,85,2.0,1.2,2.5,False,True,True,True,0.1,3,0.1,0.04
11,63.63636363636363,7.499999999999997,-6.0,2.187499999999999,8.762412756251248,139.20454545454538,20,1.5,9,3,3,25,85,2.0,1.2,2.5,False,True,True,True,0.1,3,0.1,0.04
11,63.63636363636363,7.499999999999997,-6.0,2.187499999999999,6.839913872975267,139.20454545454538,20,1.5,9,3,3,15,85,2.0,0.8,2.5,False,True,True,True,0.1,3,0.1,0.04
11,63.63636363636363,7.499999999999997,-6.0,2.187499999999999,6.839913872975267,139.20454545454538,20,1.5,9,3,3,20,85,2.0,0.8,2.5,False,True,True,True,0.1,3,0.1,0.04
11,63.63636363636363,7.499999999999997,-6.0,2.187499999999999,6.839913872975267,139.20454545454538,20,1.5,9,3,3,25,85,2.0,0.8,2.5,False,True,True,True,0.1,3,0.1,0.04
11,63.63636363636363,7.018415514023096,-6.0,2.0470378582567363,11.267243330277532,130.26604552542867,20,1.5,9,3,3,15,85,2.0,1.2,2.5,True,True,True,True,0.1,3,0.1,0.04
11,63.63636363636363,7.018415514023096,-6.0,2.0470378582567363,11.267243330277532,130.26604552542867,20,1.5,9,3,3,20,85,2.0,1.2,2.5,True,True,True,True,0.1,3,0.1,0.04
11,63.63636363636363,7.018415514023096,-6.0,2.0470378582567363,11.267243330277532,130.26604552542867,20,1.5,9,3,3,25,85,2.0,1.2,2.5,True,True,True,True,0.1,3,0.1,0.04
11,63.63636363636363,7.018415514023096,-6.0,2.0470378582567363,10.547479758068734,130.26604552542867,20,1.5,9,3,3,15,85,2.0,1.8,2.5,True,True,True,True,0.1,3,0.1,0.04
11,63.63636363636363,7.018415514023096,-6.0,2.0470378582567363,10.547479758068734,130.26604552542867,20,1.5,9,3,3,20,85,2.0,1.8,2.5,True,True,True,True,0.1,3,0.1,0.04
11,63.63636363636363,7.018415514023096,-6.0,2.0470378582567363,10.547479758068734,130.26604552542867,20,1.5,9,3,3,25,85,2.0,1.8,2.5,True,True,True,True,0.1,3,0.1,0.04
11,63.63636363636363,7.018415514023096,-6.0,2.0470378582567363,9.304824841816961,130.26604552542867,20,1.5,9,3,3,15,85,2.0,0.8,2.5,True,True,True,True,0.1,3,0.1,0.04
11,63.63636363636363,7.018415514023096,-6.0,2.0470378582567363,9.304824841816961,130.26604552542867,20,1.5,9,3,3,20,85,2.0,0.8,2.5,True,True,True,True,0.1,3,0.1,0.04
11,63.63636363636363,7.018415514023096,-6.0,2.0470378582567363,9.304824841816961,130.26604552542867,20,1.5,9,3,3,25,85,2.0,0.8,2.5,True,True,True,True,0.1,3,0.1,0.04
10,60.0,8.258397525131905,-2.9999999999999964,4.129198762565958,11.981887091137544,247.75192575395747,14,1.5,9,3,3,15,85,1.0,1.8,2.5,True,True,True,True,0.1,3,0.1,0.04
10,60.0,8.258397525131905,-2.9999999999999964,4.129198762565958,11.981887091137544,247.75192575395747,14,1.5,9,3,3,20,85,1.0,1.8,2.5,True,True,True,True,0.1,3,0.1,0.04
10,60.0,8.258397525131905,-2.9999999999999964,4.129198762565958,11.981887091137544,247.75192575395747,14,1.5,9,3,3,25,85,1.0,1.8,2.5,True,True,True,True,0.1,3,0.1,0.04
10,60.0,8.258397525131905,-2.9999999999999964,4.129198762565958,11.022419083401891,247.75192575395747,14,1.5,9,3,3,15,85,1.0,1.2,2.5,True,True,True,True,0.1,3,0.1,0.04
10,60.0,8.258397525131905,-2.9999999999999964,4.129198762565958,11.022419083401891,247.75192575395747,14,1.5,9,3,3,20,85,1.0,1.2,2.5,True,True,True,True,0.1,3,0.1,0.04
10,60.0,8.258397525131905,-2.9999999999999964,4.129198762565958,11.022419083401891,247.75192575395747,14,1.5,9,3,3,25,85,1.0,1.2,2.5,True,True,True,True,0.1,3,0.1,0.04
10,60.0,8.258397525131905,-2.9999999999999964,4.129198762565958,9.457690162176435,247.75192575395747,14,1.5,9,3,3,15,85,1.0,0.8,2.5,True,True,True,True,0.1,3,0.1,0.04
10,60.0,8.258397525131905,-2.9999999999999964,4.129198762565958,9.457690162176435,247.75192575395747,14,1.5,9,3,3,20,85,1.0,0.8,2.5,True,True,True,True,0.1,3,0.1,0.04
10,60.0,8.258397525131905,-2.9999999999999964,4.129198762565958,9.457690162176435,247.75192575395747,14,1.5,9,3,3,25,85,1.0,0.8,2.5,True,True,True,True,0.1,3,0.1,0.04
10,60.0,7.499999999999996,-2.9999999999999964,3.750000000000002,9.317582948896575,225.00000000000014,14,1.5,9,3,3,15,85,1.0,1.8,2.5,False,True,True,True,0.1,3,0.1,0.04
10,60.0,7.499999999999996,-2.9999999999999964,3.750000000000002,9.317582948896575,225.00000000000014,14,1.5,9,3,3,20,85,1.0,1.8,2.5,False,True,True,True,0.1,3,0.1,0.04
10,60.0,7.499999999999996,-2.9999999999999964,3.750000000000002,9.317582948896575,225.00000000000014,14,1.5,9,3,3,25,85,1.0,1.8,2.5,False,True,True,True,0.1,3,0.1,0.04
10,60.0,7.499999999999996,-2.9999999999999964,3.750000000000002,8.374094308633095,225.00000000000014,14,1.5,9,3,3,15,85,1.0,1.2,2.5,False,True,True,True,0.1,3,0.1,0.04
10,60.0,7.499999999999996,-2.9999999999999964,3.750000000000002,8.374094308633095,225.00000000000014,14,1.5,9,3,3,20,85,1.0,1.2,2.5,False,True,True,True,0.1,3,0.1,0.04
10,60.0,7.499999999999996,-2.9999999999999964,3.750000000000002,8.374094308633095,225.00000000000014,14,1.5,9,3,3,25,85,1.0,1.2,2.5,False,True,True,True,0.1,3,0.1,0.04
10,60.0,7.499999999999996,-2.9999999999999964,3.750000000000002,6.842169530174136,225.00000000000014,14,1.5,9,3,3,15,85,1.0,0.8,2.5,False,True,True,True,0.1,3,0.1,0.04
10,60.0,7.499999999999996,-2.9999999999999964,3.750000000000002,6.842169530174136,225.00000000000014,14,1.5,9,3,3,20,85,1.0,0.8,2.5,False,True,True,True,0.1,3,0.1,0.04
10,60.0,7.499999999999996,-2.9999999999999964,3.750000000000002,6.842169530174136,225.00000000000014,14,1.5,9,3,3,25,85,1.0,0.8,2.5,False,True,True,True,0.1,3,0.1,0.04
10,60.0,8.258397525131905,-4.499999999999988,2.7527991750439758,10.215208519521447,165.16795050263855,14,1.5,9,3,3,15,85,1.5,1.8,2.5,True,True,True,True,0.1,3,0.1,0.04
10,60.0,8.258397525131905,-4.499999999999988,2.7527991750439758,10.215208519521447,165.16795050263855,14,1.5,9,3,3,20,85,1.5,1.8,2.5,True,True,True,True,0.1,3,0.1,0.04
10,60.0,8.258397525131905,-4.499999999999988,2.7527991750439758,10.215208519521447,165.16795050263855,14,1.5,9,3,3,25,85,1.5,1.8,2.5,True,True,True,True,0.1,3,0.1,0.04
10,60.0,8.258397525131905,-4.499999999999988,2.7527991750439758,9.52199882077418,165.16795050263855,14,1.5,9,3,3,15,85,1.5,1.2,2.5,True,True,True,True,0.1,3,0.1,0.04
10,60.0,8.258397525131905,-4.499999999999988,2.7527991750439758,9.52199882077418,165.16795050263855,14,1.5,9,3,3,20,85,1.5,1.2,2.5,True,True,True,True,0.1,3,0.1,0.04
10,60.0,8.258397525131905,-4.499999999999988,2.7527991750439758,9.52199882077418,165.16795050263855,14,1.5,9,3,3,25,85,1.5,1.2,2.5,True,True,True,True,0.1,3,0.1,0.04
10,60.0,8.258397525131905,-4.499999999999988,2.7527991750439758,7.977539522125543,165.16795050263855,14,1.5,9,3,3,15,85,1.5,0.8,2.5,True,True,True,True,0.1,3,0.1,0.04
10,60.0,8.258397525131905,-4.499999999999988,2.7527991750439758,7.977539522125543,165.16795050263855,14,1.5,9,3,3,20,85,1.5,0.8,2.5,True,True,True,True,0.1,3,0.1,0.04
10,60.0,8.258397525131905,-4.499999999999988,2.7527991750439758,7.977539522125543,165.16795050263855,14,1.5,9,3,3,25,85,1.5,0.8,2.5,True,True,True,True,0.1,3,0.1,0.04
10,60.0,7.499999999999996,-4.499999999999988,2.5000000000000053,7.5929376842610585,150.0000000000003,14,1.5,9,3,3,15,85,1.5,1.8,2.5,False,True,True,True,0.1,3,0.1,0.04
10,60.0,7.499999999999996,-4.499999999999988,2.5000000000000053,7.5929376842610585,150.0000000000003,14,1.5,9,3,3,20,85,1.5,1.8,2.5,False,True,True,True,0.1,3,0.1,0.04
10,60.0,7.499999999999996,-4.499999999999988,2.5000000000000053,7.5929376842610585,150.0000000000003,14,1.5,9,3,3,25,85,1.5,1.8,2.5,False,True,True,True,0.1,3,0.1,0.04
10,60.0,7.499999999999996,-4.499999999999988,2.5000000000000053,6.9094650167560445,150.0000000000003,14,1.5,9,3,3,15,85,1.5,1.2,2.5,False,True,True,True,0.1,3,0.1,0.04
10,60.0,7.499999999999996,-4.499999999999988,2.5000000000000053,6.9094650167560445,150.0000000000003,14,1.5,9,3,3,20,85,1.5,1.2,2.5,False,True,True,True,0.1,3,0.1,0.04
10,60.0,7.499999999999996,-4.499999999999988,2.5000000000000053,6.9094650167560445,150.0000000000003,14,1.5,9,3,3,25,85,1.5,1.2,2.5,False,True,True,True,0.1,3,0.1,0.04
10,60.0,7.499999999999996,-4.499999999999988,2.5000000000000053,5.397387483520277,150.0000000000003,14,1.5,9,3,3,15,85,1.5,0.8,2.5,False,True,True,True,0.1,3,0.1,0.04
10,60.0,7.499999999999996,-4.499999999999988,2.5000000000000053,5.397387483520277,150.0000000000003,14,1.5,9,3,3,20,85,1.5,0.8,2.5,False,True,True,True,0.1,3,0.1,0.04
10,60.0,7.499999999999996,-4.499999999999988,2.5000000000000053,5.397387483520277,150.0000000000003,14,1.5,9,3,3,25,85,1.5,0.8,2.5,False,True,True,True,0.1,3,0.1,0.04
10,60.0,8.258397525131905,-6.00000000000001,2.0645993812829726,10.3586170959177,123.87596287697835,14,1.5,9,3,3,15,85,2.0,1.8,2.5,True,True,True,True,0.1,3,0.1,0.04
10,60.0,8.258397525131905,-6.00000000000001,2.0645993812829726,10.3586170959177,123.87596287697835,14,1.5,9,3,3,20,85,2.0,1.8,2.5,True,True,True,True,0.1,3,0.1,0.04
10,60.0,8.258397525131905,-6.00000000000001,2.0645993812829726,10.3586170959177,123.87596287697835,14,1.5,9,3,3,25,85,2.0,1.8,2.5,True,True,True,True,0.1,3,0.1,0.04
10,60.0,8.258397525131905,-6.00000000000001,2.0645993812829726,9.621101193036608,123.87596287697835,14,1.5,9,3,3,15,85,2.0,1.2,2.5,True,True,True,True,0.1,3,0.1,0.04
10,60.0,8.258397525131905,-6.00000000000001,2.0645993812829726,9.621101193036608,123.87596287697835,14,1.5,9,3,3,20,85,2.0,1.2,2.5,True,True,True,True,0.1,3,0.1,0.04
10,60.0,8.258397525131905,-6.00000000000001,2.0645993812829726,9.621101193036608,123.87596287697835,14,1.5,9,3,3,25,85,2.0,1.2,2.5,True,True,True,True,0.1,3,0.1,0.04
10,60.0,8.258397525131905,-6.00000000000001,2.0645993812829726,7.879052725137159,123.87596287697835,14,1.5,9,3,3,15,85,2.0,0.8,2.5,True,True,True,True,0.1,3,0.1,0.04
10,60.0,8.258397525131905,-6.00000000000001,2.0645993812829726,7.879052725137159,123.87596287697835,14,1.5,9,3,3,20,85,2.0,0.8,2.5,True,True,True,True,0.1,3,0.1,0.04
10,60.0,8.258397525131905,-6.00000000000001,2.0645993812829726,7.879052725137159,123.87596287697835,14,1.5,9,3,3,25,85,2.0,0.8,2.5,True,True,True,True,0.1,3,0.1,0.04
15,60.0,7.499999999999992,-5.999999999999999,1.8749999999999984,11.819982530385854,112.4999999999999,20,1.5,9,3,3,15,85,2.0,1.8,2.5,False,False,True,True,0.1,3,0.1,0.04
15,60.0,7.499999999999992,-5.999999999999999,1.8749999999999984,11.819982530385854,112.4999999999999,20,1.5,9,3,3,20,85,2.0,1.8,2.5,False,False,True,True,0.1,3,0.1,0.04
15,60.0,7.499999999999992,-5.999999999999999,1.8749999999999984,11.819982530385854,112.4999999999999,20,1.5,9,3,3,25,85,2.0,1.8,2.5,False,False,True,True,0.1,3,0.1,0.04
15,60.0,7.499999999999992,-5.999999999999999,1.8749999999999984,9.88741478370918,112.4999999999999,20,1.5,9,3,3,15,85,2.0,1.2,2.5,False,False,True,True,0.1,3,0.1,0.04
15,60.0,7.499999999999992,-5.999999999999999,1.8749999999999984,9.88741478370918,112.4999999999999,20,1.5,9,3,3,20,85,2.0,1.2,2.5,False,False,True,True,0.1,3,0.1,0.04
15,60.0,7.499999999999992,-5.999999999999999,1.8749999999999984,9.88741478370918,112.4999999999999,20,1.5,9,3,3,25,85,2.0,1.2,2.5,False,False,True,True,0.1,3,0.1,0.04
15,60.0,7.499999999999992,-5.999999999999999,1.8749999999999984,7.36870478985554,112.4999999999999,20,1.5,9,3,3,15,85,2.0,0.8,2.5,False,False,True,True,0.1,3,0.1,0.04
15,60.0,7.499999999999992,-5.999999999999999,1.8749999999999984,7.36870478985554,112.4999999999999,20,1.5,9,3,3,20,85,2.0,0.8,2.5,False,False,True,True,0.1,3,0.1,0.04
15,60.0,7.499999999999992,-5.999999999999999,1.8749999999999984,7.36870478985554,112.4999999999999,20,1.5,9,3,3,25,85,2.0,0.8,2.5,False,False,True,True,0.1,3,0.1,0.04
10,60.0,7.499999999999996,-6.00000000000001,1.8749999999999958,7.732934243999523,112.49999999999974,14,1.5,9,3,3,15,85,2.0,1.8,2.5,False,True,True,True,0.1,3,0.1,0.04
10,60.0,7.499999999999996,-6.00000000000001,1.8749999999999958,7.732934243999523,112.49999999999974,14,1.5,9,3,3,20,85,2.0,1.8,2.5,False,True,True,True,0.1,3,0.1,0.04
10,60.0,7.499999999999996,-6.00000000000001,1.8749999999999958,7.732934243999523,112.49999999999974,14,1.5,9,3,3,25,85,2.0,1.8,2.5,False,True,True,True,0.1,3,0.1,0.04
10,60.0,7.499999999999996,-6.00000000000001,1.8749999999999958,7.006203404610001,112.49999999999974,14,1.5,9,3,3,15,85,2.0,1.2,2.5,False,True,True,True,0.1,3,0.1,0.04
10,60.0,7.499999999999996,-6.00000000000001,1.8749999999999958,7.006203404610001,112.49999999999974,14,1.5,9,3,3,20,85,2.0,1.2,2.5,False,True,True,True,0.1,3,0.1,0.04
10,60.0,7.499999999999996,-6.00000000000001,1.8749999999999958,7.006203404610001,112.49999999999974,14,1.5,9,3,3,25,85,2.0,1.2,2.5,False,True,True,True,0.1,3,0.1,0.04
10,60.0,7.499999999999996,-6.00000000000001,1.8749999999999958,5.30125405475228,112.49999999999974,14,1.5,9,3,3,15,85,2.0,0.8,2.5,False,True,True,True,0.1,3,0.1,0.04
10,60.0,7.499999999999996,-6.00000000000001,1.8749999999999958,5.30125405475228,112.49999999999974,14,1.5,9,3,3,20,85,2.0,0.8,2.5,False,True,True,True,0.1,3,0.1,0.04
10,60.0,7.499999999999996,-6.00000000000001,1.8749999999999958,5.30125405475228,112.49999999999974,14,1.5,9,3,3,25,85,2.0,0.8,2.5,False,True,True,True,0.1,3,0.1,0.04
15,60.0,7.125434288684624,-5.999999999999999,1.7813585721711567,12.589428577727112,106.8815143302694,20,1.5,9,3,3,15,85,2.0,1.8,2.5,True,False,True,True,0.1,3,0.1,0.04
15,60.0,7.125434288684624,-5.999999999999999,1.7813585721711567,12.589428577727112,106.8815143302694,20,1.5,9,3,3,20,85,2.0,1.8,2.5,True,False,True,True,0.1,3,0.1,0.04
15,60.0,7.125434288684624,-5.999999999999999,1.7813585721711567,12.589428577727112,106.8815143302694,20,1.5,9,3,3,25,85,2.0,1.8,2.5,True,False,True,True,0.1,3,0.1,0.04
15,60.0,7.125434288684624,-5.999999999999999,1.7813585721711567,12.418154487579102,106.8815143302694,20,1.5,9,3,3,15,85,2.0,1.2,2.5,True,False,True,True,0.1,3,0.1,0.04
15,60.0,7.125434288684624,-5.999999999999999,1.7813585721711567,12.418154487579102,106.8815143302694,20,1.5,9,3,3,20,85,2.0,1.2,2.5,True,False,True,True,0.1,3,0.1,0.04
15,60.0,7.125434288684624,-5.999999999999999,1.7813585721711567,12.418154487579102,106.8815143302694,20,1.5,9,3,3,25,85,2.0,1.2,2.5,True,False,True,True,0.1,3,0.1,0.04
15,60.0,7.125434288684624,-5.999999999999999,1.7813585721711567,9.845815530149649,106.8815143302694,20,1.5,9,3,3,15,85,2.0,0.8,2.5,True,False,True,True,0.1,3,0.1,0.04
15,60.0,7.125434288684624,-5.999999999999999,1.7813585721711567,9.845815530149649,106.8815143302694,20,1.5,9,3,3,20,85,2.0,0.8,2.5,True,False,True,True,0.1,3,0.1,0.04
15,60.0,7.125434288684624,-5.999999999999999,1.7813585721711567,9.845815530149649,106.8815143302694,20,1.5,9,3,3,25,85,2.0,0.8,2.5,True,False,True,True,0.1,3,0.1,0.04
12,58.333333333333336,7.499999999999992,-6.0000000000000115,1.749999999999995,7.78910043403469,102.08333333333304,25,1.5,9,3,3,15,85,2.0,1.8,2.5,False,False,True,True,0.1,3,0.1,0.04
12,58.333333333333336,7.499999999999992,-6.0000000000000115,1.749999999999995,7.78910043403469,102.08333333333304,25,1.5,9,3,3,20,85,2.0,1.8,2.5,False,False,True,True,0.1,3,0.1,0.04
12,58.333333333333336,7.499999999999992,-6.0000000000000115,1.749999999999995,7.78910043403469,102.08333333333304,25,1.5,9,3,3,25,85,2.0,1.8,2.5,False,False,True,True,0.1,3,0.1,0.04
12,58.333333333333336,7.499999999999992,-6.0000000000000115,1.749999999999995,5.234638522838075,102.08333333333304,25,1.5,9,3,3,15,85,2.0,1.2,2.5,False,False,True,True,0.1,3,0.1,0.04
12,58.333333333333336,7.499999999999992,-6.0000000000000115,1.749999999999995,5.234638522838075,102.08333333333304,25,1.5,9,3,3,20,85,2.0,1.2,2.5,False,False,True,True,0.1,3,0.1,0.04
12,58.333333333333336,7.499999999999992,-6.0000000000000115,1.749999999999995,5.234638522838075,102.08333333333304,25,1.5,9,3,3,25,85,2.0,1.2,2.5,False,False,True,True,0.1,3,0.1,0.04
12,58.333333333333336,7.499999999999992,-6.0000000000000115,1.749999999999995,3.56169982886696,102.08333333333304,25,1.5,9,3,3,15,85,2.0,0.8,2.5,False,False,True,True,0.1,3,0.1,0.04
12,58.333333333333336,7.499999999999992,-6.0000000000000115,1.749999999999995,3.56169982886696,102.08333333333304,25,1.5,9,3,3,20,85,2.0,0.8,2.5,False,False,True,True,0.1,3,0.1,0.04
12,58.333333333333336,7.499999999999992,-6.0000000000000115,1.749999999999995,3.56169982886696,102.08333333333304,25,1.5,9,3,3,25,85,2.0,0.8,2.5,False,False,True,True,0.1,3,0.1,0.04
12,58.333333333333336,7.2283545925712955,-6.0000000000000115,1.6866160715999658,8.701760116421209,98.38593750999802,25,1.5,9,3,3,15,85,2.0,1.8,2.5,True,False,True,True,0.1,3,0.1,0.04
12,58.333333333333336,7.2283545925712955,-6.0000000000000115,1.6866160715999658,8.701760116421209,98.38593750999802,25,1.5,9,3,3,20,85,2.0,1.8,2.5,True,False,True,True,0.1,3,0.1,0.04
12,58.333333333333336,7.2283545925712955,-6.0000000000000115,1.6866160715999658,8.701760116421209,98.38593750999802,25,1.5,9,3,3,25,85,2.0,1.8,2.5,True,False,True,True,0.1,3,0.1,0.04
12,58.333333333333336,7.2283545925712955,-6.0000000000000115,1.6866160715999658,6.968119482275714,98.38593750999802,25,1.5,9,3,3,15,85,2.0,1.2,2.5,True,False,True,True,0.1,3,0.1,0.04
12,58.333333333333336,7.2283545925712955,-6.0000000000000115,1.6866160715999658,6.968119482275714,98.38593750999802,25,1.5,9,3,3,20,85,2.0,1.2,2.5,True,False,True,True,0.1,3,0.1,0.04
12,58.333333333333336,7.2283545925712955,-6.0000000000000115,1.6866160715999658,6.968119482275714,98.38593750999802,25,1.5,9,3,3,25,85,2.0,1.2,2.5,True,False,True,True,0.1,3,0.1,0.04
12,58.333333333333336,7.2283545925712955,-6.0000000000000115,1.6866160715999658,5.270661902688567,98.38593750999802,25,1.5,9,3,3,15,85,2.0,0.8,2.5,True,False,True,True,0.1,3,0.1,0.04
12,58.333333333333336,7.2283545925712955,-6.0000000000000115,1.6866160715999658,5.270661902688567,98.38593750999802,25,1.5,9,3,3,20,85,2.0,0.8,2.5,True,False,True,True,0.1,3,0.1,0.04
12,58.333333333333336,7.2283545925712955,-6.0000000000000115,1.6866160715999658,5.270661902688567,98.38593750999802,25,1.5,9,3,3,25,85,2.0,0.8,2.5,True,False,True,True,0.1,3,0.1,0.04
9,55.55555555555556,7.499999999999998,-6.000000000000011,1.562499999999997,5.713547813090947,86.80555555555539,25,1.5,9,3,3,15,85,2.0,1.8,2.5,False,True,True,True,0.1,3,0.1,0.04
9,55.55555555555556,7.499999999999998,-6.000000000000011,1.562499999999997,5.713547813090947,86.80555555555539,25,1.5,9,3,3,20,85,2.0,1.8,2.5,False,True,True,True,0.1,3,0.1,0.04
9,55.55555555555556,7.499999999999998,-6.000000000000011,1.562499999999997,5.713547813090947,86.80555555555539,25,1.5,9,3,3,25,85,2.0,1.8,2.5,False,True,True,True,0.1,3,0.1,0.04
9,55.55555555555556,7.499999999999998,-6.000000000000011,1.562499999999997,3.757256632053174,86.80555555555539,25,1.5,9,3,3,15,85,2.0,1.2,2.5,False,True,True,True,0.1,3,0.1,0.04
9,55.55555555555556,7.499999999999998,-6.000000000000011,1.562499999999997,3.757256632053174,86.80555555555539,25,1.5,9,3,3,20,85,2.0,1.2,2.5,False,True,True,True,0.1,3,0.1,0.04
9,55.55555555555556,7.499999999999998,-6.000000000000011,1.562499999999997,3.757256632053174,86.80555555555539,25,1.5,9,3,3,25,85,2.0,1.2,2.5,False,True,True,True,0.1,3,0.1,0.04
9,55.55555555555556,7.499999999999998,-6.000000000000011,1.562499999999997,2.4703728623994614,86.80555555555539,25,1.5,9,3,3,15,85,2.0,0.8,2.5,False,True,True,True,0.1,3,0.1,0.04
9,55.55555555555556,7.499999999999998,-6.000000000000011,1.562499999999997,2.4703728623994614,86.80555555555539,25,1.5,9,3,3,20,85,2.0,0.8,2.5,False,True,True,True,0.1,3,0.1,0.04
9,55.55555555555556,7.499999999999998,-6.000000000000011,1.562499999999997,2.4703728623994614,86.80555555555539,25,1.5,9,3,3,25,85,2.0,0.8,2.5,False,True,True,True,0.1,3,0.1,0.04
9,55.55555555555556,7.119696429599823,-6.000000000000011,1.4832700894999604,6.608633611029213,82.40389386110891,25,1.5,9,3,3,15,85,2.0,1.8,2.5,True,True,True,True,0.1,3,0.1,0.04
9,55.55555555555556,7.119696429599823,-6.000000000000011,1.4832700894999604,6.608633611029213,82.40389386110891,25,1.5,9,3,3,20,85,2.0,1.8,2.5,True,True,True,True,0.1,3,0.1,0.04
9,55.55555555555556,7.119696429599823,-6.000000000000011,1.4832700894999604,6.608633611029213,82.40389386110891,25,1.5,9,3,3,25,85,2.0,1.8,2.5,True,True,True,True,0.1,3,0.1,0.04
9,55.55555555555556,7.119696429599823,-6.000000000000011,1.4832700894999604,5.466401370894336,82.40389386110891,25,1.5,9,3,3,15,85,2.0,1.2,2.5,True,True,True,True,0.1,3,0.1,0.04
9,55.55555555555556,7.119696429599823,-6.000000000000011,1.4832700894999604,5.466401370894336,82.40389386110891,25,1.5,9,3,3,20,85,2.0,1.2,2.5,True,True,True,True,0.1,3,0.1,0.04
9,55.55555555555556,7.119696429599823,-6.000000000000011,1.4832700894999604,5.466401370894336,82.40389386110891,25,1.5,9,3,3,25,85,2.0,1.2,2.5,True,True,True,True,0.1,3,0.1,0.04
9,55.55555555555556,7.119696429599823,-6.000000000000011,1.4832700894999604,4.1613259966332805,82.40389386110891,25,1.5,9,3,3,15,85,2.0,0.8,2.5,True,True,True,True,0.1,3,0.1,0.04
9,55.55555555555556,7.119696429599823,-6.000000000000011,1.4832700894999604,4.1613259966332805,82.40389386110891,25,1.5,9,3,3,20,85,2.0,0.8,2.5,True,True,True,True,0.1,3,0.1,0.04
9,55.55555555555556,7.119696429599823,-6.000000000000011,1.4832700894999604,4.1613259966332805,82.40389386110891,25,1.5,9,3,3,25,85,2.0,0.8,2.5,True,True,True,True,0.1,3,0.1,0.04
13,53.84615384615385,8.189087510886612,-2.9999999999999987,3.1846451431225726,12.459057278529627,171.48089232198467,14,1.5,9,3,3,15,75,1.0,1.8,2.5,True,True,True,True,0.1,3,0.1,0.04
13,53.84615384615385,8.189087510886612,-2.9999999999999987,3.1846451431225726,12.459057278529627,171.48089232198467,14,1.5,9,3,3,15,80,1.0,1.8,2.5,True,True,True,True,0.1,3,0.1,0.04
13,53.84615384615385,8.189087510886612,-2.9999999999999987,3.1846451431225726,12.459057278529627,171.48089232198467,14,1.5,9,3,3,20,75,1.0,1.8,2.5,True,True,True,True,0.1,3,0.1,0.04
13,53.84615384615385,8.189087510886612,-2.9999999999999987,3.1846451431225726,12.459057278529627,171.48089232198467,14,1.5,9,3,3,20,80,1.0,1.8,2.5,True,True,True,True,0.1,3,0.1,0.04
13,53.84615384615385,8.189087510886612,-2.9999999999999987,3.1846451431225726,12.459057278529627,171.48089232198467,14,1.5,9,3,3,25,75,1.0,1.8,2.5,True,True,True,True,0.1,3,0.1,0.04
13,53.84615384615385,8.189087510886612,-2.9999999999999987,3.1846451431225726,12.459057278529627,171.48089232198467,14,1.5,9,3,3,25,80,1.0,1.8,2.5,True,True,True,True,0.1,3,0.1,0.04
13,53.84615384615385,8.189087510886612,-2.9999999999999987,3.1846451431225726,12.077532189051453,171.48089232198467,14,1.5,9,3,3,15,75,1.0,1.2,2.5,True,True,True,True,0.1,3,0.1,0.04
13,53.84615384615385,8.189087510886612,-2.9999999999999987,3.1846451431225726,12.077532189051453,171.48089232198467,14,1.5,9,3,3,15,80,1.0,1.2,2.5,True,True,True,True,0.1,3,0.1,0.04
13,53.84615384615385,8.189087510886612,-2.9999999999999987,3.1846451431225726,12.077532189051453,171.48089232198467,14,1.5,9,3,3,20,75,1.0,1.2,2.5,True,True,True,True,0.1,3,0.1,0.04
13,53.84615384615385,8.189087510886612,-2.9999999999999987,3.1846451431225726,12.077532189051453,171.48089232198467,14,1.5,9,3,3,20,80,1.0,1.2,2.5,True,True,True,True,0.1,3,0.1,0.04
13,53.84615384615385,8.189087510886612,-2.9999999999999987,3.1846451431225726,12.077532189051453,171.48089232198467,14,1.5,9,3,3,25,75,1.0,1.2,2.5,True,True,True,True,0.1,3,0.1,0.04
13,53.84615384615385,8.189087510886612,-2.9999999999999987,3.1846451431225726,12.077532189051453,171.48089232198467,14,1.5,9,3,3,25,80,1.0,1.2,2.5,True,True,True,True,0.1,3,0.1,0.04
13,53.84615384615385,8.189087510886612,-2.9999999999999987,3.1846451431225726,10.304507722616908,171.48089232198467,14,1.5,9,3,3,15,75,1.0,0.8,2.5,True,True,True,True,0.1,3,0.1,0.04
13,53.84615384615385,8.189087510886612,-2.9999999999999987,3.1846451431225726,10.304507722616908,171.48089232198467,14,1.5,9,3,3,15,80,1.0,0.8,2.5,True,True,True,True,0.1,3,0.1,0.04
13,53.84615384615385,8.189087510886612,-2.9999999999999987,3.1846451431225726,10.304507722616908,171.48089232198467,14,1.5,9,3,3,20,75,1.0,0.8,2.5,True,True,True,True,0.1,3,0.1,0.04
13,53.84615384615385,8.189087510886612,-2.9999999999999987,3.1846451431225726,10.304507722616908,171.48089232198467,14,1.5,9,3,3,20,80,1.0,0.8,2.5,True,True,True,True,0.1,3,0.1,0.04
13,53.84615384615385,8.189087510886612,-2.9999999999999987,3.1846451431225726,10.304507722616908,171.48089232198467,14,1.5,9,3,3,25,75,1.0,0.8,2.5,True,True,True,True,0.1,3,0.1,0.04
13,53.84615384615385,8.189087510886612,-2.9999999999999987,3.1846451431225726,10.304507722616908,171.48089232198467,14,1.5,9,3,3,25,80,1.0,0.8,2.5,True,True,True,True,0.1,3,0.1,0.04
13,53.84615384615385,7.499999999999993,-2.9999999999999987,2.916666666666665,9.357370792820486,157.051282051282,14,1.5,9,3,3,15,75,1.0,1.8,2.5,False,True,True,True,0.1,3,0.1,0.04
13,53.84615384615385,7.499999999999993,-2.9999999999999987,2.916666666666665,9.357370792820486,157.051282051282,14,1.5,9,3,3,15,80,1.0,1.8,2.5,False,True,True,True,0.1,3,0.1,0.04
13,53.84615384615385,7.499999999999993,-2.9999999999999987,2.916666666666665,9.357370792820486,157.051282051282,14,1.5,9,3,3,20,75,1.0,1.8,2.5,False,True,True,True,0.1,3,0.1,0.04
13,53.84615384615385,7.499999999999993,-2.9999999999999987,2.916666666666665,9.357370792820486,157.051282051282,14,1.5,9,3,3,20,80,1.0,1.8,2.5,False,True,True,True,0.1,3,0.1,0.04
13,53.84615384615385,7.499999999999993,-2.9999999999999987,2.916666666666665,9.357370792820486,157.051282051282,14,1.5,9,3,3,25,75,1.0,1.8,2.5,False,True,True,True,0.1,3,0.1,0.04
13,53.84615384615385,7.499999999999993,-2.9999999999999987,2.916666666666665,9.357370792820486,157.051282051282,14,1.5,9,3,3,25,80,1.0,1.8,2.5,False,True,True,True,0.1,3,0.1,0.04
13,53.84615384615385,7.499999999999993,-2.9999999999999987,2.916666666666665,8.126273550797091,157.051282051282,14,1.5,9,3,3,15,75,1.0,1.2,2.5,False,True,True,True,0.1,3,0.1,0.04
13,53.84615384615385,7.499999999999993,-2.9999999999999987,2.916666666666665,8.126273550797091,157.051282051282,14,1.5,9,3,3,15,80,1.0,1.2,2.5,False,True,True,True,0.1,3,0.1,0.04
13,53.84615384615385,7.499999999999993,-2.9999999999999987,2.916666666666665,8.126273550797091,157.051282051282,14,1.5,9,3,3,20,75,1.0,1.2,2.5,False,True,True,True,0.1,3,0.1,0.04
13,53.84615384615385,7.499999999999993,-2.9999999999999987,2.916666666666665,8.126273550797091,157.051282051282,14,1.5,9,3,3,20,80,1.0,1.2,2.5,False,True,True,True,0.1,3,0.1,0.04
13,53.84615384615385,7.499999999999993,-2.9999999999999987,2.916666666666665,8.126273550797091,157.051282051282,14,1.5,9,3,3,25,75,1.0,1.2,2.5,False,True,True,True,0.1,3,0.1,0.04
13,53.84615384615385,7.499999999999993,-2.9999999999999987,2.916666666666665,8.126273550797091,157.051282051282,14,1.5,9,3,3,25,80,1.0,1.2,2.5,False,True,True,True,0.1,3,0.1,0.04
13,53.84615384615385,7.499999999999993,-2.9999999999999987,2.916666666666665,6.40904880920401,157.051282051282,14,1.5,9,3,3,15,75,1.0,0.8,2.5,False,True,True,True,0.1,3,0.1,0.04
13,53.84615384615385,7.499999999999993,-2.9999999999999987,2.916666666666665,6.40904880920401,157.051282051282,14,1.5,9,3,3,15,80,1.0,0.8,2.5,False,True,True,True,0.1,3,0.1,0.04
13,53.84615384615385,7.499999999999993,-2.9999999999999987,2.916666666666665,6.40904880920401,157.051282051282,14,1.5,9,3,3,20,75,1.0,0.8,2.5,False,True,True,True,0.1,3,0.1,0.04
13,53.84615384615385,7.499999999999993,-2.9999999999999987,2.916666666666665,6.40904880920401,157.051282051282,14,1.5,9,3,3,20,80,1.0,0.8,2.5,False,True,True,True,0.1,3,0.1,0.04
13,53.84615384615385,7.499999999999993,-2.9999999999999987,2.916666666666665,6.40904880920401,157.051282051282,14,1.5,9,3,3,25,75,1.0,0.8,2.5,False,True,True,True,0.1,3,0.1,0.04
13,53.84615384615385,7.499999999999993,-2.9999999999999987,2.916666666666665,6.40904880920401,157.051282051282,14,1.5,9,3,3,25,80,1.0,0.8,2.5,False,True,True,True,0.1,3,0.1,0.04
13,53.84615384615385,8.189087510886612,-4.499999999999984,2.123096762081722,10.910542367689512,114.3205948813235,14,1.5,9,3,3,15,75,1.5,1.2,2.5,True,True,True,True,0.1,3,0.1,0.04
13,53.84615384615385,8.189087510886612,-4.499999999999984,2.123096762081722,10.910542367689512,114.3205948813235,14,1.5,9,3,3,15,80,1.5,1.2,2.5,True,True,True,True,0.1,3,0.1,0.04
13,53.84615384615385,8.189087510886612,-4.499999999999984,2.123096762081722,10.910542367689512,114.3205948813235,14,1.5,9,3,3,20,75,1.5,1.2,2.5,True,True,True,True,0.1,3,0.1,0.04
13,53.84615384615385,8.189087510886612,-4.499999999999984,2.123096762081722,10.910542367689512,114.3205948813235,14,1.5,9,3,3,20,80,1.5,1.2,2.5,True,True,True,True,0.1,3,0.1,0.04
13,53.84615384615385,8.189087510886612,-4.499999999999984,2.123096762081722,10.910542367689512,114.3205948813235,14,1.5,9,3,3,25,75,1.5,1.2,2.5,True,True,True,True,0.1,3,0.1,0.04
13,53.84615384615385,8.189087510886612,-4.499999999999984,2.123096762081722,10.910542367689512,114.3205948813235,14,1.5,9,3,3,25,80,1.5,1.2,2.5,True,True,True,True,0.1,3,0.1,0.04
13,53.84615384615385,8.189087510886612,-4.499999999999984,2.123096762081722,9.681545301757755,114.3205948813235,14,1.5,9,3,3,15,75,1.5,1.8,2.5,True,True,True,True,0.1,3,0.1,0.04
13,53.84615384615385,8.189087510886612,-4.499999999999984,2.123096762081722,9.681545301757755,114.3205948813235,14,1.5,9,3,3,15,80,1.5,1.8,2.5,True,True,True,True,0.1,3,0.1,0.04
13,53.84615384615385,8.189087510886612,-4.499999999999984,2.123096762081722,9.681545301757755,114.3205948813235,14,1.5,9,3,3,20,75,1.5,1.8,2.5,True,True,True,True,0.1,3,0.1,0.04
13,53.84615384615385,8.189087510886612,-4.499999999999984,2.123096762081722,9.681545301757755,114.3205948813235,14,1.5,9,3,3,20,80,1.5,1.8,2.5,True,True,True,True,0.1,3,0.1,0.04
13,53.84615384615385,8.189087510886612,-4.499999999999984,2.123096762081722,9.681545301757755,114.3205948813235,14,1.5,9,3,3,25,75,1.5,1.8,2.5,True,True,True,True,0.1,3,0.1,0.04
13,53.84615384615385,8.189087510886612,-4.499999999999984,2.123096762081722,9.681545301757755,114.3205948813235,14,1.5,9,3,3,25,80,1.5,1.8,2.5,True,True,True,True,0.1,3,0.1,0.04
13,53.84615384615385,8.189087510886612,-4.499999999999984,2.123096762081722,8.958274320932457,114.3205948813235,14,1.5,9,3,3,15,75,1.5,0.8,2.5,True,True,True,True,0.1,3,0.1,0.04
13,53.84615384615385,8.189087510886612,-4.499999999999984,2.123096762081722,8.958274320932457,114.3205948813235,14,1.5,9,3,3,15,80,1.5,0.8,2.5,True,True,True,True,0.1,3,0.1,0.04
13,53.84615384615385,8.189087510886612,-4.499999999999984,2.123096762081722,8.958274320932457,114.3205948813235,14,1.5,9,3,3,20,75,1.5,0.8,2.5,True,True,True,True,0.1,3,0.1,0.04
13,53.84615384615385,8.189087510886612,-4.499999999999984,2.123096762081722,8.958274320932457,114.3205948813235,14,1.5,9,3,3,20,80,1.5,0.8,2.5,True,True,True,True,0.1,3,0.1,0.04
13,53.84615384615385,8.189087510886612,-4.499999999999984,2.123096762081722,8.958274320932457,114.3205948813235,14,1.5,9,3,3,25,75,1.5,0.8,2.5,True,True,True,True,0.1,3,0.1,0.04
13,53.84615384615385,8.189087510886612,-4.499999999999984,2.123096762081722,8.958274320932457,114.3205948813235,14,1.5,9,3,3,25,80,1.5,0.8,2.5,True,True,True,True,0.1,3,0.1,0.04
13,53.84615384615385,7.499999999999993,-4.499999999999984,1.9444444444444495,7.00042559366385,104.70085470085498,14,1.5,9,3,3,15,75,1.5,1.2,2.5,False,True,True,True,0.1,3,0.1,0.04
13,53.84615384615385,7.499999999999993,-4.499999999999984,1.9444444444444495,7.00042559366385,104.70085470085498,14,1.5,9,3,3,15,80,1.5,1.2,2.5,False,True,True,True,0.1,3,0.1,0.04
13,53.84615384615385,7.499999999999993,-4.499999999999984,1.9444444444444495,7.00042559366385,104.70085470085498,14,1.5,9,3,3,20,75,1.5,1.2,2.5,False,True,True,True,0.1,3,0.1,0.04
13,53.84615384615385,7.499999999999993,-4.499999999999984,1.9444444444444495,7.00042559366385,104.70085470085498,14,1.5,9,3,3,20,80,1.5,1.2,2.5,False,True,True,True,0.1,3,0.1,0.04
13,53.84615384615385,7.499999999999993,-4.499999999999984,1.9444444444444495,7.00042559366385,104.70085470085498,14,1.5,9,3,3,25,75,1.5,1.2,2.5,False,True,True,True,0.1,3,0.1,0.04
13,53.84615384615385,7.499999999999993,-4.499999999999984,1.9444444444444495,7.00042559366385,104.70085470085498,14,1.5,9,3,3,25,80,1.5,1.2,2.5,False,True,True,True,0.1,3,0.1,0.04
13,53.84615384615385,7.499999999999993,-4.499999999999984,1.9444444444444495,6.656464218678937,104.70085470085498,14,1.5,9,3,3,15,75,1.5,1.8,2.5,False,True,True,True,0.1,3,0.1,0.04
13,53.84615384615385,7.499999999999993,-4.499999999999984,1.9444444444444495,6.656464218678937,104.70085470085498,14,1.5,9,3,3,15,80,1.5,1.8,2.5,False,True,True,True,0.1,3,0.1,0.04
13,53.84615384615385,7.499999999999993,-4.499999999999984,1.9444444444444495,6.656464218678937,104.70085470085498,14,1.5,9,3,3,20,75,1.5,1.8,2.5,False,True,True,True,0.1,3,0.1,0.04
13,53.84615384615385,7.499999999999993,-4.499999999999984,1.9444444444444495,6.656464218678937,104.70085470085498,14,1.5,9,3,3,20,80,1.5,1.8,2.5,False,True,True,True,0.1,3,0.1,0.04
13,53.84615384615385,7.499999999999993,-4.499999999999984,1.9444444444444495,6.656464218678937,104.70085470085498,14,1.5,9,3,3,25,75,1.5,1.8,2.5,False,True,True,True,0.1,3,0.1,0.04
13,53.84615384615385,7.499999999999993,-4.499999999999984,1.9444444444444495,6.656464218678937,104.70085470085498,14,1.5,9,3,3,25,80,1.5,1.8,2.5,False,True,True,True,0.1,3,0.1,0.04
13,53.84615384615385,7.499999999999993,-4.499999999999984,1.9444444444444495,5.110358314082575,104.70085470085498,14,1.5,9,3,3,15,75,1.5,0.8,2.5,False,True,True,True,0.1,3,0.1,0.04
13,53.84615384615385,7.499999999999993,-4.499999999999984,1.9444444444444495,5.110358314082575,104.70085470085498,14,1.5,9,3,3,15,80,1.5,0.8,2.5,False,True,True,True,0.1,3,0.1,0.04
13,53.84615384615385,7.499999999999993,-4.499999999999984,1.9444444444444495,5.110358314082575,104.70085470085498,14,1.5,9,3,3,20,75,1.5,0.8,2.5,False,True,True,True,0.1,3,0.1,0.04
13,53.84615384615385,7.499999999999993,-4.499999999999984,1.9444444444444495,5.110358314082575,104.70085470085498,14,1.5,9,3,3,20,80,1.5,0.8,2.5,False,True,True,True,0.1,3,0.1,0.04
13,53.84615384615385,7.499999999999993,-4.499999999999984,1.9444444444444495,5.110358314082575,104.70085470085498,14,1.5,9,3,3,25,75,1.5,0.8,2.5,False,True,True,True,0.1,3,0.1,0.04
13,53.84615384615385,7.499999999999993,-4.499999999999984,1.9444444444444495,5.110358314082575,104.70085470085498,14,1.5,9,3,3,25,80,1.5,0.8,2.5,False,True,True,True,0.1,3,0.1,0.04
13,53.84615384615385,8.189087510886612,-6.000000000000008,1.5923225715612837,10.255260303031722,85.74044616099219,14,1.5,9,3,3,15,75,2.0,1.2,2.5,True,True,True,True,0.1,3,0.1,0.04
13,53.84615384615385,8.189087510886612,-6.000000000000008,1.5923225715612837,10.255260303031722,85.74044616099219,14,1.5,9,3,3,15,80,2.0,1.2,2.5,True,True,True,True,0.1,3,0.1,0.04
13,53.84615384615385,8.189087510886612,-6.000000000000008,1.5923225715612837,10.255260303031722,85.74044616099219,14,1.5,9,3,3,20,75,2.0,1.2,2.5,True,True,True,True,0.1,3,0.1,0.04
13,53.84615384615385,8.189087510886612,-6.000000000000008,1.5923225715612837,10.255260303031722,85.74044616099219,14,1.5,9,3,3,20,80,2.0,1.2,2.5,True,True,True,True,0.1,3,0.1,0.04
13,53.84615384615385,8.189087510886612,-6.000000000000008,1.5923225715612837,10.255260303031722,85.74044616099219,14,1.5,9,3,3,25,75,2.0,1.2,2.5,True,True,True,True,0.1,3,0.1,0.04
13,53.84615384615385,8.189087510886612,-6.000000000000008,1.5923225715612837,10.255260303031722,85.74044616099219,14,1.5,9,3,3,25,80,2.0,1.2,2.5,True,True,True,True,0.1,3,0.1,0.04
13,53.84615384615385,8.189087510886612,-6.000000000000008,1.5923225715612837,8.824222590027375,85.74044616099219,14,1.5,9,3,3,15,75,2.0,1.8,2.5,True,True,True,True,0.1,3,0.1,0.04
13,53.84615384615385,8.189087510886612,-6.000000000000008,1.5923225715612837,8.824222590027375,85.74044616099219,14,1.5,9,3,3,15,80,2.0,1.8,2.5,True,True,True,True,0.1,3,0.1,0.04
13,53.84615384615385,8.189087510886612,-6.000000000000008,1.5923225715612837,8.824222590027375,85.74044616099219,14,1.5,9,3,3,20,75,2.0,1.8,2.5,True,True,True,True,0.1,3,0.1,0.04
13,53.84615384615385,8.189087510886612,-6.000000000000008,1.5923225715612837,8.824222590027375,85.74044616099219,14,1.5,9,3,3,20,80,2.0,1.8,2.5,True,True,True,True,0.1,3,0.1,0.04
13,53.84615384615385,8.189087510886612,-6.000000000000008,1.5923225715612837,8.824222590027375,85.74044616099219,14,1.5,9,3,3,25,75,2.0,1.8,2.5,True,True,True,True,0.1,3,0.1,0.04
13,53.84615384615385,8.189087510886612,-6.000000000000008,1.5923225715612837,8.824222590027375,85.74044616099219,14,1.5,9,3,3,25,80,2.0,1.8,2.5,True,True,True,True,0.1,3,0.1,0.04
13,53.84615384615385,8.189087510886612,-6.000000000000008,1.5923225715612837,8.117459454076803,85.74044616099219,14,1.5,9,3,3,15,75,2.0,0.8,2.5,True,True,True,True,0.1,3,0.1,0.04
13,53.84615384615385,8.189087510886612,-6.000000000000008,1.5923225715612837,8.117459454076803,85.74044616099219,14,1.5,9,3,3,15,80,2.0,0.8,2.5,True,True,True,True,0.1,3,0.1,0.04
13,53.84615384615385,8.189087510886612,-6.000000000000008,1.5923225715612837,8.117459454076803,85.74044616099219,14,1.5,9,3,3,20,75,2.0,0.8,2.5,True,True,True,True,0.1,3,0.1,0.04
13,53.84615384615385,8.189087510886612,-6.000000000000008,1.5923225715612837,8.117459454076803,85.74044616099219,14,1.5,9,3,3,20,80,2.0,0.8,2.5,True,True,True,True,0.1,3,0.1,0.04
13,53.84615384615385,8.189087510886612,-6.000000000000008,1.5923225715612837,8.117459454076803,85.74044616099219,14,1.5,9,3,3,25,75,2.0,0.8,2.5,True,True,True,True,0.1,3,0.1,0.04
13,53.84615384615385,8.189087510886612,-6.000000000000008,1.5923225715612837,8.117459454076803,85.74044616099219,14,1.5,9,3,3,25,80,2.0,0.8,2.5,True,True,True,True,0.1,3,0.1,0.04
13,53.84615384615385,7.646087196375945,-6.000000000000013,1.4867391770730973,8.809972759571426,80.05518645778217,25,1.5,14,3,3,15,85,2.0,1.8,2.5,True,False,True,True,0.1,3,0.1,0.04
13,53.84615384615385,7.646087196375945,-6.000000000000013,1.4867391770730973,8.809972759571426,80.05518645778217,25,1.5,14,3,3,20,85,2.0,1.8,2.5,True,False,True,True,0.1,3,0.1,0.04
13,53.84615384615385,7.646087196375945,-6.000000000000013,1.4867391770730973,8.809972759571426,80.05518645778217,25,1.5,14,3,3,25,85,2.0,1.8,2.5,True,False,True,True,0.1,3,0.1,0.04
13,53.84615384615385,7.646087196375945,-6.000000000000013,1.4867391770730973,8.650807624466971,80.05518645778217,25,1.5,14,3,3,15,85,2.0,1.2,2.5,True,False,True,True,0.1,3,0.1,0.04
13,53.84615384615385,7.646087196375945,-6.000000000000013,1.4867391770730973,8.650807624466971,80.05518645778217,25,1.5,14,3,3,20,85,2.0,1.2,2.5,True,False,True,True,0.1,3,0.1,0.04
13,53.84615384615385,7.646087196375945,-6.000000000000013,1.4867391770730973,8.650807624466971,80.05518645778217,25,1.5,14,3,3,25,85,2.0,1.2,2.5,True,False,True,True,0.1,3,0.1,0.04
13,53.84615384615385,7.646087196375945,-6.000000000000013,1.4867391770730973,6.7370085568917215,80.05518645778217,25,1.5,14,3,3,15,85,2.0,0.8,2.5,True,False,True,True,0.1,3,0.1,0.04
13,53.84615384615385,7.646087196375945,-6.000000000000013,1.4867391770730973,6.7370085568917215,80.05518645778217,25,1.5,14,3,3,20,85,2.0,0.8,2.5,True,False,True,True,0.1,3,0.1,0.04
13,53.84615384615385,7.646087196375945,-6.000000000000013,1.4867391770730973,6.7370085568917215,80.05518645778217,25,1.5,14,3,3,25,85,2.0,0.8,2.5,True,False,True,True,0.1,3,0.1,0.04
13,53.84615384615385,7.499999999999993,-6.000000000000008,1.45833333333333,6.368245294970154,78.52564102564084,14,1.5,9,3,3,15,75,2.0,1.2,2.5,False,True,True,True,0.1,3,0.1,0.04
13,53.84615384615385,7.499999999999993,-6.000000000000008,1.45833333333333,6.368245294970154,78.52564102564084,14,1.5,9,3,3,15,80,2.0,1.2,2.5,False,True,True,True,0.1,3,0.1,0.04
13,53.84615384615385,7.499999999999993,-6.000000000000008,1.45833333333333,6.368245294970154,78.52564102564084,14,1.5,9,3,3,20,75,2.0,1.2,2.5,False,True,True,True,0.1,3,0.1,0.04
13,53.84615384615385,7.499999999999993,-6.000000000000008,1.45833333333333,6.368245294970154,78.52564102564084,14,1.5,9,3,3,20,80,2.0,1.2,2.5,False,True,True,True,0.1,3,0.1,0.04
13,53.84615384615385,7.499999999999993,-6.000000000000008,1.45833333333333,6.368245294970154,78.52564102564084,14,1.5,9,3,3,25,75,2.0,1.2,2.5,False,True,True,True,0.1,3,0.1,0.04
13,53.84615384615385,7.499999999999993,-6.000000000000008,1.45833333333333,6.368245294970154,78.52564102564084,14,1.5,9,3,3,25,80,2.0,1.2,2.5,False,True,True,True,0.1,3,0.1,0.04
13,53.84615384615385,7.499999999999993,-6.000000000000008,1.45833333333333,5.822786968089866,78.52564102564084,14,1.5,9,3,3,15,75,2.0,1.8,2.5,False,True,True,True,0.1,3,0.1,0.04
13,53.84615384615385,7.499999999999993,-6.000000000000008,1.45833333333333,5.822786968089866,78.52564102564084,14,1.5,9,3,3,15,80,2.0,1.8,2.5,False,True,True,True,0.1,3,0.1,0.04
13,53.84615384615385,7.499999999999993,-6.000000000000008,1.45833333333333,5.822786968089866,78.52564102564084,14,1.5,9,3,3,20,75,2.0,1.8,2.5,False,True,True,True,0.1,3,0.1,0.04
13,53.84615384615385,7.499999999999993,-6.000000000000008,1.45833333333333,5.822786968089866,78.52564102564084,14,1.5,9,3,3,20,80,2.0,1.8,2.5,False,True,True,True,0.1,3,0.1,0.04
13,53.84615384615385,7.499999999999993,-6.000000000000008,1.45833333333333,5.822786968089866,78.52564102564084,14,1.5,9,3,3,25,75,2.0,1.8,2.5,False,True,True,True,0.1,3,0.1,0.04
13,53.84615384615385,7.499999999999993,-6.000000000000008,1.45833333333333,5.822786968089866,78.52564102564084,14,1.5,9,3,3,25,80,2.0,1.8,2.5,False,True,True,True,0.1,3,0.1,0.04
13,53.84615384615385,7.499999999999993,-6.000000000000008,1.45833333333333,4.2992372451980065,78.52564102564084,14,1.5,9,3,3,15,75,2.0,0.8,2.5,False,True,True,True,0.1,3,0.1,0.04
13,53.84615384615385,7.499999999999993,-6.000000000000008,1.45833333333333,4.2992372451980065,78.52564102564084,14,1.5,9,3,3,15,80,2.0,0.8,2.5,False,True,True,True,0.1,3,0.1,0.04
13,53.84615384615385,7.499999999999993,-6.000000000000008,1.45833333333333,4.2992372451980065,78.52564102564084,14,1.5,9,3,3,20,75,2.0,0.8,2.5,False,True,True,True,0.1,3,0.1,0.04
13,53.84615384615385,7.499999999999993,-6.000000000000008,1.45833333333333,4.2992372451980065,78.52564102564084,14,1.5,9,3,3,20,80,2.0,0.8,2.5,False,True,True,True,0.1,3,0.1,0.04
13,53.84615384615385,7.499999999999993,-6.000000000000008,1.45833333333333,4.2992372451980065,78.52564102564084,14,1.5,9,3,3,25,75,2.0,0.8,2.5,False,True,True,True,0.1,3,0.1,0.04
13,53.84615384615385,7.499999999999993,-6.000000000000008,1.45833333333333,4.2992372451980065,78.52564102564084,14,1.5,9,3,3,25,80,2.0,0.8,2.5,False,True,True,True,0.1,3,0.1,0.04
13,53.84615384615385,7.499999999999992,-6.000000000000013,1.4583333333333286,5.823260509387063,78.52564102564077,25,1.5,14,3,3,15,85,2.0,1.8,2.5,False,False,True,True,0.1,3,0.1,0.04
13,53.84615384615385,7.499999999999992,-6.000000000000013,1.4583333333333286,5.823260509387063,78.52564102564077,25,1.5,14,3,3,20,85,2.0,1.8,2.5,False,False,True,True,0.1,3,0.1,0.04
13,53.84615384615385,7.499999999999992,-6.000000000000013,1.4583333333333286,5.823260509387063,78.52564102564077,25,1.5,14,3,3,25,85,2.0,1.8,2.5,False,False,True,True,0.1,3,0.1,0.04
13,53.84615384615385,7.499999999999992,-6.000000000000013,1.4583333333333286,4.83089850886278,78.52564102564077,25,1.5,14,3,3,15,85,2.0,1.2,2.5,False,False,True,True,0.1,3,0.1,0.04
13,53.84615384615385,7.499999999999992,-6.000000000000013,1.4583333333333286,4.83089850886278,78.52564102564077,25,1.5,14,3,3,20,85,2.0,1.2,2.5,False,False,True,True,0.1,3,0.1,0.04
13,53.84615384615385,7.499999999999992,-6.000000000000013,1.4583333333333286,4.83089850886278,78.52564102564077,25,1.5,14,3,3,25,85,2.0,1.2,2.5,False,False,True,True,0.1,3,0.1,0.04
13,53.84615384615385,7.499999999999992,-6.000000000000013,1.4583333333333286,2.977891624851514,78.52564102564077,25,1.5,14,3,3,15,85,2.0,0.8,2.5,False,False,True,True,0.1,3,0.1,0.04
13,53.84615384615385,7.499999999999992,-6.000000000000013,1.4583333333333286,2.977891624851514,78.52564102564077,25,1.5,14,3,3,20,85,2.0,0.8,2.5,False,False,True,True,0.1,3,0.1,0.04
13,53.84615384615385,7.499999999999992,-6.000000000000013,1.4583333333333286,2.977891624851514,78.52564102564077,25,1.5,14,3,3,25,85,2.0,0.8,2.5,False,False,True,True,0.1,3,0.1,0.04
15,53.333333333333336,7.499999999999995,-6.000000000000001,1.428571428571427,7.722376828267685,76.19047619047612,20,1.5,9,3,3,15,75,2.0,1.8,2.5,False,True,True,True,0.1,3,0.1,0.04
15,53.333333333333336,7.499999999999995,-6.000000000000001,1.428571428571427,7.722376828267685,76.19047619047612,20,1.5,9,3,3,15,80,2.0,1.8,2.5,False,True,True,True,0.1,3,0.1,0.04
15,53.333333333333336,7.499999999999995,-6.000000000000001,1.428571428571427,7.722376828267685,76.19047619047612,20,1.5,9,3,3,20,75,2.0,1.8,2.5,False,True,True,True,0.1,3,0.1,0.04
15,53.333333333333336,7.499999999999995,-6.000000000000001,1.428571428571427,7.722376828267685,76.19047619047612,20,1.5,9,3,3,20,80,2.0,1.8,2.5,False,True,True,True,0.1,3,0.1,0.04
15,53.333333333333336,7.499999999999995,-6.000000000000001,1.428571428571427,7.722376828267685,76.19047619047612,20,1.5,9,3,3,25,75,2.0,1.8,2.5,False,True,True,True,0.1,3,0.1,0.04
15,53.333333333333336,7.499999999999995,-6.000000000000001,1.428571428571427,7.722376828267685,76.19047619047612,20,1.5,9,3,3,25,80,2.0,1.8,2.5,False,True,True,True,0.1,3,0.1,0.04
15,53.333333333333336,7.499999999999995,-6.000000000000001,1.428571428571427,7.698774743195713,76.19047619047612,20,1.5,9,3,3,15,75,2.0,1.2,2.5,False,True,True,True,0.1,3,0.1,0.04
15,53.333333333333336,7.499999999999995,-6.000000000000001,1.428571428571427,7.698774743195713,76.19047619047612,20,1.5,9,3,3,15,80,2.0,1.2,2.5,False,True,True,True,0.1,3,0.1,0.04
15,53.333333333333336,7.499999999999995,-6.000000000000001,1.428571428571427,7.698774743195713,76.19047619047612,20,1.5,9,3,3,20,75,2.0,1.2,2.5,False,True,True,True,0.1,3,0.1,0.04
15,53.333333333333336,7.499999999999995,-6.000000000000001,1.428571428571427,7.698774743195713,76.19047619047612,20,1.5,9,3,3,20,80,2.0,1.2,2.5,False,True,True,True,0.1,3,0.1,0.04
15,53.333333333333336,7.499999999999995,-6.000000000000001,1.428571428571427,7.698774743195713,76.19047619047612,20,1.5,9,3,3,25,75,2.0,1.2,2.5,False,True,True,True,0.1,3,0.1,0.04
15,53.333333333333336,7.499999999999995,-6.000000000000001,1.428571428571427,7.698774743195713,76.19047619047612,20,1.5,9,3,3,25,80,2.0,1.2,2.5,False,True,True,True,0.1,3,0.1,0.04
15,53.333333333333336,7.499999999999995,-6.000000000000001,1.428571428571427,5.22633625943405,76.19047619047612,20,1.5,9,3,3,15,75,2.0,0.8,2.5,False,True,True,True,0.1,3,0.1,0.04
15,53.333333333333336,7.499999999999995,-6.000000000000001,1.428571428571427,5.22633625943405,76.19047619047612,20,1.5,9,3,3,15,80,2.0,0.8,2.5,False,True,True,True,0.1,3,0.1,0.04
15,53.333333333333336,7.499999999999995,-6.000000000000001,1.428571428571427,5.22633625943405,76.19047619047612,20,1.5,9,3,3,20,75,2.0,0.8,2.5,False,True,True,True,0.1,3,0.1,0.04
15,53.333333333333336,7.499999999999995,-6.000000000000001,1.428571428571427,5.22633625943405,76.19047619047612,20,1.5,9,3,3,20,80,2.0,0.8,2.5,False,True,True,True,0.1,3,0.1,0.04
15,53.333333333333336,7.499999999999995,-6.000000000000001,1.428571428571427,5.22633625943405,76.19047619047612,20,1.5,9,3,3,25,75,2.0,0.8,2.5,False,True,True,True,0.1,3,0.1,0.04
15,53.333333333333336,7.499999999999995,-6.000000000000001,1.428571428571427,5.22633625943405,76.19047619047612,20,1.5,9,3,3,25,80,2.0,0.8,2.5,False,True,True,True,0.1,3,0.1,0.04
15,53.333333333333336,7.112767002947066,-6.000000000000001,1.3548127624661075,11.481133717413062,72.25668066485908,20,1.5,9,3,3,15,75,2.0,1.2,2.5,True,True,True,True,0.1,3,0.1,0.04
15,53.333333333333336,7.112767002947066,-6.000000000000001,1.3548127624661075,11.481133717413062,72.25668066485908,20,1.5,9,3,3,15,80,2.0,1.2,2.5,True,True,True,True,0.1,3,0.1,0.04
15,53.333333333333336,7.112767002947066,-6.000000000000001,1.3548127624661075,11.481133717413062,72.25668066485908,20,1.5,9,3,3,20,75,2.0,1.2,2.5,True,True,True,True,0.1,3,0.1,0.04
15,53.333333333333336,7.112767002947066,-6.000000000000001,1.3548127624661075,11.481133717413062,72.25668066485908,20,1.5,9,3,3,20,80,2.0,1.2,2.5,True,True,True,True,0.1,3,0.1,0.04
15,53.333333333333336,7.112767002947066,-6.000000000000001,1.3548127624661075,11.481133717413062,72.25668066485908,20,1.5,9,3,3,25,75,2.0,1.2,2.5,True,True,True,True,0.1,3,0.1,0.04
15,53.333333333333336,7.112767002947066,-6.000000000000001,1.3548127624661075,11.481133717413062,72.25668066485908,20,1.5,9,3,3,25,80,2.0,1.2,2.5,True,True,True,True,0.1,3,0.1,0.04
15,53.333333333333336,7.112767002947066,-6.000000000000001,1.3548127624661075,8.92846197772943,72.25668066485908,20,1.5,9,3,3,15,75,2.0,0.8,2.5,True,True,True,True,0.1,3,0.1,0.04
15,53.333333333333336,7.112767002947066,-6.000000000000001,1.3548127624661075,8.92846197772943,72.25668066485908,20,1.5,9,3,3,15,80,2.0,0.8,2.5,True,True,True,True,0.1,3,0.1,0.04
15,53.333333333333336,7.112767002947066,-6.000000000000001,1.3548127624661075,8.92846197772943,72.25668066485908,20,1.5,9,3,3,20,75,2.0,0.8,2.5,True,True,True,True,0.1,3,0.1,0.04
15,53.333333333333336,7.112767002947066,-6.000000000000001,1.3548127624661075,8.92846197772943,72.25668066485908,20,1.5,9,3,3,20,80,2.0,0.8,2.5,True,True,True,True,0.1,3,0.1,0.04
15,53.333333333333336,7.112767002947066,-6.000000000000001,1.3548127624661075,8.92846197772943,72.25668066485908,20,1.5,9,3,3,25,75,2.0,0.8,2.5,True,True,True,True,0.1,3,0.1,0.04
15,53.333333333333336,7.112767002947066,-6.000000000000001,1.3548127624661075,8.92846197772943,72.25668066485908,20,1.5,9,3,3,25,80,2.0,0.8,2.5,True,True,True,True,0.1,3,0.1,0.04
15,53.333333333333336,7.112767002947066,-6.000000000000001,1.3548127624661075,8.886174355058873,72.25668066485908,20,1.5,9,3,3,15,75,2.0,1.8,2.5,True,True,True,True,0.1,3,0.1,0.04
15,53.333333333333336,7.112767002947066,-6.000000000000001,1.3548127624661075,8.886174355058873,72.25668066485908,20,1.5,9,3,3,15,80,2.0,1.8,2.5,True,True,True,True,0.1,3,0.1,0.04
15,53.333333333333336,7.112767002947066,-6.000000000000001,1.3548127624661075,8.886174355058873,72.25668066485908,20,1.5,9,3,3,20,75,2.0,1.8,2.5,True,True,True,True,0.1,3,0.1,0.04
15,53.333333333333336,7.112767002947066,-6.000000000000001,1.3548127624661075,8.886174355058873,72.25668066485908,20,1.5,9,3,3,20,80,2.0,1.8,2.5,True,True,True,True,0.1,3,0.1,0.04
15,53.333333333333336,7.112767002947066,-6.000000000000001,1.3548127624661075,8.886174355058873,72.25668066485908,20,1.5,9,3,3,25,75,2.0,1.8,2.5,True,True,True,True,0.1,3,0.1,0.04
15,53.333333333333336,7.112767002947066,-6.000000000000001,1.3548127624661075,8.886174355058873,72.25668066485908,20,1.5,9,3,3,25,80,2.0,1.8,2.5,True,True,True,True,0.1,3,0.1,0.04
14,50.0,8.150055021541629,-2.999999999999999,2.7166850071805437,10.987127884776783,135.83425035902718,14,1.5,9,3,3,15,85,1.0,1.8,2.5,True,False,True,True,0.1,3,0.1,0.04
14,50.0,8.150055021541629,-2.999999999999999,2.7166850071805437,10.987127884776783,135.83425035902718,14,1.5,9,3,3,20,85,1.0,1.8,2.5,True,False,True,True,0.1,3,0.1,0.04
14,50.0,8.150055021541629,-2.999999999999999,2.7166850071805437,10.987127884776783,135.83425035902718,14,1.5,9,3,3,25,85,1.0,1.8,2.5,True,False,True,True,0.1,3,0.1,0.04
14,50.0,8.150055021541629,-2.999999999999999,2.7166850071805437,9.744694549665667,135.83425035902718,14,1.5,9,3,3,15,85,1.0,1.2,2.5,True,False,True,True,0.1,3,0.1,0.04
14,50.0,8.150055021541629,-2.999999999999999,2.7166850071805437,9.744694549665667,135.83425035902718,14,1.5,9,3,3,20,85,1.0,1.2,2.5,True,False,True,True,0.1,3,0.1,0.04
14,50.0,8.150055021541629,-2.999999999999999,2.7166850071805437,9.744694549665667,135.83425035902718,14,1.5,9,3,3,25,85,1.0,1.2,2.5,True,False,True,True,0.1,3,0.1,0.04
14,50.0,8.150055021541629,-2.999999999999999,2.7166850071805437,8.006386765902306,135.83425035902718,14,1.5,9,3,3,15,85,1.0,0.8,2.5,True,False,True,True,0.1,3,0.1,0.04
14,50.0,8.150055021541629,-2.999999999999999,2.7166850071805437,8.006386765902306,135.83425035902718,14,1.5,9,3,3,20,85,1.0,0.8,2.5,True,False,True,True,0.1,3,0.1,0.04
14,50.0,8.150055021541629,-2.999999999999999,2.7166850071805437,8.006386765902306,135.83425035902718,14,1.5,9,3,3,25,85,1.0,0.8,2.5,True,False,True,True,0.1,3,0.1,0.04
12,50.0,7.545537904235811,-2.999999999999995,2.515179301411941,6.572910103720808,125.75896507059706,14,1.5,14,3,3,15,75,1.0,1.2,2.5,True,True,True,True,0.1,3,0.1,0.04
12,50.0,7.545537904235811,-2.999999999999995,2.515179301411941,6.572910103720808,125.75896507059706,14,1.5,14,3,3,15,80,1.0,1.2,2.5,True,True,True,True,0.1,3,0.1,0.04
12,50.0,7.545537904235811,-2.999999999999995,2.515179301411941,6.572910103720808,125.75896507059706,14,1.5,14,3,3,20,75,1.0,1.2,2.5,True,True,True,True,0.1,3,0.1,0.04
12,50.0,7.545537904235811,-2.999999999999995,2.515179301411941,6.572910103720808,125.75896507059706,14,1.5,14,3,3,20,80,1.0,1.2,2.5,True,True,True,True,0.1,3,0.1,0.04
12,50.0,7.545537904235811,-2.999999999999995,2.515179301411941,6.572910103720808,125.75896507059706,14,1.5,14,3,3,25,75,1.0,1.2,2.5,True,True,True,True,0.1,3,0.1,0.04
12,50.0,7.545537904235811,-2.999999999999995,2.515179301411941,6.572910103720808,125.75896507059706,14,1.5,14,3,3,25,80,1.0,1.2,2.5,True,True,True,True,0.1,3,0.1,0.04
12,50.0,7.545537904235811,-2.999999999999995,2.515179301411941,6.372184117172308,125.75896507059706,14,1.5,14,3,3,15,75,1.0,1.8,2.5,True,True,True,True,0.1,3,0.1,0.04
12,50.0,7.545537904235811,-2.999999999999995,2.515179301411941,6.372184117172308,125.75896507059706,14,1.5,14,3,3,15,80,1.0,1.8,2.5,True,True,True,True,0.1,3,0.1,0.04
12,50.0,7.545537904235811,-2.999999999999995,2.515179301411941,6.372184117172308,125.75896507059706,14,1.5,14,3,3,20,75,1.0,1.8,2.5,True,True,True,True,0.1,3,0.1,0.04
12,50.0,7.545537904235811,-2.999999999999995,2.515179301411941,6.372184117172308,125.75896507059706,14,1.5,14,3,3,20,80,1.0,1.8,2.5,True,True,True,True,0.1,3,0.1,0.04
12,50.0,7.545537904235811,-2.999999999999995,2.515179301411941,6.372184117172308,125.75896507059706,14,1.5,14,3,3,25,75,1.0,1.8,2.5,True,True,True,True,0.1,3,0.1,0.04
12,50.0,7.545537904235811,-2.999999999999995,2.515179301411941,6.372184117172308,125.75896507059706,14,1.5,14,3,3,25,80,1.0,1.8,2.5,True,True,True,True,0.1,3,0.1,0.04
12,50.0,7.545537904235811,-2.999999999999995,2.515179301411941,5.257888400274258,125.75896507059706,14,1.5,14,3,3,15,75,1.0,0.8,2.5,True,True,True,True,0.1,3,0.1,0.04
12,50.0,7.545537904235811,-2.999999999999995,2.515179301411941,5.257888400274258,125.75896507059706,14,1.5,14,3,3,15,80,1.0,0.8,2.5,True,True,True,True,0.1,3,0.1,0.04
12,50.0,7.545537904235811,-2.999999999999995,2.515179301411941,5.257888400274258,125.75896507059706,14,1.5,14,3,3,20,75,1.0,0.8,2.5,True,True,True,True,0.1,3,0.1,0.04
12,50.0,7.545537904235811,-2.999999999999995,2.515179301411941,5.257888400274258,125.75896507059706,14,1.5,14,3,3,20,80,1.0,0.8,2.5,True,True,True,True,0.1,3,0.1,0.04
12,50.0,7.545537904235811,-2.999999999999995,2.515179301411941,5.257888400274258,125.75896507059706,14,1.5,14,3,3,25,75,1.0,0.8,2.5,True,True,True,True,0.1,3,0.1,0.04
12,50.0,7.545537904235811,-2.999999999999995,2.515179301411941,5.257888400274258,125.75896507059706,14,1.5,14,3,3,25,80,1.0,0.8,2.5,True,True,True,True,0.1,3,0.1,0.04
10,50.0,7.500000000000002,-2.9999999999999956,2.500000000000004,4.942005204669009,125.0000000000002,14,1.5,14,3,3,15,85,1.0,1.8,2.5,False,True,True,True,0.1,3,0.1,0.04
10,50.0,7.500000000000002,-2.9999999999999956,2.500000000000004,4.942005204669009,125.0000000000002,14,1.5,14,3,3,15,85,1.0,1.8,2.5,True,True,True,True,0.1,3,0.1,0.04
10,50.0,7.500000000000002,-2.9999999999999956,2.500000000000004,4.942005204669009,125.0000000000002,14,1.5,14,3,3,20,85,1.0,1.8,2.5,True,True,True,True,0.1,3,0.1,0.04
10,50.0,7.500000000000002,-2.9999999999999956,2.500000000000004,4.942005204669009,125.0000000000002,14,1.5,14,3,3,20,85,1.0,1.8,2.5,False,True,True,True,0.1,3,0.1,0.04
10,50.0,7.500000000000002,-2.9999999999999956,2.500000000000004,4.942005204669009,125.0000000000002,14,1.5,14,3,3,25,85,1.0,1.8,2.5,False,True,True,True,0.1,3,0.1,0.04
10,50.0,7.500000000000002,-2.9999999999999956,2.500000000000004,4.942005204669009,125.0000000000002,14,1.5,14,3,3,25,85,1.0,1.8,2.5,True,True,True,True,0.1,3,0.1,0.04
10,50.0,7.500000000000002,-2.9999999999999956,2.500000000000004,4.594028301543274,125.0000000000002,14,1.5,14,3,3,15,85,1.0,1.2,2.5,True,True,True,True,0.1,3,0.1,0.04
10,50.0,7.500000000000002,-2.9999999999999956,2.500000000000004,4.594028301543274,125.0000000000002,14,1.5,14,3,3,15,85,1.0,1.2,2.5,False,True,True,True,0.1,3,0.1,0.04
10,50.0,7.500000000000002,-2.9999999999999956,2.500000000000004,4.594028301543274,125.0000000000002,14,1.5,14,3,3,20,85,1.0,1.2,2.5,True,True,True,True,0.1,3,0.1,0.04
10,50.0,7.500000000000002,-2.9999999999999956,2.500000000000004,4.594028301543274,125.0000000000002,14,1.5,14,3,3,20,85,1.0,1.2,2.5,False,True,True,True,0.1,3,0.1,0.04
10,50.0,7.500000000000002,-2.9999999999999956,2.500000000000004,4.594028301543274,125.0000000000002,14,1.5,14,3,3,25,85,1.0,1.2,2.5,False,True,True,True,0.1,3,0.1,0.04
10,50.0,7.500000000000002,-2.9999999999999956,2.500000000000004,4.594028301543274,125.0000000000002,14,1.5,14,3,3,25,85,1.0,1.2,2.5,True,True,True,True,0.1,3,0.1,0.04
10,50.0,7.500000000000002,-2.9999999999999956,2.500000000000004,3.4845725643715353,125.0000000000002,14,1.5,14,3,3,15,85,1.0,0.8,2.5,True,True,True,True,0.1,3,0.1,0.04
10,50.0,7.500000000000002,-2.9999999999999956,2.500000000000004,3.4845725643715353,125.0000000000002,14,1.5,14,3,3,15,85,1.0,0.8,2.5,False,True,True,True,0.1,3,0.1,0.04
10,50.0,7.500000000000002,-2.9999999999999956,2.500000000000004,3.4845725643715353,125.0000000000002,14,1.5,14,3,3,20,85,1.0,0.8,2.5,True,True,True,True,0.1,3,0.1,0.04
10,50.0,7.500000000000002,-2.9999999999999956,2.500000000000004,3.4845725643715353,125.0000000000002,14,1.5,14,3,3,20,85,1.0,0.8,2.5,False,True,True,True,0.1,3,0.1,0.04
10,50.0,7.500000000000002,-2.9999999999999956,2.500000000000004,3.4845725643715353,125.0000000000002,14,1.5,14,3,3,25,85,1.0,0.8,2.5,True,True,True,True,0.1,3,0.1,0.04
10,50.0,7.500000000000002,-2.9999999999999956,2.500000000000004,3.4845725643715353,125.0000000000002,14,1.5,14,3,3,25,85,1.0,0.8,2.5,False,True,True,True,0.1,3,0.1,0.04
12,50.0,7.499999999999997,-2.999999999999995,2.500000000000003,5.959392425929999,125.00000000000016,14,1.5,14,3,3,15,75,1.0,1.8,2.5,False,True,True,True,0.1,3,0.1,0.04
12,50.0,7.499999999999997,-2.999999999999995,2.500000000000003,5.959392425929999,125.00000000000016,14,1.5,14,3,3,15,80,1.0,1.8,2.5,False,True,True,True,0.1,3,0.1,0.04
12,50.0,7.499999999999997,-2.999999999999995,2.500000000000003,5.959392425929999,125.00000000000016,14,1.5,14,3,3,20,75,1.0,1.8,2.5,False,True,True,True,0.1,3,0.1,0.04
12,50.0,7.499999999999997,-2.999999999999995,2.500000000000003,5.959392425929999,125.00000000000016,14,1.5,14,3,3,20,80,1.0,1.8,2.5,False,True,True,True,0.1,3,0.1,0.04
12,50.0,7.499999999999997,-2.999999999999995,2.500000000000003,5.959392425929999,125.00000000000016,14,1.5,14,3,3,25,75,1.0,1.8,2.5,False,True,True,True,0.1,3,0.1,0.04
12,50.0,7.499999999999997,-2.999999999999995,2.500000000000003,5.959392425929999,125.00000000000016,14,1.5,14,3,3,25,80,1.0,1.8,2.5,False,True,True,True,0.1,3,0.1,0.04
12,50.0,7.499999999999997,-2.999999999999995,2.500000000000003,5.328210539752654,125.00000000000016,14,1.5,14,3,3,15,75,1.0,1.2,2.5,False,True,True,True,0.1,3,0.1,0.04
12,50.0,7.499999999999997,-2.999999999999995,2.500000000000003,5.328210539752654,125.00000000000016,14,1.5,14,3,3,15,80,1.0,1.2,2.5,False,True,True,True,0.1,3,0.1,0.04
12,50.0,7.499999999999997,-2.999999999999995,2.500000000000003,5.328210539752654,125.00000000000016,14,1.5,14,3,3,20,75,1.0,1.2,2.5,False,True,True,True,0.1,3,0.1,0.04
12,50.0,7.499999999999997,-2.999999999999995,2.500000000000003,5.328210539752654,125.00000000000016,14,1.5,14,3,3,20,80,1.0,1.2,2.5,False,True,True,True,0.1,3,0.1,0.04
12,50.0,7.499999999999997,-2.999999999999995,2.500000000000003,5.328210539752654,125.00000000000016,14,1.5,14,3,3,25,75,1.0,1.2,2.5,False,True,True,True,0.1,3,0.1,0.04
12,50.0,7.499999999999997,-2.999999999999995,2.500000000000003,5.328210539752654,125.00000000000016,14,1.5,14,3,3,25,80,1.0,1.2,2.5,False,True,True,True,0.1,3,0.1,0.04
12,50.0,7.499999999999997,-2.999999999999995,2.500000000000003,4.026391684448738,125.00000000000016,14,1.5,14,3,3,15,75,1.0,0.8,2.5,False,True,True,True,0.1,3,0.1,0.04
12,50.0,7.499999999999997,-2.999999999999995,2.500000000000003,4.026391684448738,125.00000000000016,14,1.5,14,3,3,15,80,1.0,0.8,2.5,False,True,True,True,0.1,3,0.1,0.04
12,50.0,7.499999999999997,-2.999999999999995,2.500000000000003,4.026391684448738,125.00000000000016,14,1.5,14,3,3,20,75,1.0,0.8,2.5,False,True,True,True,0.1,3,0.1,0.04
12,50.0,7.499999999999997,-2.999999999999995,2.500000000000003,4.026391684448738,125.00000000000016,14,1.5,14,3,3,20,80,1.0,0.8,2.5,False,True,True,True,0.1,3,0.1,0.04
12,50.0,7.499999999999997,-2.999999999999995,2.500000000000003,4.026391684448738,125.00000000000016,14,1.5,14,3,3,25,75,1.0,0.8,2.5,False,True,True,True,0.1,3,0.1,0.04
12,50.0,7.499999999999997,-2.999999999999995,2.500000000000003,4.026391684448738,125.00000000000016,14,1.5,14,3,3,25,80,1.0,0.8,2.5,False,True,True,True,0.1,3,0.1,0.04
14,50.0,7.499999999999992,-2.999999999999999,2.4999999999999982,8.346491329704486,124.99999999999991,14,1.5,9,3,3,15,85,1.0,1.8,2.5,False,False,True,True,0.1,3,0.1,0.04
14,50.0,7.499999999999992,-2.999999999999999,2.4999999999999982,8.346491329704486,124.99999999999991,14,1.5,9,3,3,20,85,1.0,1.8,2.5,False,False,True,True,0.1,3,0.1,0.04
14,50.0,7.499999999999992,-2.999999999999999,2.4999999999999982,8.346491329704486,124.99999999999991,14,1.5,9,3,3,25,85,1.0,1.8,2.5,False,False,True,True,0.1,3,0.1,0.04
14,50.0,7.499999999999992,-2.999999999999999,2.4999999999999982,7.126848569774169,124.99999999999991,14,1.5,9,3,3,15,85,1.0,1.2,2.5,False,False,True,True,0.1,3,0.1,0.04
14,50.0,7.499999999999992,-2.999999999999999,2.4999999999999982,7.126848569774169,124.99999999999991,14,1.5,9,3,3,20,85,1.0,1.2,2.5,False,False,True,True,0.1,3,0.1,0.04
14,50.0,7.499999999999992,-2.999999999999999,2.4999999999999982,7.126848569774169,124.99999999999991,14,1.5,9,3,3,25,85,1.0,1.2,2.5,False,False,True,True,0.1,3,0.1,0.04
14,50.0,7.499999999999992,-2.999999999999999,2.4999999999999982,5.4255454147310145,124.99999999999991,14,1.5,9,3,3,15,85,1.0,0.8,2.5,False,False,True,True,0.1,3,0.1,0.04
14,50.0,7.499999999999992,-2.999999999999999,2.4999999999999982,5.4255454147310145,124.99999999999991,14,1.5,9,3,3,20,85,1.0,0.8,2.5,False,False,True,True,0.1,3,0.1,0.04
14,50.0,7.499999999999992,-2.999999999999999,2.4999999999999982,5.4255454147310145,124.99999999999991,14,1.5,9,3,3,25,85,1.0,0.8,2.5,False,False,True,True,0.1,3,0.1,0.04
14,50.0,8.150055021541629,-4.499999999999991,1.8111233381203655,9.377050353415427,90.55616690601828,14,1.5,9,3,3,15,85,1.5,1.8,2.5,True,False,True,True,0.1,3,0.1,0.04
14,50.0,8.150055021541629,-4.499999999999991,1.8111233381203655,9.377050353415427,90.55616690601828,14,1.5,9,3,3,20,85,1.5,1.8,2.5,True,False,True,True,0.1,3,0.1,0.04
14,50.0,8.150055021541629,-4.499999999999991,1.8111233381203655,9.377050353415427,90.55616690601828,14,1.5,9,3,3,25,85,1.5,1.8,2.5,True,False,True,True,0.1,3,0.1,0.04
14,50.0,8.150055021541629,-4.499999999999991,1.8111233381203655,8.108794640045458,90.55616690601828,14,1.5,9,3,3,15,85,1.5,1.2,2.5,True,False,True,True,0.1,3,0.1,0.04
14,50.0,8.150055021541629,-4.499999999999991,1.8111233381203655,8.108794640045458,90.55616690601828,14,1.5,9,3,3,20,85,1.5,1.2,2.5,True,False,True,True,0.1,3,0.1,0.04
14,50.0,8.150055021541629,-4.499999999999991,1.8111233381203655,8.108794640045458,90.55616690601828,14,1.5,9,3,3,25,85,1.5,1.2,2.5,True,False,True,True,0.1,3,0.1,0.04
14,50.0,8.150055021541629,-4.499999999999991,1.8111233381203655,6.203692064526822,90.55616690601828,14,1.5,9,3,3,15,85,1.5,0.8,2.5,True,False,True,True,0.1,3,0.1,0.04
14,50.0,8.150055021541629,-4.499999999999991,1.8111233381203655,6.203692064526822,90.55616690601828,14,1.5,9,3,3,20,85,1.5,0.8,2.5,True,False,True,True,0.1,3,0.1,0.04
14,50.0,8.150055021541629,-4.499999999999991,1.8111233381203655,6.203692064526822,90.55616690601828,14,1.5,9,3,3,25,85,1.5,0.8,2.5,True,False,True,True,0.1,3,0.1,0.04
12,50.0,7.545537904235811,-4.499999999999979,1.6767862009412993,5.220720185022376,83.83931004706497,14,1.5,14,3,3,15,75,1.5,1.2,2.5,True,True,True,True,0.1,3,0.1,0.04
12,50.0,7.545537904235811,-4.499999999999979,1.6767862009412993,5.220720185022376,83.83931004706497,14,1.5,14,3,3,15,80,1.5,1.2,2.5,True,True,True,True,0.1,3,0.1,0.04
12,50.0,7.545537904235811,-4.499999999999979,1.6767862009412993,5.220720185022376,83.83931004706497,14,1.5,14,3,3,20,75,1.5,1.2,2.5,True,True,True,True,0.1,3,0.1,0.04
12,50.0,7.545537904235811,-4.499999999999979,1.6767862009412993,5.220720185022376,83.83931004706497,14,1.5,14,3,3,20,80,1.5,1.2,2.5,True,True,True,True,0.1,3,0.1,0.04
12,50.0,7.545537904235811,-4.499999999999979,1.6767862009412993,5.220720185022376,83.83931004706497,14,1.5,14,3,3,25,75,1.5,1.2,2.5,True,True,True,True,0.1,3,0.1,0.04
12,50.0,7.545537904235811,-4.499999999999979,1.6767862009412993,5.220720185022376,83.83931004706497,14,1.5,14,3,3,25,80,1.5,1.2,2.5,True,True,True,True,0.1,3,0.1,0.04
12,50.0,7.545537904235811,-4.499999999999979,1.6767862009412993,3.7345787955019416,83.83931004706497,14,1.5,14,3,3,15,75,1.5,0.8,2.5,True,True,True,True,0.1,3,0.1,0.04
12,50.0,7.545537904235811,-4.499999999999979,1.6767862009412993,3.7345787955019416,83.83931004706497,14,1.5,14,3,3,15,80,1.5,0.8,2.5,True,True,True,True,0.1,3,0.1,0.04
12,50.0,7.545537904235811,-4.499999999999979,1.6767862009412993,3.7345787955019416,83.83931004706497,14,1.5,14,3,3,20,75,1.5,0.8,2.5,True,True,True,True,0.1,3,0.1,0.04
12,50.0,7.545537904235811,-4.499999999999979,1.6767862009412993,3.7345787955019416,83.83931004706497,14,1.5,14,3,3,20,80,1.5,0.8,2.5,True,True,True,True,0.1,3,0.1,0.04
12,50.0,7.545537904235811,-4.499999999999979,1.6767862009412993,3.7345787955019416,83.83931004706497,14,1.5,14,3,3,25,75,1.5,0.8,2.5,True,True,True,True,0.1,3,0.1,0.04
12,50.0,7.545537904235811,-4.499999999999979,1.6767862009412993,3.7345787955019416,83.83931004706497,14,1.5,14,3,3,25,80,1.5,0.8,2.5,True,True,True,True,0.1,3,0.1,0.04
12,50.0,7.545537904235811,-4.499999999999979,1.6767862009412993,3.5058131229918965,83.83931004706497,14,1.5,14,3,3,15,75,1.5,1.8,2.5,True,True,True,True,0.1,3,0.1,0.04
12,50.0,7.545537904235811,-4.499999999999979,1.6767862009412993,3.5058131229918965,83.83931004706497,14,1.5,14,3,3,15,80,1.5,1.8,2.5,True,True,True,True,0.1,3,0.1,0.04
12,50.0,7.545537904235811,-4.499999999999979,1.6767862009412993,3.5058131229918965,83.83931004706497,14,1.5,14,3,3,20,75,1.5,1.8,2.5,True,True,True,True,0.1,3,0.1,0.04
12,50.0,7.545537904235811,-4.499999999999979,1.6767862009412993,3.5058131229918965,83.83931004706497,14,1.5,14,3,3,20,80,1.5,1.8,2.5,True,True,True,True,0.1,3,0.1,0.04
12,50.0,7.545537904235811,-4.499999999999979,1.6767862009412993,3.5058131229918965,83.83931004706497,14,1.5,14,3,3,25,75,1.5,1.8,2.5,True,True,True,True,0.1,3,0.1,0.04
12,50.0,7.545537904235811,-4.499999999999979,1.6767862009412993,3.5058131229918965,83.83931004706497,14,1.5,14,3,3,25,80,1.5,1.8,2.5,True,True,True,True,0.1,3,0.1,0.04
12,50.0,7.499999999999997,-4.499999999999979,1.666666666666674,3.9918132854429356,83.3333333333337,14,1.5,14,3,3,15,75,1.5,1.2,2.5,False,True,True,True,0.1,3,0.1,0.04
12,50.0,7.499999999999997,-4.499999999999979,1.666666666666674,3.9918132854429356,83.3333333333337,14,1.5,14,3,3,15,80,1.5,1.2,2.5,False,True,True,True,0.1,3,0.1,0.04
12,50.0,7.499999999999997,-4.499999999999979,1.666666666666674,3.9918132854429356,83.3333333333337,14,1.5,14,3,3,20,75,1.5,1.2,2.5,False,True,True,True,0.1,3,0.1,0.04
12,50.0,7.499999999999997,-4.499999999999979,1.666666666666674,3.9918132854429356,83.3333333333337,14,1.5,14,3,3,20,80,1.5,1.2,2.5,False,True,True,True,0.1,3,0.1,0.04
12,50.0,7.499999999999997,-4.499999999999979,1.666666666666674,3.9918132854429356,83.3333333333337,14,1.5,14,3,3,25,75,1.5,1.2,2.5,False,True,True,True,0.1,3,0.1,0.04
12,50.0,7.499999999999997,-4.499999999999979,1.666666666666674,3.9918132854429356,83.3333333333337,14,1.5,14,3,3,25,80,1.5,1.2,2.5,False,True,True,True,0.1,3,0.1,0.04
12,50.0,7.499999999999997,-4.499999999999979,1.666666666666674,3.1041447732531813,83.3333333333337,14,1.5,14,3,3,15,75,1.5,1.8,2.5,False,True,True,True,0.1,3,0.1,0.04
12,50.0,7.499999999999997,-4.499999999999979,1.666666666666674,3.1041447732531813,83.3333333333337,14,1.5,14,3,3,15,80,1.5,1.8,2.5,False,True,True,True,0.1,3,0.1,0.04
12,50.0,7.499999999999997,-4.499999999999979,1.666666666666674,3.1041447732531813,83.3333333333337,14,1.5,14,3,3,20,75,1.5,1.8,2.5,False,True,True,True,0.1,3,0.1,0.04
12,50.0,7.499999999999997,-4.499999999999979,1.666666666666674,3.1041447732531813,83.3333333333337,14,1.5,14,3,3,20,80,1.5,1.8,2.5,False,True,True,True,0.1,3,0.1,0.04
12,50.0,7.499999999999997,-4.499999999999979,1.666666666666674,3.1041447732531813,83.3333333333337,14,1.5,14,3,3,25,75,1.5,1.8,2.5,False,True,True,True,0.1,3,0.1,0.04
12,50.0,7.499999999999997,-4.499999999999979,1.666666666666674,3.1041447732531813,83.3333333333337,14,1.5,14,3,3,25,80,1.5,1.8,2.5,False,True,True,True,0.1,3,0.1,0.04
12,50.0,7.499999999999997,-4.499999999999979,1.666666666666674,2.520904504237431,83.3333333333337,14,1.5,14,3,3,15,75,1.5,0.8,2.5,False,True,True,True,0.1,3,0.1,0.04
12,50.0,7.499999999999997,-4.499999999999979,1.666666666666674,2.520904504237431,83.3333333333337,14,1.5,14,3,3,15,80,1.5,0.8,2.5,False,True,True,True,0.1,3,0.1,0.04
12,50.0,7.499999999999997,-4.499999999999979,1.666666666666674,2.520904504237431,83.3333333333337,14,1.5,14,3,3,20,75,1.5,0.8,2.5,False,True,True,True,0.1,3,0.1,0.04
12,50.0,7.499999999999997,-4.499999999999979,1.666666666666674,2.520904504237431,83.3333333333337,14,1.5,14,3,3,20,80,1.5,0.8,2.5,False,True,True,True,0.1,3,0.1,0.04
12,50.0,7.499999999999997,-4.499999999999979,1.666666666666674,2.520904504237431,83.3333333333337,14,1.5,14,3,3,25,75,1.5,0.8,2.5,False,True,True,True,0.1,3,0.1,0.04
12,50.0,7.499999999999997,-4.499999999999979,1.666666666666674,2.520904504237431,83.3333333333337,14,1.5,14,3,3,25,80,1.5,0.8,2.5,False,True,True,True,0.1,3,0.1,0.04
10,50.0,7.500000000000002,-4.499999999999981,1.6666666666666738,3.7381851912077435,83.3333333333337,14,1.5,14,3,3,15,85,1.5,1.2,2.5,False,True,True,True,0.1,3,0.1,0.04
10,50.0,7.500000000000002,-4.499999999999981,1.6666666666666738,3.7381851912077435,83.3333333333337,14,1.5,14,3,3,15,85,1.5,1.2,2.5,True,True,True,True,0.1,3,0.1,0.04
10,50.0,7.500000000000002,-4.499999999999981,1.6666666666666738,3.7381851912077435,83.3333333333337,14,1.5,14,3,3,20,85,1.5,1.2,2.5,True,True,True,True,0.1,3,0.1,0.04
10,50.0,7.500000000000002,-4.499999999999981,1.6666666666666738,3.7381851912077435,83.3333333333337,14,1.5,14,3,3,20,85,1.5,1.2,2.5,False,True,True,True,0.1,3,0.1,0.04
10,50.0,7.500000000000002,-4.499999999999981,1.6666666666666738,3.7381851912077435,83.3333333333337,14,1.5,14,3,3,25,85,1.5,1.2,2.5,True,True,True,True,0.1,3,0.1,0.04
10,50.0,7.500000000000002,-4.499999999999981,1.6666666666666738,3.7381851912077435,83.3333333333337,14,1.5,14,3,3,25,85,1.5,1.2,2.5,False,True,True,True,0.1,3,0.1,0.04
10,50.0,7.500000000000002,-4.499999999999981,1.6666666666666738,2.5801511284820444,83.3333333333337,14,1.5,14,3,3,15,85,1.5,1.8,2.5,True,True,True,True,0.1,3,0.1,0.04
10,50.0,7.500000000000002,-4.499999999999981,1.6666666666666738,2.5801511284820444,83.3333333333337,14,1.5,14,3,3,15,85,1.5,1.8,2.5,False,True,True,True,0.1,3,0.1,0.04
10,50.0,7.500000000000002,-4.499999999999981,1.6666666666666738,2.5801511284820444,83.3333333333337,14,1.5,14,3,3,20,85,1.5,1.8,2.5,True,True,True,True,0.1,3,0.1,0.04
10,50.0,7.500000000000002,-4.499999999999981,1.6666666666666738,2.5801511284820444,83.3333333333337,14,1.5,14,3,3,20,85,1.5,1.8,2.5,False,True,True,True,0.1,3,0.1,0.04
10,50.0,7.500000000000002,-4.499999999999981,1.6666666666666738,2.5801511284820444,83.3333333333337,14,1.5,14,3,3,25,85,1.5,1.8,2.5,False,True,True,True,0.1,3,0.1,0.04
10,50.0,7.500000000000002,-4.499999999999981,1.6666666666666738,2.5801511284820444,83.3333333333337,14,1.5,14,3,3,25,85,1.5,1.8,2.5,True,True,True,True,0.1,3,0.1,0.04
10,50.0,7.500000000000002,-4.499999999999981,1.6666666666666738,2.4523244454862647,83.3333333333337,14,1.5,14,3,3,15,85,1.5,0.8,2.5,True,True,True,True,0.1,3,0.1,0.04
10,50.0,7.500000000000002,-4.499999999999981,1.6666666666666738,2.4523244454862647,83.3333333333337,14,1.5,14,3,3,15,85,1.5,0.8,2.5,False,True,True,True,0.1,3,0.1,0.04
10,50.0,7.500000000000002,-4.499999999999981,1.6666666666666738,2.4523244454862647,83.3333333333337,14,1.5,14,3,3,20,85,1.5,0.8,2.5,False,True,True,True,0.1,3,0.1,0.04
10,50.0,7.500000000000002,-4.499999999999981,1.6666666666666738,2.4523244454862647,83.3333333333337,14,1.5,14,3,3,20,85,1.5,0.8,2.5,True,True,True,True,0.1,3,0.1,0.04
10,50.0,7.500000000000002,-4.499999999999981,1.6666666666666738,2.4523244454862647,83.3333333333337,14,1.5,14,3,3,25,85,1.5,0.8,2.5,True,True,True,True,0.1,3,0.1,0.04
10,50.0,7.500000000000002,-4.499999999999981,1.6666666666666738,2.4523244454862647,83.3333333333337,14,1.5,14,3,3,25,85,1.5,0.8,2.5,False,True,True,True,0.1,3,0.1,0.04
14,50.0,7.499999999999992,-4.499999999999991,1.6666666666666683,6.774721209903767,83.33333333333341,14,1.5,9,3,3,15,85,1.5,1.8,2.5,False,False,True,True,0.1,3,0.1,0.04
14,50.0,7.499999999999992,-4.499999999999991,1.6666666666666683,6.774721209903767,83.33333333333341,14,1.5,9,3,3,20,85,1.5,1.8,2.5,False,False,True,True,0.1,3,0.1,0.04
14,50.0,7.499999999999992,-4.499999999999991,1.6666666666666683,6.774721209903767,83.33333333333341,14,1.5,9,3,3,25,85,1.5,1.8,2.5,False,False,True,True,0.1,3,0.1,0.04
14,50.0,7.499999999999992,-4.499999999999991,1.6666666666666683,5.529971357510544,83.33333333333341,14,1.5,9,3,3,15,85,1.5,1.2,2.5,False,False,True,True,0.1,3,0.1,0.04
14,50.0,7.499999999999992,-4.499999999999991,1.6666666666666683,5.529971357510544,83.33333333333341,14,1.5,9,3,3,20,85,1.5,1.2,2.5,False,False,True,True,0.1,3,0.1,0.04
14,50.0,7.499999999999992,-4.499999999999991,1.6666666666666683,5.529971357510544,83.33333333333341,14,1.5,9,3,3,25,85,1.5,1.2,2.5,False,False,True,True,0.1,3,0.1,0.04
14,50.0,7.499999999999992,-4.499999999999991,1.6666666666666683,3.6659265829235954,83.33333333333341,14,1.5,9,3,3,15,85,1.5,0.8,2.5,False,False,True,True,0.1,3,0.1,0.04
14,50.0,7.499999999999992,-4.499999999999991,1.6666666666666683,3.6659265829235954,83.33333333333341,14,1.5,9,3,3,20,85,1.5,0.8,2.5,False,False,True,True,0.1,3,0.1,0.04
14,50.0,7.499999999999992,-4.499999999999991,1.6666666666666683,3.6659265829235954,83.33333333333341,14,1.5,9,3,3,25,85,1.5,0.8,2.5,False,False,True,True,0.1,3,0.1,0.04
14,50.0,8.150055021541629,-6.000000000000006,1.35834250359027,8.278305391788354,67.9171251795135,14,1.5,9,3,3,15,85,2.0,1.8,2.5,True,False,True,True,0.1,3,0.1,0.04
14,50.0,8.150055021541629,-6.000000000000006,1.35834250359027,8.278305391788354,67.9171251795135,14,1.5,9,3,3,20,85,2.0,1.8,2.5,True,False,True,True,0.1,3,0.1,0.04
14,50.0,8.150055021541629,-6.000000000000006,1.35834250359027,8.278305391788354,67.9171251795135,14,1.5,9,3,3,25,85,2.0,1.8,2.5,True,False,True,True,0.1,3,0.1,0.04
14,50.0,8.150055021541629,-6.000000000000006,1.35834250359027,6.97977940343677,67.9171251795135,14,1.5,9,3,3,15,85,2.0,1.2,2.5,True,False,True,True,0.1,3,0.1,0.04
14,50.0,8.150055021541629,-6.000000000000006,1.35834250359027,6.97977940343677,67.9171251795135,14,1.5,9,3,3,20,85,2.0,1.2,2.5,True,False,True,True,0.1,3,0.1,0.04
14,50.0,8.150055021541629,-6.000000000000006,1.35834250359027,6.97977940343677,67.9171251795135,14,1.5,9,3,3,25,85,2.0,1.2,2.5,True,False,True,True,0.1,3,0.1,0.04
14,50.0,8.150055021541629,-6.000000000000006,1.35834250359027,4.903363610527545,67.9171251795135,14,1.5,9,3,3,15,85,2.0,0.8,2.5,True,False,True,True,0.1,3,0.1,0.04
14,50.0,8.150055021541629,-6.000000000000006,1.35834250359027,4.903363610527545,67.9171251795135,14,1.5,9,3,3,20,85,2.0,0.8,2.5,True,False,True,True,0.1,3,0.1,0.04
14,50.0,8.150055021541629,-6.000000000000006,1.35834250359027,4.903363610527545,67.9171251795135,14,1.5,9,3,3,25,85,2.0,0.8,2.5,True,False,True,True,0.1,3,0.1,0.04
16,50.0,7.661979725005809,-6.000000000000009,1.2769966208342998,9.279353576966077,63.849831041714985,25,1.5,14,3,3,15,75,2.0,1.2,2.5,True,False,True,True,0.1,3,0.1,0.04
16,50.0,7.661979725005809,-6.000000000000009,1.2769966208342998,9.279353576966077,63.849831041714985,25,1.5,14,3,3,15,80,2.0,1.2,2.5,True,False,True,True,0.1,3,0.1,0.04
16,50.0,7.661979725005809,-6.000000000000009,1.2769966208342998,9.279353576966077,63.849831041714985,25,1.5,14,3,3,20,75,2.0,1.2,2.5,True,False,True,True,0.1,3,0.1,0.04
16,50.0,7.661979725005809,-6.000000000000009,1.2769966208342998,9.279353576966077,63.849831041714985,25,1.5,14,3,3,20,80,2.0,1.2,2.5,True,False,True,True,0.1,3,0.1,0.04
16,50.0,7.661979725005809,-6.000000000000009,1.2769966208342998,9.279353576966077,63.849831041714985,25,1.5,14,3,3,25,75,2.0,1.2,2.5,True,False,True,True,0.1,3,0.1,0.04
16,50.0,7.661979725005809,-6.000000000000009,1.2769966208342998,9.279353576966077,63.849831041714985,25,1.5,14,3,3,25,80,2.0,1.2,2.5,True,False,True,True,0.1,3,0.1,0.04
16,50.0,7.661979725005809,-6.000000000000009,1.2769966208342998,9.166232661066687,63.849831041714985,25,1.5,14,3,3,15,75,2.0,1.8,2.5,True,False,True,True,0.1,3,0.1,0.04
16,50.0,7.661979725005809,-6.000000000000009,1.2769966208342998,9.166232661066687,63.849831041714985,25,1.5,14,3,3,15,80,2.0,1.8,2.5,True,False,True,True,0.1,3,0.1,0.04
16,50.0,7.661979725005809,-6.000000000000009,1.2769966208342998,9.166232661066687,63.849831041714985,25,1.5,14,3,3,20,75,2.0,1.8,2.5,True,False,True,True,0.1,3,0.1,0.04
16,50.0,7.661979725005809,-6.000000000000009,1.2769966208342998,9.166232661066687,63.849831041714985,25,1.5,14,3,3,20,80,2.0,1.8,2.5,True,False,True,True,0.1,3,0.1,0.04
16,50.0,7.661979725005809,-6.000000000000009,1.2769966208342998,9.166232661066687,63.849831041714985,25,1.5,14,3,3,25,75,2.0,1.8,2.5,True,False,True,True,0.1,3,0.1,0.04
16,50.0,7.661979725005809,-6.000000000000009,1.2769966208342998,9.166232661066687,63.849831041714985,25,1.5,14,3,3,25,80,2.0,1.8,2.5,True,False,True,True,0.1,3,0.1,0.04
16,50.0,7.661979725005809,-6.000000000000009,1.2769966208342998,6.972891431500261,63.849831041714985,25,1.5,14,3,3,15,75,2.0,0.8,2.5,True,False,True,True,0.1,3,0.1,0.04
16,50.0,7.661979725005809,-6.000000000000009,1.2769966208342998,6.972891431500261,63.849831041714985,25,1.5,14,3,3,15,80,2.0,0.8,2.5,True,False,True,True,0.1,3,0.1,0.04
16,50.0,7.661979725005809,-6.000000000000009,1.2769966208342998,6.972891431500261,63.849831041714985,25,1.5,14,3,3,20,75,2.0,0.8,2.5,True,False,True,True,0.1,3,0.1,0.04
16,50.0,7.661979725005809,-6.000000000000009,1.2769966208342998,6.972891431500261,63.849831041714985,25,1.5,14,3,3,20,80,2.0,0.8,2.5,True,False,True,True,0.1,3,0.1,0.04
16,50.0,7.661979725005809,-6.000000000000009,1.2769966208342998,6.972891431500261,63.849831041714985,25,1.5,14,3,3,25,75,2.0,0.8,2.5,True,False,True,True,0.1,3,0.1,0.04
16,50.0,7.661979725005809,-6.000000000000009,1.2769966208342998,6.972891431500261,63.849831041714985,25,1.5,14,3,3,25,80,2.0,0.8,2.5,True,False,True,True,0.1,3,0.1,0.04
18,50.0,7.643981977782943,-6.000000000000008,1.2739969962971556,11.125322997181964,63.69984981485778,25,1.5,9,3,3,15,75,2.0,1.8,2.5,True,False,True,True,0.1,3,0.1,0.04
18,50.0,7.643981977782943,-6.000000000000008,1.2739969962971556,11.125322997181964,63.69984981485778,25,1.5,9,3,3,15,80,2.0,1.8,2.5,True,False,True,True,0.1,3,0.1,0.04
18,50.0,7.643981977782943,-6.000000000000008,1.2739969962971556,11.125322997181964,63.69984981485778,25,1.5,9,3,3,20,75,2.0,1.8,2.5,True,False,True,True,0.1,3,0.1,0.04
18,50.0,7.643981977782943,-6.000000000000008,1.2739969962971556,11.125322997181964,63.69984981485778,25,1.5,9,3,3,20,80,2.0,1.8,2.5,True,False,True,True,0.1,3,0.1,0.04
18,50.0,7.643981977782943,-6.000000000000008,1.2739969962971556,11.125322997181964,63.69984981485778,25,1.5,9,3,3,25,75,2.0,1.8,2.5,True,False,True,True,0.1,3,0.1,0.04
18,50.0,7.643981977782943,-6.000000000000008,1.2739969962971556,11.125322997181964,63.69984981485778,25,1.5,9,3,3,25,80,2.0,1.8,2.5,True,False,True,True,0.1,3,0.1,0.04
18,50.0,7.643981977782943,-6.000000000000008,1.2739969962971556,10.645862893379121,63.69984981485778,25,1.5,9,3,3,15,75,2.0,1.2,2.5,True,False,True,True,0.1,3,0.1,0.04
18,50.0,7.643981977782943,-6.000000000000008,1.2739969962971556,10.645862893379121,63.69984981485778,25,1.5,9,3,3,15,80,2.0,1.2,2.5,True,False,True,True,0.1,3,0.1,0.04
18,50.0,7.643981977782943,-6.000000000000008,1.2739969962971556,10.645862893379121,63.69984981485778,25,1.5,9,3,3,20,75,2.0,1.2,2.5,True,False,True,True,0.1,3,0.1,0.04
18,50.0,7.643981977782943,-6.000000000000008,1.2739969962971556,10.645862893379121,63.69984981485778,25,1.5,9,3,3,20,80,2.0,1.2,2.5,True,False,True,True,0.1,3,0.1,0.04
18,50.0,7.643981977782943,-6.000000000000008,1.2739969962971556,10.645862893379121,63.69984981485778,25,1.5,9,3,3,25,75,2.0,1.2,2.5,True,False,True,True,0.1,3,0.1,0.04
18,50.0,7.643981977782943,-6.000000000000008,1.2739969962971556,10.645862893379121,63.69984981485778,25,1.5,9,3,3,25,80,2.0,1.2,2.5,True,False,True,True,0.1,3,0.1,0.04
18,50.0,7.643981977782943,-6.000000000000008,1.2739969962971556,7.923384758243479,63.69984981485778,25,1.5,9,3,3,15,75,2.0,0.8,2.5,True,False,True,True,0.1,3,0.1,0.04
18,50.0,7.643981977782943,-6.000000000000008,1.2739969962971556,7.923384758243479,63.69984981485778,25,1.5,9,3,3,15,80,2.0,0.8,2.5,True,False,True,True,0.1,3,0.1,0.04
18,50.0,7.643981977782943,-6.000000000000008,1.2739969962971556,7.923384758243479,63.69984981485778,25,1.5,9,3,3,20,75,2.0,0.8,2.5,True,False,True,True,0.1,3,0.1,0.04
18,50.0,7.643981977782943,-6.000000000000008,1.2739969962971556,7.923384758243479,63.69984981485778,25,1.5,9,3,3,20,80,2.0,0.8,2.5,True,False,True,True,0.1,3,0.1,0.04
18,50.0,7.643981977782943,-6.000000000000008,1.2739969962971556,7.923384758243479,63.69984981485778,25,1.5,9,3,3,25,75,2.0,0.8,2.5,True,False,True,True,0.1,3,0.1,0.04
18,50.0,7.643981977782943,-6.000000000000008,1.2739969962971556,7.923384758243479,63.69984981485778,25,1.5,9,3,3,25,80,2.0,0.8,2.5,True,False,True,True,0.1,3,0.1,0.04
12,50.0,7.545537904235811,-6.000000000000008,1.2575896507059667,4.356882555635444,62.87948253529834,14,1.5,14,3,3,15,75,2.0,1.2,2.5,True,True,True,True,0.1,3,0.1,0.04
12,50.0,7.545537904235811,-6.000000000000008,1.2575896507059667,4.356882555635444,62.87948253529834,14,1.5,14,3,3,15,80,2.0,1.2,2.5,True,True,True,True,0.1,3,0.1,0.04
12,50.0,7.545537904235811,-6.000000000000008,1.2575896507059667,4.356882555635444,62.87948253529834,14,1.5,14,3,3,20,75,2.0,1.2,2.5,True,True,True,True,0.1,3,0.1,0.04
12,50.0,7.545537904235811,-6.000000000000008,1.2575896507059667,4.356882555635444,62.87948253529834,14,1.5,14,3,3,20,80,2.0,1.2,2.5,True,True,True,True,0.1,3,0.1,0.04
12,50.0,7.545537904235811,-6.000000000000008,1.2575896507059667,4.356882555635444,62.87948253529834,14,1.5,14,3,3,25,75,2.0,1.2,2.5,True,True,True,True,0.1,3,0.1,0.04
12,50.0,7.545537904235811,-6.000000000000008,1.2575896507059667,4.356882555635444,62.87948253529834,14,1.5,14,3,3,25,80,2.0,1.2,2.5,True,True,True,True,0.1,3,0.1,0.04
12,50.0,7.545537904235811,-6.000000000000008,1.2575896507059667,2.696175885246732,62.87948253529834,14,1.5,14,3,3,15,75,2.0,0.8,2.5,True,True,True,True,0.1,3,0.1,0.04
12,50.0,7.545537904235811,-6.000000000000008,1.2575896507059667,2.696175885246732,62.87948253529834,14,1.5,14,3,3,15,80,2.0,0.8,2.5,True,True,True,True,0.1,3,0.1,0.04
12,50.0,7.545537904235811,-6.000000000000008,1.2575896507059667,2.696175885246732,62.87948253529834,14,1.5,14,3,3,20,75,2.0,0.8,2.5,True,True,True,True,0.1,3,0.1,0.04
12,50.0,7.545537904235811,-6.000000000000008,1.2575896507059667,2.696175885246732,62.87948253529834,14,1.5,14,3,3,20,80,2.0,0.8,2.5,True,True,True,True,0.1,3,0.1,0.04
12,50.0,7.545537904235811,-6.000000000000008,1.2575896507059667,2.696175885246732,62.87948253529834,14,1.5,14,3,3,25,75,2.0,0.8,2.5,True,True,True,True,0.1,3,0.1,0.04
12,50.0,7.545537904235811,-6.000000000000008,1.2575896507059667,2.696175885246732,62.87948253529834,14,1.5,14,3,3,25,80,2.0,0.8,2.5,True,True,True,True,0.1,3,0.1,0.04
12,50.0,7.545537904235811,-6.000000000000008,1.2575896507059667,2.4583709482179694,62.87948253529834,14,1.5,14,3,3,15,75,2.0,1.8,2.5,True,True,True,True,0.1,3,0.1,0.04
12,50.0,7.545537904235811,-6.000000000000008,1.2575896507059667,2.4583709482179694,62.87948253529834,14,1.5,14,3,3,15,80,2.0,1.8,2.5,True,True,True,True,0.1,3,0.1,0.04
12,50.0,7.545537904235811,-6.000000000000008,1.2575896507059667,2.4583709482179694,62.87948253529834,14,1.5,14,3,3,20,75,2.0,1.8,2.5,True,True,True,True,0.1,3,0.1,0.04
12,50.0,7.545537904235811,-6.000000000000008,1.2575896507059667,2.4583709482179694,62.87948253529834,14,1.5,14,3,3,20,80,2.0,1.8,2.5,True,True,True,True,0.1,3,0.1,0.04
12,50.0,7.545537904235811,-6.000000000000008,1.2575896507059667,2.4583709482179694,62.87948253529834,14,1.5,14,3,3,25,75,2.0,1.8,2.5,True,True,True,True,0.1,3,0.1,0.04
12,50.0,7.545537904235811,-6.000000000000008,1.2575896507059667,2.4583709482179694,62.87948253529834,14,1.5,14,3,3,25,80,2.0,1.8,2.5,True,True,True,True,0.1,3,0.1,0.04
10,50.0,7.499999999999998,-6.000000000000004,1.249999999999999,4.874389582793692,62.49999999999994,20,1.5,14,3,3,15,85,2.0,1.2,2.5,False,True,True,True,0.1,3,0.1,0.04
10,50.0,7.499999999999998,-6.000000000000004,1.249999999999999,4.874389582793692,62.49999999999994,20,1.5,14,3,3,20,85,2.0,1.2,2.5,False,True,True,True,0.1,3,0.1,0.04
10,50.0,7.499999999999998,-6.000000000000004,1.249999999999999,4.874389582793692,62.49999999999994,20,1.5,14,3,3,25,85,2.0,1.2,2.5,False,True,True,True,0.1,3,0.1,0.04
12,50.0,7.499999999999996,-6.000000000000001,1.249999999999999,4.6510513603867265,62.49999999999994,20,1.5,14,3,3,15,75,2.0,1.2,2.5,False,True,True,True,0.1,3,0.1,0.04
12,50.0,7.499999999999996,-6.000000000000001,1.249999999999999,4.6510513603867265,62.49999999999994,20,1.5,14,3,3,15,80,2.0,1.2,2.5,False,True,True,True,0.1,3,0.1,0.04
12,50.0,7.499999999999996,-6.000000000000001,1.249999999999999,4.6510513603867265,62.49999999999994,20,1.5,14,3,3,20,75,2.0,1.2,2.5,False,True,True,True,0.1,3,0.1,0.04
12,50.0,7.499999999999996,-6.000000000000001,1.249999999999999,4.6510513603867265,62.49999999999994,20,1.5,14,3,3,20,80,2.0,1.2,2.5,False,True,True,True,0.1,3,0.1,0.04
12,50.0,7.499999999999996,-6.000000000000001,1.249999999999999,4.6510513603867265,62.49999999999994,20,1.5,14,3,3,25,75,2.0,1.2,2.5,False,True,True,True,0.1,3,0.1,0.04
12,50.0,7.499999999999996,-6.000000000000001,1.249999999999999,4.6510513603867265,62.49999999999994,20,1.5,14,3,3,25,80,2.0,1.2,2.5,False,True,True,True,0.1,3,0.1,0.04
12,50.0,7.499999999999996,-6.000000000000001,1.249999999999999,3.8386724155515584,62.49999999999994,20,1.5,14,3,3,15,75,2.0,1.8,2.5,False,True,True,True,0.1,3,0.1,0.04
12,50.0,7.499999999999996,-6.000000000000001,1.249999999999999,3.8386724155515584,62.49999999999994,20,1.5,14,3,3,15,80,2.0,1.8,2.5,False,True,True,True,0.1,3,0.1,0.04
12,50.0,7.499999999999996,-6.000000000000001,1.249999999999999,3.8386724155515584,62.49999999999994,20,1.5,14,3,3,20,75,2.0,1.8,2.5,False,True,True,True,0.1,3,0.1,0.04
12,50.0,7.499999999999996,-6.000000000000001,1.249999999999999,3.8386724155515584,62.49999999999994,20,1.5,14,3,3,20,80,2.0,1.8,2.5,False,True,True,True,0.1,3,0.1,0.04
12,50.0,7.499999999999996,-6.000000000000001,1.249999999999999,3.8386724155515584,62.49999999999994,20,1.5,14,3,3,25,75,2.0,1.8,2.5,False,True,True,True,0.1,3,0.1,0.04
12,50.0,7.499999999999996,-6.000000000000001,1.249999999999999,3.8386724155515584,62.49999999999994,20,1.5,14,3,3,25,80,2.0,1.8,2.5,False,True,True,True,0.1,3,0.1,0.04
10,50.0,7.499999999999998,-6.000000000000004,1.249999999999999,3.7845466291947627,62.49999999999994,20,1.5,14,3,3,15,85,2.0,1.8,2.5,False,True,True,True,0.1,3,0.1,0.04
10,50.0,7.499999999999998,-6.000000000000004,1.249999999999999,3.7845466291947627,62.49999999999994,20,1.5,14,3,3,20,85,2.0,1.8,2.5,False,True,True,True,0.1,3,0.1,0.04
10,50.0,7.499999999999998,-6.000000000000004,1.249999999999999,3.7845466291947627,62.49999999999994,20,1.5,14,3,3,25,85,2.0,1.8,2.5,False,True,True,True,0.1,3,0.1,0.04
10,50.0,7.499999999999998,-6.000000000000004,1.249999999999999,3.1995859163367557,62.49999999999994,20,1.5,14,3,3,15,85,2.0,0.8,2.5,False,True,True,True,0.1,3,0.1,0.04
10,50.0,7.499999999999998,-6.000000000000004,1.249999999999999,3.1995859163367557,62.49999999999994,20,1.5,14,3,3,20,85,2.0,0.8,2.5,False,True,True,True,0.1,3,0.1,0.04
10,50.0,7.499999999999998,-6.000000000000004,1.249999999999999,3.1995859163367557,62.49999999999994,20,1.5,14,3,3,25,85,2.0,0.8,2.5,False,True,True,True,0.1,3,0.1,0.04
12,50.0,7.499999999999996,-6.000000000000001,1.249999999999999,2.797419443347615,62.49999999999994,20,1.5,14,3,3,15,75,2.0,0.8,2.5,False,True,True,True,0.1,3,0.1,0.04
12,50.0,7.499999999999996,-6.000000000000001,1.249999999999999,2.797419443347615,62.49999999999994,20,1.5,14,3,3,15,80,2.0,0.8,2.5,False,True,True,True,0.1,3,0.1,0.04
12,50.0,7.499999999999996,-6.000000000000001,1.249999999999999,2.797419443347615,62.49999999999994,20,1.5,14,3,3,20,75,2.0,0.8,2.5,False,True,True,True,0.1,3,0.1,0.04
12,50.0,7.499999999999996,-6.000000000000001,1.249999999999999,2.797419443347615,62.49999999999994,20,1.5,14,3,3,20,80,2.0,0.8,2.5,False,True,True,True,0.1,3,0.1,0.04
12,50.0,7.499999999999996,-6.000000000000001,1.249999999999999,2.797419443347615,62.49999999999994,20,1.5,14,3,3,25,75,2.0,0.8,2.5,False,True,True,True,0.1,3,0.1,0.04
12,50.0,7.499999999999996,-6.000000000000001,1.249999999999999,2.797419443347615,62.49999999999994,20,1.5,14,3,3,25,80,2.0,0.8,2.5,False,True,True,True,0.1,3,0.1,0.04
14,50.0,7.499999999999993,-6.000000000000002,1.2499999999999984,5.959693253298348,62.49999999999992,20,1.5,14,3,3,15,85,2.0,1.2,2.5,False,False,True,True,0.1,3,0.1,0.04
14,50.0,7.499999999999993,-6.000000000000002,1.2499999999999984,5.959693253298348,62.49999999999992,20,1.5,14,3,3,20,85,2.0,1.2,2.5,False,False,True,True,0.1,3,0.1,0.04
14,50.0,7.499999999999993,-6.000000000000002,1.2499999999999984,5.959693253298348,62.49999999999992,20,1.5,14,3,3,25,85,2.0,1.2,2.5,False,False,True,True,0.1,3,0.1,0.04
14,50.0,7.499999999999993,-6.000000000000002,1.2499999999999984,5.70209249594118,62.49999999999992,20,1.5,14,3,3,15,85,2.0,1.8,2.5,False,False,True,True,0.1,3,0.1,0.04
14,50.0,7.499999999999993,-6.000000000000002,1.2499999999999984,5.70209249594118,62.49999999999992,20,1.5,14,3,3,20,85,2.0,1.8,2.5,False,False,True,True,0.1,3,0.1,0.04
14,50.0,7.499999999999993,-6.000000000000002,1.2499999999999984,5.70209249594118,62.49999999999992,20,1.5,14,3,3,25,85,2.0,1.8,2.5,False,False,True,True,0.1,3,0.1,0.04
14,50.0,7.499999999999993,-6.000000000000002,1.2499999999999984,3.7108665407223906,62.49999999999992,20,1.5,14,3,3,15,85,2.0,0.8,2.5,False,False,True,True,0.1,3,0.1,0.04
14,50.0,7.499999999999993,-6.000000000000002,1.2499999999999984,3.7108665407223906,62.49999999999992,20,1.5,14,3,3,20,85,2.0,0.8,2.5,False,False,True,True,0.1,3,0.1,0.04
14,50.0,7.499999999999993,-6.000000000000002,1.2499999999999984,3.7108665407223906,62.49999999999992,20,1.5,14,3,3,25,85,2.0,0.8,2.5,False,False,True,True,0.1,3,0.1,0.04
20,50.0,7.49999999999999,-6.0,1.2499999999999982,9.587057491154471,62.499999999999915,20,1.5,9,3,3,15,75,2.0,1.8,2.5,False,False,True,True,0.1,3,0.1,0.04
20,50.0,7.49999999999999,-6.0,1.2499999999999982,9.587057491154471,62.499999999999915,20,1.5,9,3,3,15,80,2.0,1.8,2.5,False,False,True,True,0.1,3,0.1,0.04
20,50.0,7.49999999999999,-6.0,1.2499999999999982,9.587057491154471,62.499999999999915,20,1.5,9,3,3,20,75,2.0,1.8,2.5,False,False,True,True,0.1,3,0.1,0.04
20,50.0,7.49999999999999,-6.0,1.2499999999999982,9.587057491154471,62.499999999999915,20,1.5,9,3,3,20,80,2.0,1.8,2.5,False,False,True,True,0.1,3,0.1,0.04
20,50.0,7.49999999999999,-6.0,1.2499999999999982,9.587057491154471,62.499999999999915,20,1.5,9,3,3,25,75,2.0,1.8,2.5,False,False,True,True,0.1,3,0.1,0.04
20,50.0,7.49999999999999,-6.0,1.2499999999999982,9.587057491154471,62.499999999999915,20,1.5,9,3,3,25,80,2.0,1.8,2.5,False,False,True,True,0.1,3,0.1,0.04
20,50.0,7.49999999999999,-6.0,1.2499999999999982,8.394881569152401,62.499999999999915,20,1.5,9,3,3,15,75,2.0,1.2,2.5,False,False,True,True,0.1,3,0.1,0.04
20,50.0,7.49999999999999,-6.0,1.2499999999999982,8.394881569152401,62.499999999999915,20,1.5,9,3,3,15,80,2.0,1.2,2.5,False,False,True,True,0.1,3,0.1,0.04
20,50.0,7.49999999999999,-6.0,1.2499999999999982,8.394881569152401,62.499999999999915,20,1.5,9,3,3,20,75,2.0,1.2,2.5,False,False,True,True,0.1,3,0.1,0.04
20,50.0,7.49999999999999,-6.0,1.2499999999999982,8.394881569152401,62.499999999999915,20,1.5,9,3,3,20,80,2.0,1.2,2.5,False,False,True,True,0.1,3,0.1,0.04
20,50.0,7.49999999999999,-6.0,1.2499999999999982,8.394881569152401,62.499999999999915,20,1.5,9,3,3,25,75,2.0,1.2,2.5,False,False,True,True,0.1,3,0.1,0.04
20,50.0,7.49999999999999,-6.0,1.2499999999999982,8.394881569152401,62.499999999999915,20,1.5,9,3,3,25,80,2.0,1.2,2.5,False,False,True,True,0.1,3,0.1,0.04
20,50.0,7.49999999999999,-6.0,1.2499999999999982,5.150650960794967,62.499999999999915,20,1.5,9,3,3,15,75,2.0,0.8,2.5,False,False,True,True,0.1,3,0.1,0.04
20,50.0,7.49999999999999,-6.0,1.2499999999999982,5.150650960794967,62.499999999999915,20,1.5,9,3,3,15,80,2.0,0.8,2.5,False,False,True,True,0.1,3,0.1,0.04
20,50.0,7.49999999999999,-6.0,1.2499999999999982,5.150650960794967,62.499999999999915,20,1.5,9,3,3,20,75,2.0,0.8,2.5,False,False,True,True,0.1,3,0.1,0.04
20,50.0,7.49999999999999,-6.0,1.2499999999999982,5.150650960794967,62.499999999999915,20,1.5,9,3,3,20,80,2.0,0.8,2.5,False,False,True,True,0.1,3,0.1,0.04
20,50.0,7.49999999999999,-6.0,1.2499999999999982,5.150650960794967,62.499999999999915,20,1.5,9,3,3,25,75,2.0,0.8,2.5,False,False,True,True,0.1,3,0.1,0.04
20,50.0,7.49999999999999,-6.0,1.2499999999999982,5.150650960794967,62.499999999999915,20,1.5,9,3,3,25,80,2.0,0.8,2.5,False,False,True,True,0.1,3,0.1,0.04
12,50.0,7.499999999999997,-6.000000000000008,1.2499999999999978,3.1380646957527514,62.499999999999886,14,1.5,14,3,3,15,75,2.0,1.2,2.5,False,True,True,True,0.1,3,0.1,0.04
12,50.0,7.499999999999997,-6.000000000000008,1.2499999999999978,3.1380646957527514,62.499999999999886,14,1.5,14,3,3,15,80,2.0,1.2,2.5,False,True,True,True,0.1,3,0.1,0.04
12,50.0,7.499999999999997,-6.000000000000008,1.2499999999999978,3.1380646957527514,62.499999999999886,14,1.5,14,3,3,20,75,2.0,1.2,2.5,False,True,True,True,0.1,3,0.1,0.04
12,50.0,7.499999999999997,-6.000000000000008,1.2499999999999978,3.1380646957527514,62.499999999999886,14,1.5,14,3,3,20,80,2.0,1.2,2.5,False,True,True,True,0.1,3,0.1,0.04
12,50.0,7.499999999999997,-6.000000000000008,1.2499999999999978,3.1380646957527514,62.499999999999886,14,1.5,14,3,3,25,75,2.0,1.2,2.5,False,True,True,True,0.1,3,0.1,0.04
12,50.0,7.499999999999997,-6.000000000000008,1.2499999999999978,3.1380646957527514,62.499999999999886,14,1.5,14,3,3,25,80,2.0,1.2,2.5,False,True,True,True,0.1,3,0.1,0.04
12,50.0,7.499999999999997,-6.000000000000008,1.2499999999999978,2.0607673399376747,62.499999999999886,14,1.5,14,3,3,15,75,2.0,1.8,2.5,False,True,True,True,0.1,3,0.1,0.04
12,50.0,7.499999999999997,-6.000000000000008,1.2499999999999978,2.0607673399376747,62.499999999999886,14,1.5,14,3,3,15,80,2.0,1.8,2.5,False,True,True,True,0.1,3,0.1,0.04
12,50.0,7.499999999999997,-6.000000000000008,1.2499999999999978,2.0607673399376747,62.499999999999886,14,1.5,14,3,3,20,75,2.0,1.8,2.5,False,True,True,True,0.1,3,0.1,0.04
12,50.0,7.499999999999997,-6.000000000000008,1.2499999999999978,2.0607673399376747,62.499999999999886,14,1.5,14,3,3,20,80,2.0,1.8,2.5,False,True,True,True,0.1,3,0.1,0.04
12,50.0,7.499999999999997,-6.000000000000008,1.2499999999999978,2.0607673399376747,62.499999999999886,14,1.5,14,3,3,25,75,2.0,1.8,2.5,False,True,True,True,0.1,3,0.1,0.04
12,50.0,7.499999999999997,-6.000000000000008,1.2499999999999978,2.0607673399376747,62.499999999999886,14,1.5,14,3,3,25,80,2.0,1.8,2.5,False,True,True,True,0.1,3,0.1,0.04
12,50.0,7.499999999999997,-6.000000000000008,1.2499999999999978,1.494650705019085,62.499999999999886,14,1.5,14,3,3,15,75,2.0,0.8,2.5,False,True,True,True,0.1,3,0.1,0.04
12,50.0,7.499999999999997,-6.000000000000008,1.2499999999999978,1.494650705019085,62.499999999999886,14,1.5,14,3,3,15,80,2.0,0.8,2.5,False,True,True,True,0.1,3,0.1,0.04
12,50.0,7.499999999999997,-6.000000000000008,1.2499999999999978,1.494650705019085,62.499999999999886,14,1.5,14,3,3,20,75,2.0,0.8,2.5,False,True,True,True,0.1,3,0.1,0.04
12,50.0,7.499999999999997,-6.000000000000008,1.2499999999999978,1.494650705019085,62.499999999999886,14,1.5,14,3,3,20,80,2.0,0.8,2.5,False,True,True,True,0.1,3,0.1,0.04
12,50.0,7.499999999999997,-6.000000000000008,1.2499999999999978,1.494650705019085,62.499999999999886,14,1.5,14,3,3,25,75,2.0,0.8,2.5,False,True,True,True,0.1,3,0.1,0.04
12,50.0,7.499999999999997,-6.000000000000008,1.2499999999999978,1.494650705019085,62.499999999999886,14,1.5,14,3,3,25,80,2.0,0.8,2.5,False,True,True,True,0.1,3,0.1,0.04
18,50.0,7.499999999999994,-6.000000000000008,1.2499999999999976,7.655657048040143,62.49999999999988,25,1.5,9,3,3,15,75,2.0,1.8,2.5,False,False,True,True,0.1,3,0.1,0.04
18,50.0,7.499999999999994,-6.000000000000008,1.2499999999999976,7.655657048040143,62.49999999999988,25,1.5,9,3,3,15,80,2.0,1.8,2.5,False,False,True,True,0.1,3,0.1,0.04
18,50.0,7.499999999999994,-6.000000000000008,1.2499999999999976,7.655657048040143,62.49999999999988,25,1.5,9,3,3,20,75,2.0,1.8,2.5,False,False,True,True,0.1,3,0.1,0.04
18,50.0,7.499999999999994,-6.000000000000008,1.2499999999999976,7.655657048040143,62.49999999999988,25,1.5,9,3,3,20,80,2.0,1.8,2.5,False,False,True,True,0.1,3,0.1,0.04
18,50.0,7.499999999999994,-6.000000000000008,1.2499999999999976,7.655657048040143,62.49999999999988,25,1.5,9,3,3,25,75,2.0,1.8,2.5,False,False,True,True,0.1,3,0.1,0.04
18,50.0,7.499999999999994,-6.000000000000008,1.2499999999999976,7.655657048040143,62.49999999999988,25,1.5,9,3,3,25,80,2.0,1.8,2.5,False,False,True,True,0.1,3,0.1,0.04
18,50.0,7.499999999999994,-6.000000000000008,1.2499999999999976,5.508976547440758,62.49999999999988,25,1.5,9,3,3,15,75,2.0,1.2,2.5,False,False,True,True,0.1,3,0.1,0.04
18,50.0,7.499999999999994,-6.000000000000008,1.2499999999999976,5.508976547440758,62.49999999999988,25,1.5,9,3,3,15,80,2.0,1.2,2.5,False,False,True,True,0.1,3,0.1,0.04
18,50.0,7.499999999999994,-6.000000000000008,1.2499999999999976,5.508976547440758,62.49999999999988,25,1.5,9,3,3,20,75,2.0,1.2,2.5,False,False,True,True,0.1,3,0.1,0.04
18,50.0,7.499999999999994,-6.000000000000008,1.2499999999999976,5.508976547440758,62.49999999999988,25,1.5,9,3,3,20,80,2.0,1.2,2.5,False,False,True,True,0.1,3,0.1,0.04
18,50.0,7.499999999999994,-6.000000000000008,1.2499999999999976,5.508976547440758,62.49999999999988,25,1.5,9,3,3,25,75,2.0,1.2,2.5,False,False,True,True,0.1,3,0.1,0.04
18,50.0,7.499999999999994,-6.000000000000008,1.2499999999999976,5.508976547440758,62.49999999999988,25,1.5,9,3,3,25,80,2.0,1.2,2.5,False,False,True,True,0.1,3,0.1,0.04
10,50.0,7.500000000000002,-6.000000000000012,1.2499999999999976,3.3581740184228215,62.49999999999988,14,1.5,14,3,3,15,85,2.0,1.2,2.5,True,True,True,True,0.1,3,0.1,0.04
10,50.0,7.500000000000002,-6.000000000000012,1.2499999999999976,3.3581740184228215,62.49999999999988,14,1.5,14,3,3,15,85,2.0,1.2,2.5,False,True,True,True,0.1,3,0.1,0.04
10,50.0,7.500000000000002,-6.000000000000012,1.2499999999999976,3.3581740184228215,62.49999999999988,14,1.5,14,3,3,20,85,2.0,1.2,2.5,True,True,True,True,0.1,3,0.1,0.04
10,50.0,7.500000000000002,-6.000000000000012,1.2499999999999976,3.3581740184228215,62.49999999999988,14,1.5,14,3,3,20,85,2.0,1.2,2.5,False,True,True,True,0.1,3,0.1,0.04
10,50.0,7.500000000000002,-6.000000000000012,1.2499999999999976,3.3581740184228215,62.49999999999988,14,1.5,14,3,3,25,85,2.0,1.2,2.5,True,True,True,True,0.1,3,0.1,0.04
10,50.0,7.500000000000002,-6.000000000000012,1.2499999999999976,3.3581740184228215,62.49999999999988,14,1.5,14,3,3,25,85,2.0,1.2,2.5,False,True,True,True,0.1,3,0.1,0.04
18,50.0,7.499999999999994,-6.000000000000008,1.2499999999999976,2.904272717271894,62.49999999999988,25,1.5,9,3,3,15,75,2.0,0.8,2.5,False,False,True,True,0.1,3,0.1,0.04
18,50.0,7.499999999999994,-6.000000000000008,1.2499999999999976,2.904272717271894,62.49999999999988,25,1.5,9,3,3,15,80,2.0,0.8,2.5,False,False,True,True,0.1,3,0.1,0.04
18,50.0,7.499999999999994,-6.000000000000008,1.2499999999999976,2.904272717271894,62.49999999999988,25,1.5,9,3,3,20,75,2.0,0.8,2.5,False,False,True,True,0.1,3,0.1,0.04
18,50.0,7.499999999999994,-6.000000000000008,1.2499999999999976,2.904272717271894,62.49999999999988,25,1.5,9,3,3,20,80,2.0,0.8,2.5,False,False,True,True,0.1,3,0.1,0.04
18,50.0,7.499999999999994,-6.000000000000008,1.2499999999999976,2.904272717271894,62.49999999999988,25,1.5,9,3,3,25,75,2.0,0.8,2.5,False,False,True,True,0.1,3,0.1,0.04
18,50.0,7.499999999999994,-6.000000000000008,1.2499999999999976,2.904272717271894,62.49999999999988,25,1.5,9,3,3,25,80,2.0,0.8,2.5,False,False,True,True,0.1,3,0.1,0.04
10,50.0,7.500000000000002,-6.000000000000012,1.2499999999999976,2.007568284518868,62.49999999999988,14,1.5,14,3,3,15,85,2.0,1.8,2.5,True,True,True,True,0.1,3,0.1,0.04
10,50.0,7.500000000000002,-6.000000000000012,1.2499999999999976,2.007568284518868,62.49999999999988,14,1.5,14,3,3,15,85,2.0,1.8,2.5,False,True,True,True,0.1,3,0.1,0.04
10,50.0,7.500000000000002,-6.000000000000012,1.2499999999999976,2.007568284518868,62.49999999999988,14,1.5,14,3,3,20,85,2.0,1.8,2.5,False,True,True,True,0.1,3,0.1,0.04
10,50.0,7.500000000000002,-6.000000000000012,1.2499999999999976,2.007568284518868,62.49999999999988,14,1.5,14,3,3,20,85,2.0,1.8,2.5,True,True,True,True,0.1,3,0.1,0.04
10,50.0,7.500000000000002,-6.000000000000012,1.2499999999999976,2.007568284518868,62.49999999999988,14,1.5,14,3,3,25,85,2.0,1.8,2.5,True,True,True,True,0.1,3,0.1,0.04
10,50.0,7.500000000000002,-6.000000000000012,1.2499999999999976,2.007568284518868,62.49999999999988,14,1.5,14,3,3,25,85,2.0,1.8,2.5,False,True,True,True,0.1,3,0.1,0.04
10,50.0,7.500000000000002,-6.000000000000012,1.2499999999999976,1.8917204556250233,62.49999999999988,14,1.5,14,3,3,15,85,2.0,0.8,2.5,False,True,True,True,0.1,3,0.1,0.04
10,50.0,7.500000000000002,-6.000000000000012,1.2499999999999976,1.8917204556250233,62.49999999999988,14,1.5,14,3,3,15,85,2.0,0.8,2.5,True,True,True,True,0.1,3,0.1,0.04
10,50.0,7.500000000000002,-6.000000000000012,1.2499999999999976,1.8917204556250233,62.49999999999988,14,1.5,14,3,3,20,85,2.0,0.8,2.5,True,True,True,True,0.1,3,0.1,0.04
10,50.0,7.500000000000002,-6.000000000000012,1.2499999999999976,1.8917204556250233,62.49999999999988,14,1.5,14,3,3,20,85,2.0,0.8,2.5,False,True,True,True,0.1,3,0.1,0.04
10,50.0,7.500000000000002,-6.000000000000012,1.2499999999999976,1.8917204556250233,62.49999999999988,14,1.5,14,3,3,25,85,2.0,0.8,2.5,True,True,True,True,0.1,3,0.1,0.04
10,50.0,7.500000000000002,-6.000000000000012,1.2499999999999976,1.8917204556250233,62.49999999999988,14,1.5,14,3,3,25,85,2.0,0.8,2.5,False,True,True,True,0.1,3,0.1,0.04
14,50.0,7.499999999999992,-6.000000000000006,1.2499999999999973,5.702117893399561,62.499999999999865,14,1.5,9,3,3,15,85,2.0,1.8,2.5,False,False,True,True,0.1,3,0.1,0.04
14,50.0,7.499999999999992,-6.000000000000006,1.2499999999999973,5.702117893399561,62.499999999999865,14,1.5,9,3,3,20,85,2.0,1.8,2.5,False,False,True,True,0.1,3,0.1,0.04
14,50.0,7.499999999999992,-6.000000000000006,1.2499999999999973,5.702117893399561,62.499999999999865,14,1.5,9,3,3,25,85,2.0,1.8,2.5,False,False,True,True,0.1,3,0.1,0.04
14,50.0,7.499999999999992,-6.000000000000006,1.2499999999999973,4.427887609576686,62.499999999999865,14,1.5,9,3,3,15,85,2.0,1.2,2.5,False,False,True,True,0.1,3,0.1,0.04
14,50.0,7.499999999999992,-6.000000000000006,1.2499999999999973,4.427887609576686,62.499999999999865,14,1.5,9,3,3,20,85,2.0,1.2,2.5,False,False,True,True,0.1,3,0.1,0.04
14,50.0,7.499999999999992,-6.000000000000006,1.2499999999999973,4.427887609576686,62.499999999999865,14,1.5,9,3,3,25,85,2.0,1.2,2.5,False,False,True,True,0.1,3,0.1,0.04
14,50.0,7.499999999999992,-6.000000000000006,1.2499999999999973,2.3966698233368167,62.499999999999865,14,1.5,9,3,3,15,85,2.0,0.8,2.5,False,False,True,True,0.1,3,0.1,0.04
14,50.0,7.499999999999992,-6.000000000000006,1.2499999999999973,2.3966698233368167,62.499999999999865,14,1.5,9,3,3,20,85,2.0,0.8,2.5,False,False,True,True,0.1,3,0.1,0.04
14,50.0,7.499999999999992,-6.000000000000006,1.2499999999999973,2.3966698233368167,62.499999999999865,14,1.5,9,3,3,25,85,2.0,0.8,2.5,False,False,True,True,0.1,3,0.1,0.04
16,50.0,7.499999999999991,-6.000000000000009,1.2499999999999967,5.7577353892989125,62.49999999999984,25,1.5,14,3,3,15,75,2.0,1.8,2.5,False,False,True,True,0.1,3,0.1,0.04
16,50.0,7.499999999999991,-6.000000000000009,1.2499999999999967,5.7577353892989125,62.49999999999984,25,1.5,14,3,3,15,80,2.0,1.8,2.5,False,False,True,True,0.1,3,0.1,0.04
16,50.0,7.499999999999991,-6.000000000000009,1.2499999999999967,5.7577353892989125,62.49999999999984,25,1.5,14,3,3,20,75,2.0,1.8,2.5,False,False,True,True,0.1,3,0.1,0.04
16,50.0,7.499999999999991,-6.000000000000009,1.2499999999999967,5.7577353892989125,62.49999999999984,25,1.5,14,3,3,20,80,2.0,1.8,2.5,False,False,True,True,0.1,3,0.1,0.04
16,50.0,7.499999999999991,-6.000000000000009,1.2499999999999967,5.7577353892989125,62.49999999999984,25,1.5,14,3,3,25,75,2.0,1.8,2.5,False,False,True,True,0.1,3,0.1,0.04
16,50.0,7.499999999999991,-6.000000000000009,1.2499999999999967,5.7577353892989125,62.49999999999984,25,1.5,14,3,3,25,80,2.0,1.8,2.5,False,False,True,True,0.1,3,0.1,0.04
16,50.0,7.499999999999991,-6.000000000000009,1.2499999999999967,4.205909305277156,62.49999999999984,25,1.5,14,3,3,15,75,2.0,1.2,2.5,False,False,True,True,0.1,3,0.1,0.04
16,50.0,7.499999999999991,-6.000000000000009,1.2499999999999967,4.205909305277156,62.49999999999984,25,1.5,14,3,3,15,80,2.0,1.2,2.5,False,False,True,True,0.1,3,0.1,0.04
16,50.0,7.499999999999991,-6.000000000000009,1.2499999999999967,4.205909305277156,62.49999999999984,25,1.5,14,3,3,20,75,2.0,1.2,2.5,False,False,True,True,0.1,3,0.1,0.04
16,50.0,7.499999999999991,-6.000000000000009,1.2499999999999967,4.205909305277156,62.49999999999984,25,1.5,14,3,3,20,80,2.0,1.2,2.5,False,False,True,True,0.1,3,0.1,0.04
16,50.0,7.499999999999991,-6.000000000000009,1.2499999999999967,4.205909305277156,62.49999999999984,25,1.5,14,3,3,25,75,2.0,1.2,2.5,False,False,True,True,0.1,3,0.1,0.04
16,50.0,7.499999999999991,-6.000000000000009,1.2499999999999967,4.205909305277156,62.49999999999984,25,1.5,14,3,3,25,80,2.0,1.2,2.5,False,False,True,True,0.1,3,0.1,0.04
16,50.0,7.499999999999991,-6.000000000000009,1.2499999999999967,1.9979832719376533,62.49999999999984,25,1.5,14,3,3,15,75,2.0,0.8,2.5,False,False,True,True,0.1,3,0.1,0.04
16,50.0,7.499999999999991,-6.000000000000009,1.2499999999999967,1.9979832719376533,62.49999999999984,25,1.5,14,3,3,15,80,2.0,0.8,2.5,False,False,True,True,0.1,3,0.1,0.04
16,50.0,7.499999999999991,-6.000000000000009,1.2499999999999967,1.9979832719376533,62.49999999999984,25,1.5,14,3,3,20,75,2.0,0.8,2.5,False,False,True,True,0.1,3,0.1,0.04
16,50.0,7.499999999999991,-6.000000000000009,1.2499999999999967,1.9979832719376533,62.49999999999984,25,1.5,14,3,3,20,80,2.0,0.8,2.5,False,False,True,True,0.1,3,0.1,0.04
16,50.0,7.499999999999991,-6.000000000000009,1.2499999999999967,1.9979832719376533,62.49999999999984,25,1.5,14,3,3,25,75,2.0,0.8,2.5,False,False,True,True,0.1,3,0.1,0.04
16,50.0,7.499999999999991,-6.000000000000009,1.2499999999999967,1.9979832719376533,62.49999999999984,25,1.5,14,3,3,25,80,2.0,0.8,2.5,False,False,True,True,0.1,3,0.1,0.04
20,50.0,7.190213602357647,-6.0,1.1983689337262744,12.20168767293508,59.91844668631372,20,1.5,9,3,3,15,75,2.0,1.2,2.5,True,False,True,True,0.1,3,0.1,0.04
20,50.0,7.190213602357647,-6.0,1.1983689337262744,12.20168767293508,59.91844668631372,20,1.5,9,3,3,15,80,2.0,1.2,2.5,True,False,True,True,0.1,3,0.1,0.04
20,50.0,7.190213602357647,-6.0,1.1983689337262744,12.20168767293508,59.91844668631372,20,1.5,9,3,3,20,75,2.0,1.2,2.5,True,False,True,True,0.1,3,0.1,0.04
20,50.0,7.190213602357647,-6.0,1.1983689337262744,12.20168767293508,59.91844668631372,20,1.5,9,3,3,20,80,2.0,1.2,2.5,True,False,True,True,0.1,3,0.1,0.04
20,50.0,7.190213602357647,-6.0,1.1983689337262744,12.20168767293508,59.91844668631372,20,1.5,9,3,3,25,75,2.0,1.2,2.5,True,False,True,True,0.1,3,0.1,0.04
20,50.0,7.190213602357647,-6.0,1.1983689337262744,12.20168767293508,59.91844668631372,20,1.5,9,3,3,25,80,2.0,1.2,2.5,True,False,True,True,0.1,3,0.1,0.04
20,50.0,7.190213602357647,-6.0,1.1983689337262744,10.771000421413612,59.91844668631372,20,1.5,9,3,3,15,75,2.0,1.8,2.5,True,False,True,True,0.1,3,0.1,0.04
20,50.0,7.190213602357647,-6.0,1.1983689337262744,10.771000421413612,59.91844668631372,20,1.5,9,3,3,15,80,2.0,1.8,2.5,True,False,True,True,0.1,3,0.1,0.04
20,50.0,7.190213602357647,-6.0,1.1983689337262744,10.771000421413612,59.91844668631372,20,1.5,9,3,3,20,75,2.0,1.8,2.5,True,False,True,True,0.1,3,0.1,0.04
20,50.0,7.190213602357647,-6.0,1.1983689337262744,10.771000421413612,59.91844668631372,20,1.5,9,3,3,20,80,2.0,1.8,2.5,True,False,True,True,0.1,3,0.1,0.04
20,50.0,7.190213602357647,-6.0,1.1983689337262744,10.771000421413612,59.91844668631372,20,1.5,9,3,3,25,75,2.0,1.8,2.5,True,False,True,True,0.1,3,0.1,0.04
20,50.0,7.190213602357647,-6.0,1.1983689337262744,10.771000421413612,59.91844668631372,20,1.5,9,3,3,25,80,2.0,1.8,2.5,True,False,True,True,0.1,3,0.1,0.04
20,50.0,7.190213602357647,-6.0,1.1983689337262744,8.85011388096828,59.91844668631372,20,1.5,9,3,3,15,75,2.0,0.8,2.5,True,False,True,True,0.1,3,0.1,0.04
20,50.0,7.190213602357647,-6.0,1.1983689337262744,8.85011388096828,59.91844668631372,20,1.5,9,3,3,15,80,2.0,0.8,2.5,True,False,True,True,0.1,3,0.1,0.04
20,50.0,7.190213602357647,-6.0,1.1983689337262744,8.85011388096828,59.91844668631372,20,1.5,9,3,3,20,75,2.0,0.8,2.5,True,False,True,True,0.1,3,0.1,0.04
20,50.0,7.190213602357647,-6.0,1.1983689337262744,8.85011388096828,59.91844668631372,20,1.5,9,3,3,20,80,2.0,0.8,2.5,True,False,True,True,0.1,3,0.1,0.04
20,50.0,7.190213602357647,-6.0,1.1983689337262744,8.85011388096828,59.91844668631372,20,1.5,9,3,3,25,75,2.0,0.8,2.5,True,False,True,True,0.1,3,0.1,0.04
20,50.0,7.190213602357647,-6.0,1.1983689337262744,8.85011388096828,59.91844668631372,20,1.5,9,3,3,25,80,2.0,0.8,2.5,True,False,True,True,0.1,3,0.1,0.04
14,50.0,6.368360492481456,-6.000000000000002,1.0613934154135756,5.814207246254033,53.069670770678776,20,1.5,14,3,3,15,85,2.0,1.2,2.5,True,False,True,True,0.1,3,0.1,0.04
14,50.0,6.368360492481456,-6.000000000000002,1.0613934154135756,5.814207246254033,53.069670770678776,20,1.5,14,3,3,20,85,2.0,1.2,2.5,True,False,True,True,0.1,3,0.1,0.04
14,50.0,6.368360492481456,-6.000000000000002,1.0613934154135756,5.814207246254033,53.069670770678776,20,1.5,14,3,3,25,85,2.0,1.2,2.5,True,False,True,True,0.1,3,0.1,0.04
14,50.0,6.368360492481456,-6.000000000000002,1.0613934154135756,3.897241849408828,53.069670770678776,20,1.5,14,3,3,15,85,2.0,1.8,2.5,True,False,True,True,0.1,3,0.1,0.04
14,50.0,6.368360492481456,-6.000000000000002,1.0613934154135756,3.897241849408828,53.069670770678776,20,1.5,14,3,3,20,85,2.0,1.8,2.5,True,False,True,True,0.1,3,0.1,0.04
14,50.0,6.368360492481456,-6.000000000000002,1.0613934154135756,3.897241849408828,53.069670770678776,20,1.5,14,3,3,25,85,2.0,1.8,2.5,True,False,True,True,0.1,3,0.1,0.04
14,50.0,6.368360492481456,-6.000000000000002,1.0613934154135756,3.5682135987917807,53.069670770678776,20,1.5,14,3,3,15,85,2.0,0.8,2.5,True,False,True,True,0.1,3,0.1,0.04
14,50.0,6.368360492481456,-6.000000000000002,1.0613934154135756,3.5682135987917807,53.069670770678776,20,1.5,14,3,3,20,85,2.0,0.8,2.5,True,False,True,True,0.1,3,0.1,0.04
14,50.0,6.368360492481456,-6.000000000000002,1.0613934154135756,3.5682135987917807,53.069670770678776,20,1.5,14,3,3,25,85,2.0,0.8,2.5,True,False,True,True,0.1,3,0.1,0.04
12,50.0,6.225291812130848,-6.000000000000001,1.037548635355141,5.742361477341618,51.87743176775705,20,1.5,14,3,3,15,75,2.0,1.2,2.5,True,True,True,True,0.1,3,0.1,0.04
12,50.0,6.225291812130848,-6.000000000000001,1.037548635355141,5.742361477341618,51.87743176775705,20,1.5,14,3,3,15,80,2.0,1.2,2.5,True,True,True,True,0.1,3,0.1,0.04
12,50.0,6.225291812130848,-6.000000000000001,1.037548635355141,5.742361477341618,51.87743176775705,20,1.5,14,3,3,20,75,2.0,1.2,2.5,True,True,True,True,0.1,3,0.1,0.04
12,50.0,6.225291812130848,-6.000000000000001,1.037548635355141,5.742361477341618,51.87743176775705,20,1.5,14,3,3,20,80,2.0,1.2,2.5,True,True,True,True,0.1,3,0.1,0.04
12,50.0,6.225291812130848,-6.000000000000001,1.037548635355141,5.742361477341618,51.87743176775705,20,1.5,14,3,3,25,75,2.0,1.2,2.5,True,True,True,True,0.1,3,0.1,0.04
12,50.0,6.225291812130848,-6.000000000000001,1.037548635355141,5.742361477341618,51.87743176775705,20,1.5,14,3,3,25,80,2.0,1.2,2.5,True,True,True,True,0.1,3,0.1,0.04
12,50.0,6.225291812130848,-6.000000000000001,1.037548635355141,3.8712968011668902,51.87743176775705,20,1.5,14,3,3,15,75,2.0,0.8,2.5,True,True,True,True,0.1,3,0.1,0.04
12,50.0,6.225291812130848,-6.000000000000001,1.037548635355141,3.8712968011668902,51.87743176775705,20,1.5,14,3,3,15,80,2.0,0.8,2.5,True,True,True,True,0.1,3,0.1,0.04
12,50.0,6.225291812130848,-6.000000000000001,1.037548635355141,3.8712968011668902,51.87743176775705,20,1.5,14,3,3,20,75,2.0,0.8,2.5,True,True,True,True,0.1,3,0.1,0.04
12,50.0,6.225291812130848,-6.000000000000001,1.037548635355141,3.8712968011668902,51.87743176775705,20,1.5,14,3,3,20,80,2.0,0.8,2.5,True,True,True,True,0.1,3,0.1,0.04
12,50.0,6.225291812130848,-6.000000000000001,1.037548635355141,3.8712968011668902,51.87743176775705,20,1.5,14,3,3,25,75,2.0,0.8,2.5,True,True,True,True,0.1,3,0.1,0.04
12,50.0,6.225291812130848,-6.000000000000001,1.037548635355141,3.8712968011668902,51.87743176775705,20,1.5,14,3,3,25,80,2.0,0.8,2.5,True,True,True,True,0.1,3,0.1,0.04
12,50.0,6.225291812130848,-6.000000000000001,1.037548635355141,2.4632620338710387,51.87743176775705,20,1.5,14,3,3,15,75,2.0,1.8,2.5,True,True,True,True,0.1,3,0.1,0.04
12,50.0,6.225291812130848,-6.000000000000001,1.037548635355141,2.4632620338710387,51.87743176775705,20,1.5,14,3,3,15,80,2.0,1.8,2.5,True,True,True,True,0.1,3,0.1,0.04
12,50.0,6.225291812130848,-6.000000000000001,1.037548635355141,2.4632620338710387,51.87743176775705,20,1.5,14,3,3,20,75,2.0,1.8,2.5,True,True,True,True,0.1,3,0.1,0.04
12,50.0,6.225291812130848,-6.000000000000001,1.037548635355141,2.4632620338710387,51.87743176775705,20,1.5,14,3,3,20,80,2.0,1.8,2.5,True,True,True,True,0.1,3,0.1,0.04
12,50.0,6.225291812130848,-6.000000000000001,1.037548635355141,2.4632620338710387,51.87743176775705,20,1.5,14,3,3,25,75,2.0,1.8,2.5,True,True,True,True,0.1,3,0.1,0.04
12,50.0,6.225291812130848,-6.000000000000001,1.037548635355141,2.4632620338710387,51.87743176775705,20,1.5,14,3,3,25,80,2.0,1.8,2.5,True,True,True,True,0.1,3,0.1,0.04
10,50.0,5.915704689474047,-6.000000000000004,0.9859507815790071,4.73039373198334,49.29753907895035,20,1.5,14,3,3,15,85,2.0,1.2,2.5,True,True,True,True,0.1,3,0.1,0.04
10,50.0,5.915704689474047,-6.000000000000004,0.9859507815790071,4.73039373198334,49.29753907895035,20,1.5,14,3,3,20,85,2.0,1.2,2.5,True,True,True,True,0.1,3,0.1,0.04
10,50.0,5.915704689474047,-6.000000000000004,0.9859507815790071,4.73039373198334,49.29753907895035,20,1.5,14,3,3,25,85,2.0,1.2,2.5,True,True,True,True,0.1,3,0.1,0.04
10,50.0,5.915704689474047,-6.000000000000004,0.9859507815790071,3.057636234225014,49.29753907895035,20,1.5,14,3,3,15,85,2.0,0.8,2.5,True,True,True,True,0.1,3,0.1,0.04
10,50.0,5.915704689474047,-6.000000000000004,0.9859507815790071,3.057636234225014,49.29753907895035,20,1.5,14,3,3,20,85,2.0,0.8,2.5,True,True,True,True,0.1,3,0.1,0.04
10,50.0,5.915704689474047,-6.000000000000004,0.9859507815790071,3.057636234225014,49.29753907895035,20,1.5,14,3,3,25,85,2.0,0.8,2.5,True,True,True,True,0.1,3,0.1,0.04
10,50.0,5.915704689474047,-6.000000000000004,0.9859507815790071,2.0124378500713913,49.29753907895035,20,1.5,14,3,3,15,85,2.0,1.8,2.5,True,True,True,True,0.1,3,0.1,0.04
10,50.0,5.915704689474047,-6.000000000000004,0.9859507815790071,2.0124378500713913,49.29753907895035,20,1.5,14,3,3,20,85,2.0,1.8,2.5,True,True,True,True,0.1,3,0.1,0.04
10,50.0,5.915704689474047,-6.000000000000004,0.9859507815790071,2.0124378500713913,49.29753907895035,20,1.5,14,3,3,25,85,2.0,1.8,2.5,True,True,True,True,0.1,3,0.1,0.04
17,47.05882352941176,8.102951572025782,-2.9999999999999996,2.4008745398594917,11.460059266686606,112.98233128750549,14,1.5,9,3,3,15,75,1.0,1.8,2.5,True,False,True,True,0.1,3,0.1,0.04
17,47.05882352941176,8.102951572025782,-2.9999999999999996,2.4008745398594917,11.460059266686606,112.98233128750549,14,1.5,9,3,3,15,80,1.0,1.8,2.5,True,False,True,True,0.1,3,0.1,0.04
17,47.05882352941176,8.102951572025782,-2.9999999999999996,2.4008745398594917,11.460059266686606,112.98233128750549,14,1.5,9,3,3,20,75,1.0,1.8,2.5,True,False,True,True,0.1,3,0.1,0.04
17,47.05882352941176,8.102951572025782,-2.9999999999999996,2.4008745398594917,11.460059266686606,112.98233128750549,14,1.5,9,3,3,20,80,1.0,1.8,2.5,True,False,True,True,0.1,3,0.1,0.04
17,47.05882352941176,8.102951572025782,-2.9999999999999996,2.4008745398594917,11.460059266686606,112.98233128750549,14,1.5,9,3,3,25,75,1.0,1.8,2.5,True,False,True,True,0.1,3,0.1,0.04
17,47.05882352941176,8.102951572025782,-2.9999999999999996,2.4008745398594917,11.460059266686606,112.98233128750549,14,1.5,9,3,3,25,80,1.0,1.8,2.5,True,False,True,True,0.1,3,0.1,0.04
17,47.05882352941176,8.102951572025782,-2.9999999999999996,2.4008745398594917,10.78766466733061,112.98233128750549,14,1.5,9,3,3,15,75,1.0,1.2,2.5,True,False,True,True,0.1,3,0.1,0.04
17,47.05882352941176,8.102951572025782,-2.9999999999999996,2.4008745398594917,10.78766466733061,112.98233128750549,14,1.5,9,3,3,15,80,1.0,1.2,2.5,True,False,True,True,0.1,3,0.1,0.04
17,47.05882352941176,8.102951572025782,-2.9999999999999996,2.4008745398594917,10.78766466733061,112.98233128750549,14,1.5,9,3,3,20,75,1.0,1.2,2.5,True,False,True,True,0.1,3,0.1,0.04
17,47.05882352941176,8.102951572025782,-2.9999999999999996,2.4008745398594917,10.78766466733061,112.98233128750549,14,1.5,9,3,3,20,80,1.0,1.2,2.5,True,False,True,True,0.1,3,0.1,0.04
17,47.05882352941176,8.102951572025782,-2.9999999999999996,2.4008745398594917,10.78766466733061,112.98233128750549,14,1.5,9,3,3,25,75,1.0,1.2,2.5,True,False,True,True,0.1,3,0.1,0.04
17,47.05882352941176,8.102951572025782,-2.9999999999999996,2.4008745398594917,10.78766466733061,112.98233128750549,14,1.5,9,3,3,25,80,1.0,1.2,2.5,True,False,True,True,0.1,3,0.1,0.04
17,47.05882352941176,8.102951572025782,-2.9999999999999996,2.4008745398594917,8.841976342272595,112.98233128750549,14,1.5,9,3,3,15,75,1.0,0.8,2.5,True,False,True,True,0.1,3,0.1,0.04
17,47.05882352941176,8.102951572025782,-2.9999999999999996,2.4008745398594917,8.841976342272595,112.98233128750549,14,1.5,9,3,3,15,80,1.0,0.8,2.5,True,False,True,True,0.1,3,0.1,0.04
17,47.05882352941176,8.102951572025782,-2.9999999999999996,2.4008745398594917,8.841976342272595,112.98233128750549,14,1.5,9,3,3,20,75,1.0,0.8,2.5,True,False,True,True,0.1,3,0.1,0.04
17,47.05882352941176,8.102951572025782,-2.9999999999999996,2.4008745398594917,8.841976342272595,112.98233128750549,14,1.5,9,3,3,20,80,1.0,0.8,2.5,True,False,True,True,0.1,3,0.1,0.04
17,47.05882352941176,8.102951572025782,-2.9999999999999996,2.4008745398594917,8.841976342272595,112.98233128750549,14,1.5,9,3,3,25,75,1.0,0.8,2.5,True,False,True,True,0.1,3,0.1,0.04
17,47.05882352941176,8.102951572025782,-2.9999999999999996,2.4008745398594917,8.841976342272595,112.98233128750549,14,1.5,9,3,3,25,80,1.0,0.8,2.5,True,False,True,True,0.1,3,0.1,0.04
17,47.05882352941176,7.49999999999999,-2.9999999999999996,2.22222222222222,8.385925729646782,104.57516339869271,14,1.5,9,3,3,15,75,1.0,1.8,2.5,False,False,True,True,0.1,3,0.1,0.04
17,47.05882352941176,7.49999999999999,-2.9999999999999996,2.22222222222222,8.385925729646782,104.57516339869271,14,1.5,9,3,3,15,80,1.0,1.8,2.5,False,False,True,True,0.1,3,0.1,0.04
17,47.05882352941176,7.49999999999999,-2.9999999999999996,2.22222222222222,8.385925729646782,104.57516339869271,14,1.5,9,3,3,20,75,1.0,1.8,2.5,False,False,True,True,0.1,3,0.1,0.04
17,47.05882352941176,7.49999999999999,-2.9999999999999996,2.22222222222222,8.385925729646782,104.57516339869271,14,1.5,9,3,3,20,80,1.0,1.8,2.5,False,False,True,True,0.1,3,0.1,0.04
17,47.05882352941176,7.49999999999999,-2.9999999999999996,2.22222222222222,8.385925729646782,104.57516339869271,14,1.5,9,3,3,25,75,1.0,1.8,2.5,False,False,True,True,0.1,3,0.1,0.04
17,47.05882352941176,7.49999999999999,-2.9999999999999996,2.22222222222222,8.385925729646782,104.57516339869271,14,1.5,9,3,3,25,80,1.0,1.8,2.5,False,False,True,True,0.1,3,0.1,0.04
17,47.05882352941176,7.49999999999999,-2.9999999999999996,2.22222222222222,6.881879908522448,104.57516339869271,14,1.5,9,3,3,15,75,1.0,1.2,2.5,False,False,True,True,0.1,3,0.1,0.04
17,47.05882352941176,7.49999999999999,-2.9999999999999996,2.22222222222222,6.881879908522448,104.57516339869271,14,1.5,9,3,3,15,80,1.0,1.2,2.5,False,False,True,True,0.1,3,0.1,0.04
17,47.05882352941176,7.49999999999999,-2.9999999999999996,2.22222222222222,6.881879908522448,104.57516339869271,14,1.5,9,3,3,20,75,1.0,1.2,2.5,False,False,True,True,0.1,3,0.1,0.04
17,47.05882352941176,7.49999999999999,-2.9999999999999996,2.22222222222222,6.881879908522448,104.57516339869271,14,1.5,9,3,3,20,80,1.0,1.2,2.5,False,False,True,True,0.1,3,0.1,0.04
17,47.05882352941176,7.49999999999999,-2.9999999999999996,2.22222222222222,6.881879908522448,104.57516339869271,14,1.5,9,3,3,25,75,1.0,1.2,2.5,False,False,True,True,0.1,3,0.1,0.04
17,47.05882352941176,7.49999999999999,-2.9999999999999996,2.22222222222222,6.881879908522448,104.57516339869271,14,1.5,9,3,3,25,80,1.0,1.2,2.5,False,False,True,True,0.1,3,0.1,0.04
17,47.05882352941176,7.49999999999999,-2.9999999999999996,2.22222222222222,4.998167456762759,104.57516339869271,14,1.5,9,3,3,15,75,1.0,0.8,2.5,False,False,True,True,0.1,3,0.1,0.04
17,47.05882352941176,7.49999999999999,-2.9999999999999996,2.22222222222222,4.998167456762759,104.57516339869271,14,1.5,9,3,3,15,80,1.0,0.8,2.5,False,False,True,True,0.1,3,0.1,0.04
17,47.05882352941176,7.49999999999999,-2.9999999999999996,2.22222222222222,4.998167456762759,104.57516339869271,14,1.5,9,3,3,20,75,1.0,0.8,2.5,False,False,True,True,0.1,3,0.1,0.04
17,47.05882352941176,7.49999999999999,-2.9999999999999996,2.22222222222222,4.998167456762759,104.57516339869271,14,1.5,9,3,3,20,80,1.0,0.8,2.5,False,False,True,True,0.1,3,0.1,0.04
17,47.05882352941176,7.49999999999999,-2.9999999999999996,2.22222222222222,4.998167456762759,104.57516339869271,14,1.5,9,3,3,25,75,1.0,0.8,2.5,False,False,True,True,0.1,3,0.1,0.04
17,47.05882352941176,7.49999999999999,-2.9999999999999996,2.22222222222222,4.998167456762759,104.57516339869271,14,1.5,9,3,3,25,80,1.0,0.8,2.5,False,False,True,True,0.1,3,0.1,0.04
17,47.05882352941176,8.102951572025782,-4.499999999999988,1.600583026572999,9.479421279245859,75.32155419167053,14,1.5,9,3,3,15,75,1.5,1.2,2.5,True,False,True,True,0.1,3,0.1,0.04
17,47.05882352941176,8.102951572025782,-4.499999999999988,1.600583026572999,9.479421279245859,75.32155419167053,14,1.5,9,3,3,15,80,1.5,1.2,2.5,True,False,True,True,0.1,3,0.1,0.04
17,47.05882352941176,8.102951572025782,-4.499999999999988,1.600583026572999,9.479421279245859,75.32155419167053,14,1.5,9,3,3,20,75,1.5,1.2,2.5,True,False,True,True,0.1,3,0.1,0.04
17,47.05882352941176,8.102951572025782,-4.499999999999988,1.600583026572999,9.479421279245859,75.32155419167053,14,1.5,9,3,3,20,80,1.5,1.2,2.5,True,False,True,True,0.1,3,0.1,0.04
17,47.05882352941176,8.102951572025782,-4.499999999999988,1.600583026572999,9.479421279245859,75.32155419167053,14,1.5,9,3,3,25,75,1.5,1.2,2.5,True,False,True,True,0.1,3,0.1,0.04
17,47.05882352941176,8.102951572025782,-4.499999999999988,1.600583026572999,9.479421279245859,75.32155419167053,14,1.5,9,3,3,25,80,1.5,1.2,2.5,True,False,True,True,0.1,3,0.1,0.04
17,47.05882352941176,8.102951572025782,-4.499999999999988,1.600583026572999,8.847445506451246,75.32155419167053,14,1.5,9,3,3,15,75,1.5,1.8,2.5,True,False,True,True,0.1,3,0.1,0.04
17,47.05882352941176,8.102951572025782,-4.499999999999988,1.600583026572999,8.847445506451246,75.32155419167053,14,1.5,9,3,3,15,80,1.5,1.8,2.5,True,False,True,True,0.1,3,0.1,0.04
17,47.05882352941176,8.102951572025782,-4.499999999999988,1.600583026572999,8.847445506451246,75.32155419167053,14,1.5,9,3,3,20,75,1.5,1.8,2.5,True,False,True,True,0.1,3,0.1,0.04
17,47.05882352941176,8.102951572025782,-4.499999999999988,1.600583026572999,8.847445506451246,75.32155419167053,14,1.5,9,3,3,20,80,1.5,1.8,2.5,True,False,True,True,0.1,3,0.1,0.04
17,47.05882352941176,8.102951572025782,-4.499999999999988,1.600583026572999,8.847445506451246,75.32155419167053,14,1.5,9,3,3,25,75,1.5,1.8,2.5,True,False,True,True,0.1,3,0.1,0.04
17,47.05882352941176,8.102951572025782,-4.499999999999988,1.600583026572999,8.847445506451246,75.32155419167053,14,1.5,9,3,3,25,80,1.5,1.8,2.5,True,False,True,True,0.1,3,0.1,0.04
17,47.05882352941176,8.102951572025782,-4.499999999999988,1.600583026572999,7.168315420739746,75.32155419167053,14,1.5,9,3,3,15,75,1.5,0.8,2.5,True,False,True,True,0.1,3,0.1,0.04
17,47.05882352941176,8.102951572025782,-4.499999999999988,1.600583026572999,7.168315420739746,75.32155419167053,14,1.5,9,3,3,15,80,1.5,0.8,2.5,True,False,True,True,0.1,3,0.1,0.04
17,47.05882352941176,8.102951572025782,-4.499999999999988,1.600583026572999,7.168315420739746,75.32155419167053,14,1.5,9,3,3,20,75,1.5,0.8,2.5,True,False,True,True,0.1,3,0.1,0.04
17,47.05882352941176,8.102951572025782,-4.499999999999988,1.600583026572999,7.168315420739746,75.32155419167053,14,1.5,9,3,3,20,80,1.5,0.8,2.5,True,False,True,True,0.1,3,0.1,0.04
17,47.05882352941176,8.102951572025782,-4.499999999999988,1.600583026572999,7.168315420739746,75.32155419167053,14,1.5,9,3,3,25,75,1.5,0.8,2.5,True,False,True,True,0.1,3,0.1,0.04
17,47.05882352941176,8.102951572025782,-4.499999999999988,1.600583026572999,7.168315420739746,75.32155419167053,14,1.5,9,3,3,25,80,1.5,0.8,2.5,True,False,True,True,0.1,3,0.1,0.04
17,47.05882352941176,7.49999999999999,-4.499999999999988,1.4814814814814843,5.845369382914534,69.71677559912867,14,1.5,9,3,3,15,75,1.5,1.8,2.5,False,False,True,True,0.1,3,0.1,0.04
17,47.05882352941176,7.49999999999999,-4.499999999999988,1.4814814814814843,5.845369382914534,69.71677559912867,14,1.5,9,3,3,15,80,1.5,1.8,2.5,False,False,True,True,0.1,3,0.1,0.04
17,47.05882352941176,7.49999999999999,-4.499999999999988,1.4814814814814843,5.845369382914534,69.71677559912867,14,1.5,9,3,3,20,75,1.5,1.8,2.5,False,False,True,True,0.1,3,0.1,0.04
17,47.05882352941176,7.49999999999999,-4.499999999999988,1.4814814814814843,5.845369382914534,69.71677559912867,14,1.5,9,3,3,20,80,1.5,1.8,2.5,False,False,True,True,0.1,3,0.1,0.04
17,47.05882352941176,7.49999999999999,-4.499999999999988,1.4814814814814843,5.845369382914534,69.71677559912867,14,1.5,9,3,3,25,75,1.5,1.8,2.5,False,False,True,True,0.1,3,0.1,0.04
17,47.05882352941176,7.49999999999999,-4.499999999999988,1.4814814814814843,5.845369382914534,69.71677559912867,14,1.5,9,3,3,25,80,1.5,1.8,2.5,False,False,True,True,0.1,3,0.1,0.04
17,47.05882352941176,7.49999999999999,-4.499999999999988,1.4814814814814843,5.6197582353537445,69.71677559912867,14,1.5,9,3,3,15,75,1.5,1.2,2.5,False,False,True,True,0.1,3,0.1,0.04
17,47.05882352941176,7.49999999999999,-4.499999999999988,1.4814814814814843,5.6197582353537445,69.71677559912867,14,1.5,9,3,3,15,80,1.5,1.2,2.5,False,False,True,True,0.1,3,0.1,0.04
17,47.05882352941176,7.49999999999999,-4.499999999999988,1.4814814814814843,5.6197582353537445,69.71677559912867,14,1.5,9,3,3,20,75,1.5,1.2,2.5,False,False,True,True,0.1,3,0.1,0.04
17,47.05882352941176,7.49999999999999,-4.499999999999988,1.4814814814814843,5.6197582353537445,69.71677559912867,14,1.5,9,3,3,20,80,1.5,1.2,2.5,False,False,True,True,0.1,3,0.1,0.04
17,47.05882352941176,7.49999999999999,-4.499999999999988,1.4814814814814843,5.6197582353537445,69.71677559912867,14,1.5,9,3,3,25,75,1.5,1.2,2.5,False,False,True,True,0.1,3,0.1,0.04
17,47.05882352941176,7.49999999999999,-4.499999999999988,1.4814814814814843,5.6197582353537445,69.71677559912867,14,1.5,9,3,3,25,80,1.5,1.2,2.5,False,False,True,True,0.1,3,0.1,0.04
17,47.05882352941176,7.49999999999999,-4.499999999999988,1.4814814814814843,3.383612708580719,69.71677559912867,14,1.5,9,3,3,15,75,1.5,0.8,2.5,False,False,True,True,0.1,3,0.1,0.04
17,47.05882352941176,7.49999999999999,-4.499999999999988,1.4814814814814843,3.383612708580719,69.71677559912867,14,1.5,9,3,3,15,80,1.5,0.8,2.5,False,False,True,True,0.1,3,0.1,0.04
17,47.05882352941176,7.49999999999999,-4.499999999999988,1.4814814814814843,3.383612708580719,69.71677559912867,14,1.5,9,3,3,20,75,1.5,0.8,2.5,False,False,True,True,0.1,3,0.1,0.04
17,47.05882352941176,7.49999999999999,-4.499999999999988,1.4814814814814843,3.383612708580719,69.71677559912867,14,1.5,9,3,3,20,80,1.5,0.8,2.5,False,False,True,True,0.1,3,0.1,0.04
17,47.05882352941176,7.49999999999999,-4.499999999999988,1.4814814814814843,3.383612708580719,69.71677559912867,14,1.5,9,3,3,25,75,1.5,0.8,2.5,False,False,True,True,0.1,3,0.1,0.04
17,47.05882352941176,7.49999999999999,-4.499999999999988,1.4814814814814843,3.383612708580719,69.71677559912867,14,1.5,9,3,3,25,80,1.5,0.8,2.5,False,False,True,True,0.1,3,0.1,0.04
17,47.05882352941176,8.102951572025782,-6.000000000000005,1.2004372699297445,7.598658441829942,56.49116564375268,14,1.5,9,3,3,15,75,2.0,1.2,2.5,True,False,True,True,0.1,3,0.1,0.04
17,47.05882352941176,8.102951572025782,-6.000000000000005,1.2004372699297445,7.598658441829942,56.49116564375268,14,1.5,9,3,3,15,80,2.0,1.2,2.5,True,False,True,True,0.1,3,0.1,0.04
17,47.05882352941176,8.102951572025782,-6.000000000000005,1.2004372699297445,7.598658441829942,56.49116564375268,14,1.5,9,3,3,20,75,2.0,1.2,2.5,True,False,True,True,0.1,3,0.1,0.04
17,47.05882352941176,8.102951572025782,-6.000000000000005,1.2004372699297445,7.598658441829942,56.49116564375268,14,1.5,9,3,3,20,80,2.0,1.2,2.5,True,False,True,True,0.1,3,0.1,0.04
17,47.05882352941176,8.102951572025782,-6.000000000000005,1.2004372699297445,7.598658441829942,56.49116564375268,14,1.5,9,3,3,25,75,2.0,1.2,2.5,True,False,True,True,0.1,3,0.1,0.04
17,47.05882352941176,8.102951572025782,-6.000000000000005,1.2004372699297445,7.598658441829942,56.49116564375268,14,1.5,9,3,3,25,80,2.0,1.2,2.5,True,False,True,True,0.1,3,0.1,0.04
17,47.05882352941176,8.102951572025782,-6.000000000000005,1.2004372699297445,6.772834942155259,56.49116564375268,14,1.5,9,3,3,15,75,2.0,1.8,2.5,True,False,True,True,0.1,3,0.1,0.04
17,47.05882352941176,8.102951572025782,-6.000000000000005,1.2004372699297445,6.772834942155259,56.49116564375268,14,1.5,9,3,3,15,80,2.0,1.8,2.5,True,False,True,True,0.1,3,0.1,0.04
17,47.05882352941176,8.102951572025782,-6.000000000000005,1.2004372699297445,6.772834942155259,56.49116564375268,14,1.5,9,3,3,20,75,2.0,1.8,2.5,True,False,True,True,0.1,3,0.1,0.04
17,47.05882352941176,8.102951572025782,-6.000000000000005,1.2004372699297445,6.772834942155259,56.49116564375268,14,1.5,9,3,3,20,80,2.0,1.8,2.5,True,False,True,True,0.1,3,0.1,0.04
17,47.05882352941176,8.102951572025782,-6.000000000000005,1.2004372699297445,6.772834942155259,56.49116564375268,14,1.5,9,3,3,25,75,2.0,1.8,2.5,True,False,True,True,0.1,3,0.1,0.04
17,47.05882352941176,8.102951572025782,-6.000000000000005,1.2004372699297445,6.772834942155259,56.49116564375268,14,1.5,9,3,3,25,80,2.0,1.8,2.5,True,False,True,True,0.1,3,0.1,0.04
17,47.05882352941176,8.102951572025782,-6.000000000000005,1.2004372699297445,5.135194231406914,56.49116564375268,14,1.5,9,3,3,15,75,2.0,0.8,2.5,True,False,True,True,0.1,3,0.1,0.04
17,47.05882352941176,8.102951572025782,-6.000000000000005,1.2004372699297445,5.135194231406914,56.49116564375268,14,1.5,9,3,3,15,80,2.0,0.8,2.5,True,False,True,True,0.1,3,0.1,0.04
17,47.05882352941176,8.102951572025782,-6.000000000000005,1.2004372699297445,5.135194231406914,56.49116564375268,14,1.5,9,3,3,20,75,2.0,0.8,2.5,True,False,True,True,0.1,3,0.1,0.04
17,47.05882352941176,8.102951572025782,-6.000000000000005,1.2004372699297445,5.135194231406914,56.49116564375268,14,1.5,9,3,3,20,80,2.0,0.8,2.5,True,False,True,True,0.1,3,0.1,0.04
17,47.05882352941176,8.102951572025782,-6.000000000000005,1.2004372699297445,5.135194231406914,56.49116564375268,14,1.5,9,3,3,25,75,2.0,0.8,2.5,True,False,True,True,0.1,3,0.1,0.04
17,47.05882352941176,8.102951572025782,-6.000000000000005,1.2004372699297445,5.135194231406914,56.49116564375268,14,1.5,9,3,3,25,80,2.0,0.8,2.5,True,False,True,True,0.1,3,0.1,0.04
17,47.05882352941176,7.499999999999991,-6.000000000000001,1.1111111111111096,5.636642402351022,52.28758169934633,20,1.5,14,3,3,15,75,2.0,1.8,2.5,False,False,True,True,0.1,3,0.1,0.04
17,47.05882352941176,7.499999999999991,-6.000000000000001,1.1111111111111096,5.636642402351022,52.28758169934633,20,1.5,14,3,3,15,80,2.0,1.8,2.5,False,False,True,True,0.1,3,0.1,0.04
17,47.05882352941176,7.499999999999991,-6.000000000000001,1.1111111111111096,5.636642402351022,52.28758169934633,20,1.5,14,3,3,20,75,2.0,1.8,2.5,False,False,True,True,0.1,3,0.1,0.04
17,47.05882352941176,7.499999999999991,-6.000000000000001,1.1111111111111096,5.636642402351022,52.28758169934633,20,1.5,14,3,3,20,80,2.0,1.8,2.5,False,False,True,True,0.1,3,0.1,0.04
17,47.05882352941176,7.499999999999991,-6.000000000000001,1.1111111111111096,5.636642402351022,52.28758169934633,20,1.5,14,3,3,25,75,2.0,1.8,2.5,False,False,True,True,0.1,3,0.1,0.04
17,47.05882352941176,7.499999999999991,-6.000000000000001,1.1111111111111096,5.636642402351022,52.28758169934633,20,1.5,14,3,3,25,80,2.0,1.8,2.5,False,False,True,True,0.1,3,0.1,0.04
17,47.05882352941176,7.499999999999991,-6.000000000000001,1.1111111111111096,5.327974311263772,52.28758169934633,20,1.5,14,3,3,15,75,2.0,1.2,2.5,False,False,True,True,0.1,3,0.1,0.04
17,47.05882352941176,7.499999999999991,-6.000000000000001,1.1111111111111096,5.327974311263772,52.28758169934633,20,1.5,14,3,3,15,80,2.0,1.2,2.5,False,False,True,True,0.1,3,0.1,0.04
17,47.05882352941176,7.499999999999991,-6.000000000000001,1.1111111111111096,5.327974311263772,52.28758169934633,20,1.5,14,3,3,20,75,2.0,1.2,2.5,False,False,True,True,0.1,3,0.1,0.04
17,47.05882352941176,7.499999999999991,-6.000000000000001,1.1111111111111096,5.327974311263772,52.28758169934633,20,1.5,14,3,3,20,80,2.0,1.2,2.5,False,False,True,True,0.1,3,0.1,0.04
17,47.05882352941176,7.499999999999991,-6.000000000000001,1.1111111111111096,5.327974311263772,52.28758169934633,20,1.5,14,3,3,25,75,2.0,1.2,2.5,False,False,True,True,0.1,3,0.1,0.04
17,47.05882352941176,7.499999999999991,-6.000000000000001,1.1111111111111096,5.327974311263772,52.28758169934633,20,1.5,14,3,3,25,80,2.0,1.2,2.5,False,False,True,True,0.1,3,0.1,0.04
17,47.05882352941176,7.499999999999991,-6.000000000000001,1.1111111111111096,2.723983406802555,52.28758169934633,20,1.5,14,3,3,15,75,2.0,0.8,2.5,False,False,True,True,0.1,3,0.1,0.04
17,47.05882352941176,7.499999999999991,-6.000000000000001,1.1111111111111096,2.723983406802555,52.28758169934633,20,1.5,14,3,3,15,80,2.0,0.8,2.5,False,False,True,True,0.1,3,0.1,0.04
17,47.05882352941176,7.499999999999991,-6.000000000000001,1.1111111111111096,2.723983406802555,52.28758169934633,20,1.5,14,3,3,20,75,2.0,0.8,2.5,False,False,True,True,0.1,3,0.1,0.04
17,47.05882352941176,7.499999999999991,-6.000000000000001,1.1111111111111096,2.723983406802555,52.28758169934633,20,1.5,14,3,3,20,80,2.0,0.8,2.5,False,False,True,True,0.1,3,0.1,0.04
17,47.05882352941176,7.499999999999991,-6.000000000000001,1.1111111111111096,2.723983406802555,52.28758169934633,20,1.5,14,3,3,25,75,2.0,0.8,2.5,False,False,True,True,0.1,3,0.1,0.04
17,47.05882352941176,7.499999999999991,-6.000000000000001,1.1111111111111096,2.723983406802555,52.28758169934633,20,1.5,14,3,3,25,80,2.0,0.8,2.5,False,False,True,True,0.1,3,0.1,0.04
17,47.05882352941176,7.49999999999999,-6.000000000000005,1.1111111111111087,3.827977789736692,52.28758169934629,14,1.5,9,3,3,15,75,2.0,1.8,2.5,False,False,True,True,0.1,3,0.1,0.04
17,47.05882352941176,7.49999999999999,-6.000000000000005,1.1111111111111087,3.827977789736692,52.28758169934629,14,1.5,9,3,3,15,80,2.0,1.8,2.5,False,False,True,True,0.1,3,0.1,0.04
17,47.05882352941176,7.49999999999999,-6.000000000000005,1.1111111111111087,3.827977789736692,52.28758169934629,14,1.5,9,3,3,20,75,2.0,1.8,2.5,False,False,True,True,0.1,3,0.1,0.04
17,47.05882352941176,7.49999999999999,-6.000000000000005,1.1111111111111087,3.827977789736692,52.28758169934629,14,1.5,9,3,3,20,80,2.0,1.8,2.5,False,False,True,True,0.1,3,0.1,0.04
17,47.05882352941176,7.49999999999999,-6.000000000000005,1.1111111111111087,3.827977789736692,52.28758169934629,14,1.5,9,3,3,25,75,2.0,1.8,2.5,False,False,True,True,0.1,3,0.1,0.04
17,47.05882352941176,7.49999999999999,-6.000000000000005,1.1111111111111087,3.827977789736692,52.28758169934629,14,1.5,9,3,3,25,80,2.0,1.8,2.5,False,False,True,True,0.1,3,0.1,0.04
17,47.05882352941176,7.49999999999999,-6.000000000000005,1.1111111111111087,3.8053011084821176,52.28758169934629,14,1.5,9,3,3,15,75,2.0,1.2,2.5,False,False,True,True,0.1,3,0.1,0.04
17,47.05882352941176,7.49999999999999,-6.000000000000005,1.1111111111111087,3.8053011084821176,52.28758169934629,14,1.5,9,3,3,15,80,2.0,1.2,2.5,False,False,True,True,0.1,3,0.1,0.04
17,47.05882352941176,7.49999999999999,-6.000000000000005,1.1111111111111087,3.8053011084821176,52.28758169934629,14,1.5,9,3,3,20,75,2.0,1.2,2.5,False,False,True,True,0.1,3,0.1,0.04
17,47.05882352941176,7.49999999999999,-6.000000000000005,1.1111111111111087,3.8053011084821176,52.28758169934629,14,1.5,9,3,3,20,80,2.0,1.2,2.5,False,False,True,True,0.1,3,0.1,0.04
17,47.05882352941176,7.49999999999999,-6.000000000000005,1.1111111111111087,3.8053011084821176,52.28758169934629,14,1.5,9,3,3,25,75,2.0,1.2,2.5,False,False,True,True,0.1,3,0.1,0.04
17,47.05882352941176,7.49999999999999,-6.000000000000005,1.1111111111111087,3.8053011084821176,52.28758169934629,14,1.5,9,3,3,25,80,2.0,1.2,2.5,False,False,True,True,0.1,3,0.1,0.04
17,47.05882352941176,7.49999999999999,-6.000000000000005,1.1111111111111087,1.4222922119171644,52.28758169934629,14,1.5,9,3,3,15,75,2.0,0.8,2.5,False,False,True,True,0.1,3,0.1,0.04
17,47.05882352941176,7.49999999999999,-6.000000000000005,1.1111111111111087,1.4222922119171644,52.28758169934629,14,1.5,9,3,3,15,80,2.0,0.8,2.5,False,False,True,True,0.1,3,0.1,0.04
17,47.05882352941176,7.49999999999999,-6.000000000000005,1.1111111111111087,1.4222922119171644,52.28758169934629,14,1.5,9,3,3,20,75,2.0,0.8,2.5,False,False,True,True,0.1,3,0.1,0.04
17,47.05882352941176,7.49999999999999,-6.000000000000005,1.1111111111111087,1.4222922119171644,52.28758169934629,14,1.5,9,3,3,20,80,2.0,0.8,2.5,False,False,True,True,0.1,3,0.1,0.04
17,47.05882352941176,7.49999999999999,-6.000000000000005,1.1111111111111087,1.4222922119171644,52.28758169934629,14,1.5,9,3,3,25,75,2.0,0.8,2.5,False,False,True,True,0.1,3,0.1,0.04
17,47.05882352941176,7.49999999999999,-6.000000000000005,1.1111111111111087,1.4222922119171644,52.28758169934629,14,1.5,9,3,3,25,80,2.0,0.8,2.5,False,False,True,True,0.1,3,0.1,0.04
17,47.05882352941176,6.543968859098131,-6.000000000000001,0.9694768680145378,6.4263434386641505,45.62244084774295,20,1.5,14,3,3,15,75,2.0,1.2,2.5,True,False,True,True,0.1,3,0.1,0.04
17,47.05882352941176,6.543968859098131,-6.000000000000001,0.9694768680145378,6.4263434386641505,45.62244084774295,20,1.5,14,3,3,15,80,2.0,1.2,2.5,True,False,True,True,0.1,3,0.1,0.04
17,47.05882352941176,6.543968859098131,-6.000000000000001,0.9694768680145378,6.4263434386641505,45.62244084774295,20,1.5,14,3,3,20,75,2.0,1.2,2.5,True,False,True,True,0.1,3,0.1,0.04
17,47.05882352941176,6.543968859098131,-6.000000000000001,0.9694768680145378,6.4263434386641505,45.62244084774295,20,1.5,14,3,3,20,80,2.0,1.2,2.5,True,False,True,True,0.1,3,0.1,0.04
17,47.05882352941176,6.543968859098131,-6.000000000000001,0.9694768680145378,6.4263434386641505,45.62244084774295,20,1.5,14,3,3,25,75,2.0,1.2,2.5,True,False,True,True,0.1,3,0.1,0.04
17,47.05882352941176,6.543968859098131,-6.000000000000001,0.9694768680145378,6.4263434386641505,45.62244084774295,20,1.5,14,3,3,25,80,2.0,1.2,2.5,True,False,True,True,0.1,3,0.1,0.04
17,47.05882352941176,6.543968859098131,-6.000000000000001,0.9694768680145378,4.237416745221845,45.62244084774295,20,1.5,14,3,3,15,75,2.0,1.8,2.5,True,False,True,True,0.1,3,0.1,0.04
17,47.05882352941176,6.543968859098131,-6.000000000000001,0.9694768680145378,4.237416745221845,45.62244084774295,20,1.5,14,3,3,15,80,2.0,1.8,2.5,True,False,True,True,0.1,3,0.1,0.04
17,47.05882352941176,6.543968859098131,-6.000000000000001,0.9694768680145378,4.237416745221845,45.62244084774295,20,1.5,14,3,3,20,75,2.0,1.8,2.5,True,False,True,True,0.1,3,0.1,0.04
17,47.05882352941176,6.543968859098131,-6.000000000000001,0.9694768680145378,4.237416745221845,45.62244084774295,20,1.5,14,3,3,20,80,2.0,1.8,2.5,True,False,True,True,0.1,3,0.1,0.04
17,47.05882352941176,6.543968859098131,-6.000000000000001,0.9694768680145378,4.237416745221845,45.62244084774295,20,1.5,14,3,3,25,75,2.0,1.8,2.5,True,False,True,True,0.1,3,0.1,0.04
17,47.05882352941176,6.543968859098131,-6.000000000000001,0.9694768680145378,4.237416745221845,45.62244084774295,20,1.5,14,3,3,25,80,2.0,1.8,2.5,True,False,True,True,0.1,3,0.1,0.04
17,47.05882352941176,6.543968859098131,-6.000000000000001,0.9694768680145378,3.7970936121259458,45.62244084774295,20,1.5,14,3,3,15,75,2.0,0.8,2.5,True,False,True,True,0.1,3,0.1,0.04
17,47.05882352941176,6.543968859098131,-6.000000000000001,0.9694768680145378,3.7970936121259458,45.62244084774295,20,1.5,14,3,3,15,80,2.0,0.8,2.5,True,False,True,True,0.1,3,0.1,0.04
17,47.05882352941176,6.543968859098131,-6.000000000000001,0.9694768680145378,3.7970936121259458,45.62244084774295,20,1.5,14,3,3,20,75,2.0,0.8,2.5,True,False,True,True,0.1,3,0.1,0.04
17,47.05882352941176,6.543968859098131,-6.000000000000001,0.9694768680145378,3.7970936121259458,45.62244084774295,20,1.5,14,3,3,20,80,2.0,0.8,2.5,True,False,True,True,0.1,3,0.1,0.04
17,47.05882352941176,6.543968859098131,-6.000000000000001,0.9694768680145378,3.7970936121259458,45.62244084774295,20,1.5,14,3,3,25,75,2.0,0.8,2.5,True,False,True,True,0.1,3,0.1,0.04
17,47.05882352941176,6.543968859098131,-6.000000000000001,0.9694768680145378,3.7970936121259458,45.62244084774295,20,1.5,14,3,3,25,80,2.0,0.8,2.5,True,False,True,True,0.1,3,0.1,0.04
15,46.666666666666664,7.539032489344977,-2.9999999999999996,2.198884476058952,6.410618921355238,102.61460888275109,14,1.5,14,3,3,15,75,1.0,1.8,2.5,True,False,True,True,0.1,3,0.1,0.04
15,46.666666666666664,7.539032489344977,-2.9999999999999996,2.198884476058952,6.410618921355238,102.61460888275109,14,1.5,14,3,3,15,80,1.0,1.8,2.5,True,False,True,True,0.1,3,0.1,0.04
15,46.666666666666664,7.539032489344977,-2.9999999999999996,2.198884476058952,6.410618921355238,102.61460888275109,14,1.5,14,3,3,20,75,1.0,1.8,2.5,True,False,True,True,0.1,3,0.1,0.04
15,46.666666666666664,7.539032489344977,-2.9999999999999996,2.198884476058952,6.410618921355238,102.61460888275109,14,1.5,14,3,3,20,80,1.0,1.8,2.5,True,False,True,True,0.1,3,0.1,0.04
15,46.666666666666664,7.539032489344977,-2.9999999999999996,2.198884476058952,6.410618921355238,102.61460888275109,14,1.5,14,3,3,25,75,1.0,1.8,2.5,True,False,True,True,0.1,3,0.1,0.04
15,46.666666666666664,7.539032489344977,-2.9999999999999996,2.198884476058952,6.410618921355238,102.61460888275109,14,1.5,14,3,3,25,80,1.0,1.8,2.5,True,False,True,True,0.1,3,0.1,0.04
15,46.666666666666664,7.539032489344977,-2.9999999999999996,2.198884476058952,6.329001233006304,102.61460888275109,14,1.5,14,3,3,15,75,1.0,1.2,2.5,True,False,True,True,0.1,3,0.1,0.04
15,46.666666666666664,7.539032489344977,-2.9999999999999996,2.198884476058952,6.329001233006304,102.61460888275109,14,1.5,14,3,3,15,80,1.0,1.2,2.5,True,False,True,True,0.1,3,0.1,0.04
15,46.666666666666664,7.539032489344977,-2.9999999999999996,2.198884476058952,6.329001233006304,102.61460888275109,14,1.5,14,3,3,20,75,1.0,1.2,2.5,True,False,True,True,0.1,3,0.1,0.04
15,46.666666666666664,7.539032489344977,-2.9999999999999996,2.198884476058952,6.329001233006304,102.61460888275109,14,1.5,14,3,3,20,80,1.0,1.2,2.5,True,False,True,True,0.1,3,0.1,0.04
15,46.666666666666664,7.539032489344977,-2.9999999999999996,2.198884476058952,6.329001233006304,102.61460888275109,14,1.5,14,3,3,25,75,1.0,1.2,2.5,True,False,True,True,0.1,3,0.1,0.04
15,46.666666666666664,7.539032489344977,-2.9999999999999996,2.198884476058952,6.329001233006304,102.61460888275109,14,1.5,14,3,3,25,80,1.0,1.2,2.5,True,False,True,True,0.1,3,0.1,0.04
15,46.666666666666664,7.539032489344977,-2.9999999999999996,2.198884476058952,4.831034884097085,102.61460888275109,14,1.5,14,3,3,15,75,1.0,0.8,2.5,True,False,True,True,0.1,3,0.1,0.04
15,46.666666666666664,7.539032489344977,-2.9999999999999996,2.198884476058952,4.831034884097085,102.61460888275109,14,1.5,14,3,3,15,80,1.0,0.8,2.5,True,False,True,True,0.1,3,0.1,0.04
15,46.666666666666664,7.539032489344977,-2.9999999999999996,2.198884476058952,4.831034884097085,102.61460888275109,14,1.5,14,3,3,20,75,1.0,0.8,2.5,True,False,True,True,0.1,3,0.1,0.04
15,46.666666666666664,7.539032489344977,-2.9999999999999996,2.198884476058952,4.831034884097085,102.61460888275109,14,1.5,14,3,3,20,80,1.0,0.8,2.5,True,False,True,True,0.1,3,0.1,0.04
15,46.666666666666664,7.539032489344977,-2.9999999999999996,2.198884476058952,4.831034884097085,102.61460888275109,14,1.5,14,3,3,25,75,1.0,0.8,2.5,True,False,True,True,0.1,3,0.1,0.04
15,46.666666666666664,7.539032489344977,-2.9999999999999996,2.198884476058952,4.831034884097085,102.61460888275109,14,1.5,14,3,3,25,80,1.0,0.8,2.5,True,False,True,True,0.1,3,0.1,0.04
15,46.666666666666664,7.499999999999994,-2.9999999999999996,2.1874999999999987,5.997678078641111,102.08333333333327,14,1.5,14,3,3,15,75,1.0,1.8,2.5,False,False,True,True,0.1,3,0.1,0.04
15,46.666666666666664,7.499999999999994,-2.9999999999999996,2.1874999999999987,5.997678078641111,102.08333333333327,14,1.5,14,3,3,15,80,1.0,1.8,2.5,False,False,True,True,0.1,3,0.1,0.04
15,46.666666666666664,7.499999999999994,-2.9999999999999996,2.1874999999999987,5.997678078641111,102.08333333333327,14,1.5,14,3,3,20,75,1.0,1.8,2.5,False,False,True,True,0.1,3,0.1,0.04
15,46.666666666666664,7.499999999999994,-2.9999999999999996,2.1874999999999987,5.997678078641111,102.08333333333327,14,1.5,14,3,3,20,80,1.0,1.8,2.5,False,False,True,True,0.1,3,0.1,0.04
15,46.666666666666664,7.499999999999994,-2.9999999999999996,2.1874999999999987,5.997678078641111,102.08333333333327,14,1.5,14,3,3,25,75,1.0,1.8,2.5,False,False,True,True,0.1,3,0.1,0.04
15,46.666666666666664,7.499999999999994,-2.9999999999999996,2.1874999999999987,5.997678078641111,102.08333333333327,14,1.5,14,3,3,25,80,1.0,1.8,2.5,False,False,True,True,0.1,3,0.1,0.04
15,46.666666666666664,7.499999999999994,-2.9999999999999996,2.1874999999999987,5.087150359805115,102.08333333333327,14,1.5,14,3,3,15,75,1.0,1.2,2.5,False,False,True,True,0.1,3,0.1,0.04
15,46.666666666666664,7.499999999999994,-2.9999999999999996,2.1874999999999987,5.087150359805115,102.08333333333327,14,1.5,14,3,3,15,80,1.0,1.2,2.5,False,False,True,True,0.1,3,0.1,0.04
15,46.666666666666664,7.499999999999994,-2.9999999999999996,2.1874999999999987,5.087150359805115,102.08333333333327,14,1.5,14,3,3,20,75,1.0,1.2,2.5,False,False,True,True,0.1,3,0.1,0.04
15,46.666666666666664,7.499999999999994,-2.9999999999999996,2.1874999999999987,5.087150359805115,102.08333333333327,14,1.5,14,3,3,20,80,1.0,1.2,2.5,False,False,True,True,0.1,3,0.1,0.04
15,46.666666666666664,7.499999999999994,-2.9999999999999996,2.1874999999999987,5.087150359805115,102.08333333333327,14,1.5,14,3,3,25,75,1.0,1.2,2.5,False,False,True,True,0.1,3,0.1,0.04
15,46.666666666666664,7.499999999999994,-2.9999999999999996,2.1874999999999987,5.087150359805115,102.08333333333327,14,1.5,14,3,3,25,80,1.0,1.2,2.5,False,False,True,True,0.1,3,0.1,0.04
15,46.666666666666664,7.499999999999994,-2.9999999999999996,2.1874999999999987,3.6045322709587824,102.08333333333327,14,1.5,14,3,3,15,75,1.0,0.8,2.5,False,False,True,True,0.1,3,0.1,0.04
15,46.666666666666664,7.499999999999994,-2.9999999999999996,2.1874999999999987,3.6045322709587824,102.08333333333327,14,1.5,14,3,3,15,80,1.0,0.8,2.5,False,False,True,True,0.1,3,0.1,0.04
15,46.666666666666664,7.499999999999994,-2.9999999999999996,2.1874999999999987,3.6045322709587824,102.08333333333327,14,1.5,14,3,3,20,75,1.0,0.8,2.5,False,False,True,True,0.1,3,0.1,0.04
15,46.666666666666664,7.499999999999994,-2.9999999999999996,2.1874999999999987,3.6045322709587824,102.08333333333327,14,1.5,14,3,3,20,80,1.0,0.8,2.5,False,False,True,True,0.1,3,0.1,0.04
15,46.666666666666664,7.499999999999994,-2.9999999999999996,2.1874999999999987,3.6045322709587824,102.08333333333327,14,1.5,14,3,3,25,75,1.0,0.8,2.5,False,False,True,True,0.1,3,0.1,0.04
15,46.666666666666664,7.499999999999994,-2.9999999999999996,2.1874999999999987,3.6045322709587824,102.08333333333327,14,1.5,14,3,3,25,80,1.0,0.8,2.5,False,False,True,True,0.1,3,0.1,0.04
15,46.666666666666664,8.150055021541634,-4.499999999999988,1.5847329208553222,7.874012802868902,73.95420297324837,20,1.5,9,3,3,15,85,1.5,1.8,2.5,True,False,True,True,0.1,3,0.1,0.04
15,46.666666666666664,8.150055021541634,-4.499999999999988,1.5847329208553222,7.874012802868902,73.95420297324837,20,1.5,9,3,3,20,85,1.5,1.8,2.5,True,False,True,True,0.1,3,0.1,0.04
15,46.666666666666664,8.150055021541634,-4.499999999999988,1.5847329208553222,7.874012802868902,73.95420297324837,20,1.5,9,3,3,25,85,1.5,1.8,2.5,True,False,True,True,0.1,3,0.1,0.04
15,46.666666666666664,8.150055021541634,-4.499999999999988,1.5847329208553222,6.623185205860871,73.95420297324837,20,1.5,9,3,3,15,85,1.5,1.2,2.5,True,False,True,True,0.1,3,0.1,0.04
15,46.666666666666664,8.150055021541634,-4.499999999999988,1.5847329208553222,6.623185205860871,73.95420297324837,20,1.5,9,3,3,20,85,1.5,1.2,2.5,True,False,True,True,0.1,3,0.1,0.04
15,46.666666666666664,8.150055021541634,-4.499999999999988,1.5847329208553222,6.623185205860871,73.95420297324837,20,1.5,9,3,3,25,85,1.5,1.2,2.5,True,False,True,True,0.1,3,0.1,0.04
15,46.666666666666664,8.150055021541634,-4.499999999999988,1.5847329208553222,4.744262168914504,73.95420297324837,20,1.5,9,3,3,15,85,1.5,0.8,2.5,True,False,True,True,0.1,3,0.1,0.04
15,46.666666666666664,8.150055021541634,-4.499999999999988,1.5847329208553222,4.744262168914504,73.95420297324837,20,1.5,9,3,3,20,85,1.5,0.8,2.5,True,False,True,True,0.1,3,0.1,0.04
15,46.666666666666664,8.150055021541634,-4.499999999999988,1.5847329208553222,4.744262168914504,73.95420297324837,20,1.5,9,3,3,25,85,1.5,0.8,2.5,True,False,True,True,0.1,3,0.1,0.04
15,46.666666666666664,7.539032489344977,-4.499999999999981,1.465922984039307,5.3101683162951385,68.40973925516766,14,1.5,14,3,3,15,75,1.5,1.2,2.5,True,False,True,True,0.1,3,0.1,0.04
15,46.666666666666664,7.539032489344977,-4.499999999999981,1.465922984039307,5.3101683162951385,68.40973925516766,14,1.5,14,3,3,15,80,1.5,1.2,2.5,True,False,True,True,0.1,3,0.1,0.04
15,46.666666666666664,7.539032489344977,-4.499999999999981,1.465922984039307,5.3101683162951385,68.40973925516766,14,1.5,14,3,3,20,75,1.5,1.2,2.5,True,False,True,True,0.1,3,0.1,0.04
15,46.666666666666664,7.539032489344977,-4.499999999999981,1.465922984039307,5.3101683162951385,68.40973925516766,14,1.5,14,3,3,20,80,1.5,1.2,2.5,True,False,True,True,0.1,3,0.1,0.04
15,46.666666666666664,7.539032489344977,-4.499999999999981,1.465922984039307,5.3101683162951385,68.40973925516766,14,1.5,14,3,3,25,75,1.5,1.2,2.5,True,False,True,True,0.1,3,0.1,0.04
15,46.666666666666664,7.539032489344977,-4.499999999999981,1.465922984039307,5.3101683162951385,68.40973925516766,14,1.5,14,3,3,25,80,1.5,1.2,2.5,True,False,True,True,0.1,3,0.1,0.04
15,46.666666666666664,7.539032489344977,-4.499999999999981,1.465922984039307,4.149885064834957,68.40973925516766,14,1.5,14,3,3,15,75,1.5,1.8,2.5,True,False,True,True,0.1,3,0.1,0.04
15,46.666666666666664,7.539032489344977,-4.499999999999981,1.465922984039307,4.149885064834957,68.40973925516766,14,1.5,14,3,3,15,80,1.5,1.8,2.5,True,False,True,True,0.1,3,0.1,0.04
15,46.666666666666664,7.539032489344977,-4.499999999999981,1.465922984039307,4.149885064834957,68.40973925516766,14,1.5,14,3,3,20,75,1.5,1.8,2.5,True,False,True,True,0.1,3,0.1,0.04
15,46.666666666666664,7.539032489344977,-4.499999999999981,1.465922984039307,4.149885064834957,68.40973925516766,14,1.5,14,3,3,20,80,1.5,1.8,2.5,True,False,True,True,0.1,3,0.1,0.04
15,46.666666666666664,7.539032489344977,-4.499999999999981,1.465922984039307,4.149885064834957,68.40973925516766,14,1.5,14,3,3,25,75,1.5,1.8,2.5,True,False,True,True,0.1,3,0.1,0.04
15,46.666666666666664,7.539032489344977,-4.499999999999981,1.465922984039307,4.149885064834957,68.40973925516766,14,1.5,14,3,3,25,80,1.5,1.8,2.5,True,False,True,True,0.1,3,0.1,0.04
15,46.666666666666664,7.539032489344977,-4.499999999999981,1.465922984039307,3.452051805080525,68.40973925516766,14,1.5,14,3,3,15,75,1.5,0.8,2.5,True,False,True,True,0.1,3,0.1,0.04
15,46.666666666666664,7.539032489344977,-4.499999999999981,1.465922984039307,3.452051805080525,68.40973925516766,14,1.5,14,3,3,15,80,1.5,0.8,2.5,True,False,True,True,0.1,3,0.1,0.04
15,46.666666666666664,7.539032489344977,-4.499999999999981,1.465922984039307,3.452051805080525,68.40973925516766,14,1.5,14,3,3,20,75,1.5,0.8,2.5,True,False,True,True,0.1,3,0.1,0.04
15,46.666666666666664,7.539032489344977,-4.499999999999981,1.465922984039307,3.452051805080525,68.40973925516766,14,1.5,14,3,3,20,80,1.5,0.8,2.5,True,False,True,True,0.1,3,0.1,0.04
15,46.666666666666664,7.539032489344977,-4.499999999999981,1.465922984039307,3.452051805080525,68.40973925516766,14,1.5,14,3,3,25,75,1.5,0.8,2.5,True,False,True,True,0.1,3,0.1,0.04
15,46.666666666666664,7.539032489344977,-4.499999999999981,1.465922984039307,3.452051805080525,68.40973925516766,14,1.5,14,3,3,25,80,1.5,0.8,2.5,True,False,True,True,0.1,3,0.1,0.04
15,46.666666666666664,7.499999999999994,-4.499999999999981,1.4583333333333381,4.080216722994878,68.05555555555577,14,1.5,14,3,3,15,75,1.5,1.2,2.5,False,False,True,True,0.1,3,0.1,0.04
15,46.666666666666664,7.499999999999994,-4.499999999999981,1.4583333333333381,4.080216722994878,68.05555555555577,14,1.5,14,3,3,15,80,1.5,1.2,2.5,False,False,True,True,0.1,3,0.1,0.04
15,46.666666666666664,7.499999999999994,-4.499999999999981,1.4583333333333381,4.080216722994878,68.05555555555577,14,1.5,14,3,3,20,75,1.5,1.2,2.5,False,False,True,True,0.1,3,0.1,0.04
15,46.666666666666664,7.499999999999994,-4.499999999999981,1.4583333333333381,4.080216722994878,68.05555555555577,14,1.5,14,3,3,20,80,1.5,1.2,2.5,False,False,True,True,0.1,3,0.1,0.04
15,46.666666666666664,7.499999999999994,-4.499999999999981,1.4583333333333381,4.080216722994878,68.05555555555577,14,1.5,14,3,3,25,75,1.5,1.2,2.5,False,False,True,True,0.1,3,0.1,0.04
15,46.666666666666664,7.499999999999994,-4.499999999999981,1.4583333333333381,4.080216722994878,68.05555555555577,14,1.5,14,3,3,25,80,1.5,1.2,2.5,False,False,True,True,0.1,3,0.1,0.04
15,46.666666666666664,7.499999999999994,-4.499999999999981,1.4583333333333381,3.7457173065491123,68.05555555555577,14,1.5,14,3,3,15,75,1.5,1.8,2.5,False,False,True,True,0.1,3,0.1,0.04
15,46.666666666666664,7.499999999999994,-4.499999999999981,1.4583333333333381,3.7457173065491123,68.05555555555577,14,1.5,14,3,3,15,80,1.5,1.8,2.5,False,False,True,True,0.1,3,0.1,0.04
15,46.666666666666664,7.499999999999994,-4.499999999999981,1.4583333333333381,3.7457173065491123,68.05555555555577,14,1.5,14,3,3,20,75,1.5,1.8,2.5,False,False,True,True,0.1,3,0.1,0.04
15,46.666666666666664,7.499999999999994,-4.499999999999981,1.4583333333333381,3.7457173065491123,68.05555555555577,14,1.5,14,3,3,20,80,1.5,1.8,2.5,False,False,True,True,0.1,3,0.1,0.04
15,46.666666666666664,7.499999999999994,-4.499999999999981,1.4583333333333381,3.7457173065491123,68.05555555555577,14,1.5,14,3,3,25,75,1.5,1.8,2.5,False,False,True,True,0.1,3,0.1,0.04
15,46.666666666666664,7.499999999999994,-4.499999999999981,1.4583333333333381,3.7457173065491123,68.05555555555577,14,1.5,14,3,3,25,80,1.5,1.8,2.5,False,False,True,True,0.1,3,0.1,0.04
15,46.666666666666664,7.499999999999994,-4.499999999999981,1.4583333333333381,2.2416830243684682,68.05555555555577,14,1.5,14,3,3,15,75,1.5,0.8,2.5,False,False,True,True,0.1,3,0.1,0.04
15,46.666666666666664,7.499999999999994,-4.499999999999981,1.4583333333333381,2.2416830243684682,68.05555555555577,14,1.5,14,3,3,15,80,1.5,0.8,2.5,False,False,True,True,0.1,3,0.1,0.04
15,46.666666666666664,7.499999999999994,-4.499999999999981,1.4583333333333381,2.2416830243684682,68.05555555555577,14,1.5,14,3,3,20,75,1.5,0.8,2.5,False,False,True,True,0.1,3,0.1,0.04
15,46.666666666666664,7.499999999999994,-4.499999999999981,1.4583333333333381,2.2416830243684682,68.05555555555577,14,1.5,14,3,3,20,80,1.5,0.8,2.5,False,False,True,True,0.1,3,0.1,0.04
15,46.666666666666664,7.499999999999994,-4.499999999999981,1.4583333333333381,2.2416830243684682,68.05555555555577,14,1.5,14,3,3,25,75,1.5,0.8,2.5,False,False,True,True,0.1,3,0.1,0.04
15,46.666666666666664,7.499999999999994,-4.499999999999981,1.4583333333333381,2.2416830243684682,68.05555555555577,14,1.5,14,3,3,25,80,1.5,0.8,2.5,False,False,True,True,0.1,3,0.1,0.04
15,46.666666666666664,7.499999999999998,-4.499999999999988,1.458333333333337,5.307444345981538,68.05555555555573,20,1.5,9,3,3,15,85,1.5,1.8,2.5,False,False,True,True,0.1,3,0.1,0.04
15,46.666666666666664,7.499999999999998,-4.499999999999988,1.458333333333337,5.307444345981538,68.05555555555573,20,1.5,9,3,3,20,85,1.5,1.8,2.5,False,False,True,True,0.1,3,0.1,0.04
15,46.666666666666664,7.499999999999998,-4.499999999999988,1.458333333333337,5.307444345981538,68.05555555555573,20,1.5,9,3,3,25,85,1.5,1.8,2.5,False,False,True,True,0.1,3,0.1,0.04
15,46.666666666666664,7.499999999999998,-4.499999999999988,1.458333333333337,4.07979959710989,68.05555555555573,20,1.5,9,3,3,15,85,1.5,1.2,2.5,False,False,True,True,0.1,3,0.1,0.04
15,46.666666666666664,7.499999999999998,-4.499999999999988,1.458333333333337,4.07979959710989,68.05555555555573,20,1.5,9,3,3,20,85,1.5,1.2,2.5,False,False,True,True,0.1,3,0.1,0.04
15,46.666666666666664,7.499999999999998,-4.499999999999988,1.458333333333337,4.07979959710989,68.05555555555573,20,1.5,9,3,3,25,85,1.5,1.2,2.5,False,False,True,True,0.1,3,0.1,0.04
15,46.666666666666664,7.499999999999998,-4.499999999999988,1.458333333333337,2.2413701530064056,68.05555555555573,20,1.5,9,3,3,15,85,1.5,0.8,2.5,False,False,True,True,0.1,3,0.1,0.04
15,46.666666666666664,7.499999999999998,-4.499999999999988,1.458333333333337,2.2413701530064056,68.05555555555573,20,1.5,9,3,3,20,85,1.5,0.8,2.5,False,False,True,True,0.1,3,0.1,0.04
15,46.666666666666664,7.499999999999998,-4.499999999999988,1.458333333333337,2.2413701530064056,68.05555555555573,20,1.5,9,3,3,25,85,1.5,0.8,2.5,False,False,True,True,0.1,3,0.1,0.04
15,46.666666666666664,7.539032489344977,-6.000000000000005,1.0994422380294748,3.7347734096872642,51.30730444137549,14,1.5,14,3,3,15,75,2.0,1.2,2.5,True,False,True,True,0.1,3,0.1,0.04
15,46.666666666666664,7.539032489344977,-6.000000000000005,1.0994422380294748,3.7347734096872642,51.30730444137549,14,1.5,14,3,3,15,80,2.0,1.2,2.5,True,False,True,True,0.1,3,0.1,0.04
15,46.666666666666664,7.539032489344977,-6.000000000000005,1.0994422380294748,3.7347734096872642,51.30730444137549,14,1.5,14,3,3,20,75,2.0,1.2,2.5,True,False,True,True,0.1,3,0.1,0.04
15,46.666666666666664,7.539032489344977,-6.000000000000005,1.0994422380294748,3.7347734096872642,51.30730444137549,14,1.5,14,3,3,20,80,2.0,1.2,2.5,True,False,True,True,0.1,3,0.1,0.04
15,46.666666666666664,7.539032489344977,-6.000000000000005,1.0994422380294748,3.7347734096872642,51.30730444137549,14,1.5,14,3,3,25,75,2.0,1.2,2.5,True,False,True,True,0.1,3,0.1,0.04
15,46.666666666666664,7.539032489344977,-6.000000000000005,1.0994422380294748,3.7347734096872642,51.30730444137549,14,1.5,14,3,3,25,80,2.0,1.2,2.5,True,False,True,True,0.1,3,0.1,0.04
15,46.666666666666664,7.539032489344977,-6.000000000000005,1.0994422380294748,2.394911524155785,51.30730444137549,14,1.5,14,3,3,15,75,2.0,1.8,2.5,True,False,True,True,0.1,3,0.1,0.04
15,46.666666666666664,7.539032489344977,-6.000000000000005,1.0994422380294748,2.394911524155785,51.30730444137549,14,1.5,14,3,3,15,80,2.0,1.8,2.5,True,False,True,True,0.1,3,0.1,0.04
15,46.666666666666664,7.539032489344977,-6.000000000000005,1.0994422380294748,2.394911524155785,51.30730444137549,14,1.5,14,3,3,20,75,2.0,1.8,2.5,True,False,True,True,0.1,3,0.1,0.04
15,46.666666666666664,7.539032489344977,-6.000000000000005,1.0994422380294748,2.394911524155785,51.30730444137549,14,1.5,14,3,3,20,80,2.0,1.8,2.5,True,False,True,True,0.1,3,0.1,0.04
15,46.666666666666664,7.539032489344977,-6.000000000000005,1.0994422380294748,2.394911524155785,51.30730444137549,14,1.5,14,3,3,25,75,2.0,1.8,2.5,True,False,True,True,0.1,3,0.1,0.04
15,46.666666666666664,7.539032489344977,-6.000000000000005,1.0994422380294748,2.394911524155785,51.30730444137549,14,1.5,14,3,3,25,80,2.0,1.8,2.5,True,False,True,True,0.1,3,0.1,0.04
15,46.666666666666664,7.539032489344977,-6.000000000000005,1.0994422380294748,1.719048574644333,51.30730444137549,14,1.5,14,3,3,15,75,2.0,0.8,2.5,True,False,True,True,0.1,3,0.1,0.04
15,46.666666666666664,7.539032489344977,-6.000000000000005,1.0994422380294748,1.719048574644333,51.30730444137549,14,1.5,14,3,3,15,80,2.0,0.8,2.5,True,False,True,True,0.1,3,0.1,0.04
15,46.666666666666664,7.539032489344977,-6.000000000000005,1.0994422380294748,1.719048574644333,51.30730444137549,14,1.5,14,3,3,20,75,2.0,0.8,2.5,True,False,True,True,0.1,3,0.1,0.04
15,46.666666666666664,7.539032489344977,-6.000000000000005,1.0994422380294748,1.719048574644333,51.30730444137549,14,1.5,14,3,3,20,80,2.0,0.8,2.5,True,False,True,True,0.1,3,0.1,0.04
15,46.666666666666664,7.539032489344977,-6.000000000000005,1.0994422380294748,1.719048574644333,51.30730444137549,14,1.5,14,3,3,25,75,2.0,0.8,2.5,True,False,True,True,0.1,3,0.1,0.04
15,46.666666666666664,7.539032489344977,-6.000000000000005,1.0994422380294748,1.719048574644333,51.30730444137549,14,1.5,14,3,3,25,80,2.0,0.8,2.5,True,False,True,True,0.1,3,0.1,0.04
15,46.666666666666664,7.499999999999994,-6.000000000000005,1.0937499999999982,2.523221364184236,51.04166666666658,14,1.5,14,3,3,15,75,2.0,1.2,2.5,False,False,True,True,0.1,3,0.1,0.04
15,46.666666666666664,7.499999999999994,-6.000000000000005,1.0937499999999982,2.523221364184236,51.04166666666658,14,1.5,14,3,3,15,80,2.0,1.2,2.5,False,False,True,True,0.1,3,0.1,0.04
15,46.666666666666664,7.499999999999994,-6.000000000000005,1.0937499999999982,2.523221364184236,51.04166666666658,14,1.5,14,3,3,20,75,2.0,1.2,2.5,False,False,True,True,0.1,3,0.1,0.04
15,46.666666666666664,7.499999999999994,-6.000000000000005,1.0937499999999982,2.523221364184236,51.04166666666658,14,1.5,14,3,3,20,80,2.0,1.2,2.5,False,False,True,True,0.1,3,0.1,0.04
15,46.666666666666664,7.499999999999994,-6.000000000000005,1.0937499999999982,2.523221364184236,51.04166666666658,14,1.5,14,3,3,25,75,2.0,1.2,2.5,False,False,True,True,0.1,3,0.1,0.04
15,46.666666666666664,7.499999999999994,-6.000000000000005,1.0937499999999982,2.523221364184236,51.04166666666658,14,1.5,14,3,3,25,80,2.0,1.2,2.5,False,False,True,True,0.1,3,0.1,0.04
15,46.666666666666664,7.499999999999994,-6.000000000000005,1.0937499999999982,1.9975541787796924,51.04166666666658,14,1.5,14,3,3,15,75,2.0,1.8,2.5,False,False,True,True,0.1,3,0.1,0.04
15,46.666666666666664,7.499999999999994,-6.000000000000005,1.0937499999999982,1.9975541787796924,51.04166666666658,14,1.5,14,3,3,15,80,2.0,1.8,2.5,False,False,True,True,0.1,3,0.1,0.04
15,46.666666666666664,7.499999999999994,-6.000000000000005,1.0937499999999982,1.9975541787796924,51.04166666666658,14,1.5,14,3,3,20,75,2.0,1.8,2.5,False,False,True,True,0.1,3,0.1,0.04
15,46.666666666666664,7.499999999999994,-6.000000000000005,1.0937499999999982,1.9975541787796924,51.04166666666658,14,1.5,14,3,3,20,80,2.0,1.8,2.5,False,False,True,True,0.1,3,0.1,0.04
15,46.666666666666664,7.499999999999994,-6.000000000000005,1.0937499999999982,1.9975541787796924,51.04166666666658,14,1.5,14,3,3,25,75,2.0,1.8,2.5,False,False,True,True,0.1,3,0.1,0.04
15,46.666666666666664,7.499999999999994,-6.000000000000005,1.0937499999999982,1.9975541787796924,51.04166666666658,14,1.5,14,3,3,25,80,2.0,1.8,2.5,False,False,True,True,0.1,3,0.1,0.04
15,46.666666666666664,7.499999999999994,-6.000000000000005,1.0937499999999982,0.5289555929173684,51.04166666666658,14,1.5,14,3,3,15,75,2.0,0.8,2.5,False,False,True,True,0.1,3,0.1,0.04
15,46.666666666666664,7.499999999999994,-6.000000000000005,1.0937499999999982,0.5289555929173684,51.04166666666658,14,1.5,14,3,3,15,80,2.0,0.8,2.5,False,False,True,True,0.1,3,0.1,0.04
15,46.666666666666664,7.499999999999994,-6.000000000000005,1.0937499999999982,0.5289555929173684,51.04166666666658,14,1.5,14,3,3,20,75,2.0,0.8,2.5,False,False,True,True,0.1,3,0.1,0.04
15,46.666666666666664,7.499999999999994,-6.000000000000005,1.0937499999999982,0.5289555929173684,51.04166666666658,14,1.5,14,3,3,20,80,2.0,0.8,2.5,False,False,True,True,0.1,3,0.1,0.04
15,46.666666666666664,7.499999999999994,-6.000000000000005,1.0937499999999982,0.5289555929173684,51.04166666666658,14,1.5,14,3,3,25,75,2.0,0.8,2.5,False,False,True,True,0.1,3,0.1,0.04
15,46.666666666666664,7.499999999999994,-6.000000000000005,1.0937499999999982,0.5289555929173684,51.04166666666658,14,1.5,14,3,3,25,80,2.0,0.8,2.5,False,False,True,True,0.1,3,0.1,0.04
13,46.15384615384615,7.4999999999999964,-3.0000000000000004,2.1428571428571415,4.979923251140228,98.90109890109883,14,1.5,14,3,3,15,85,1.0,1.8,2.5,True,False,True,True,0.1,3,0.1,0.04
13,46.15384615384615,7.4999999999999964,-3.0000000000000004,2.1428571428571415,4.979923251140228,98.90109890109883,14,1.5,14,3,3,15,85,1.0,1.8,2.5,False,False,True,True,0.1,3,0.1,0.04
13,46.15384615384615,7.4999999999999964,-3.0000000000000004,2.1428571428571415,4.979923251140228,98.90109890109883,14,1.5,14,3,3,20,85,1.0,1.8,2.5,True,False,True,True,0.1,3,0.1,0.04
13,46.15384615384615,7.4999999999999964,-3.0000000000000004,2.1428571428571415,4.979923251140228,98.90109890109883,14,1.5,14,3,3,20,85,1.0,1.8,2.5,False,False,True,True,0.1,3,0.1,0.04
13,46.15384615384615,7.4999999999999964,-3.0000000000000004,2.1428571428571415,4.979923251140228,98.90109890109883,14,1.5,14,3,3,25,85,1.0,1.8,2.5,False,False,True,True,0.1,3,0.1,0.04
13,46.15384615384615,7.4999999999999964,-3.0000000000000004,2.1428571428571415,4.979923251140228,98.90109890109883,14,1.5,14,3,3,25,85,1.0,1.8,2.5,True,False,True,True,0.1,3,0.1,0.04
13,46.15384615384615,7.4999999999999964,-3.0000000000000004,2.1428571428571415,4.354648413148721,98.90109890109883,14,1.5,14,3,3,15,85,1.0,1.2,2.5,True,False,True,True,0.1,3,0.1,0.04
13,46.15384615384615,7.4999999999999964,-3.0000000000000004,2.1428571428571415,4.354648413148721,98.90109890109883,14,1.5,14,3,3,15,85,1.0,1.2,2.5,False,False,True,True,0.1,3,0.1,0.04
13,46.15384615384615,7.4999999999999964,-3.0000000000000004,2.1428571428571415,4.354648413148721,98.90109890109883,14,1.5,14,3,3,20,85,1.0,1.2,2.5,True,False,True,True,0.1,3,0.1,0.04
13,46.15384615384615,7.4999999999999964,-3.0000000000000004,2.1428571428571415,4.354648413148721,98.90109890109883,14,1.5,14,3,3,20,85,1.0,1.2,2.5,False,False,True,True,0.1,3,0.1,0.04
13,46.15384615384615,7.4999999999999964,-3.0000000000000004,2.1428571428571415,4.354648413148721,98.90109890109883,14,1.5,14,3,3,25,85,1.0,1.2,2.5,True,False,True,True,0.1,3,0.1,0.04
13,46.15384615384615,7.4999999999999964,-3.0000000000000004,2.1428571428571415,4.354648413148721,98.90109890109883,14,1.5,14,3,3,25,85,1.0,1.2,2.5,False,False,True,True,0.1,3,0.1,0.04
13,46.15384615384615,7.4999999999999964,-3.0000000000000004,2.1428571428571415,3.064910396143272,98.90109890109883,14,1.5,14,3,3,15,85,1.0,0.8,2.5,False,False,True,True,0.1,3,0.1,0.04
13,46.15384615384615,7.4999999999999964,-3.0000000000000004,2.1428571428571415,3.064910396143272,98.90109890109883,14,1.5,14,3,3,15,85,1.0,0.8,2.5,True,False,True,True,0.1,3,0.1,0.04
13,46.15384615384615,7.4999999999999964,-3.0000000000000004,2.1428571428571415,3.064910396143272,98.90109890109883,14,1.5,14,3,3,20,85,1.0,0.8,2.5,True,False,True,True,0.1,3,0.1,0.04
13,46.15384615384615,7.4999999999999964,-3.0000000000000004,2.1428571428571415,3.064910396143272,98.90109890109883,14,1.5,14,3,3,20,85,1.0,0.8,2.5,False,False,True,True,0.1,3,0.1,0.04
13,46.15384615384615,7.4999999999999964,-3.0000000000000004,2.1428571428571415,3.064910396143272,98.90109890109883,14,1.5,14,3,3,25,85,1.0,0.8,2.5,True,False,True,True,0.1,3,0.1,0.04
13,46.15384615384615,7.4999999999999964,-3.0000000000000004,2.1428571428571415,3.064910396143272,98.90109890109883,14,1.5,14,3,3,25,85,1.0,0.8,2.5,False,False,True,True,0.1,3,0.1,0.04
13,46.15384615384615,7.4999999999999964,-4.499999999999984,1.428571428571433,3.8263730195238432,65.93406593406614,14,1.5,14,3,3,15,85,1.5,1.2,2.5,True,False,True,True,0.1,3,0.1,0.04
13,46.15384615384615,7.4999999999999964,-4.499999999999984,1.428571428571433,3.8263730195238432,65.93406593406614,14,1.5,14,3,3,15,85,1.5,1.2,2.5,False,False,True,True,0.1,3,0.1,0.04
13,46.15384615384615,7.4999999999999964,-4.499999999999984,1.428571428571433,3.8263730195238432,65.93406593406614,14,1.5,14,3,3,20,85,1.5,1.2,2.5,True,False,True,True,0.1,3,0.1,0.04
13,46.15384615384615,7.4999999999999964,-4.499999999999984,1.428571428571433,3.8263730195238432,65.93406593406614,14,1.5,14,3,3,20,85,1.5,1.2,2.5,False,False,True,True,0.1,3,0.1,0.04
13,46.15384615384615,7.4999999999999964,-4.499999999999984,1.428571428571433,3.8263730195238432,65.93406593406614,14,1.5,14,3,3,25,85,1.5,1.2,2.5,True,False,True,True,0.1,3,0.1,0.04
13,46.15384615384615,7.4999999999999964,-4.499999999999984,1.428571428571433,3.8263730195238432,65.93406593406614,14,1.5,14,3,3,25,85,1.5,1.2,2.5,False,False,True,True,0.1,3,0.1,0.04
13,46.15384615384615,7.4999999999999964,-4.499999999999984,1.428571428571433,3.2184630757865706,65.93406593406614,14,1.5,14,3,3,15,85,1.5,1.8,2.5,True,False,True,True,0.1,3,0.1,0.04
13,46.15384615384615,7.4999999999999964,-4.499999999999984,1.428571428571433,3.2184630757865706,65.93406593406614,14,1.5,14,3,3,15,85,1.5,1.8,2.5,False,False,True,True,0.1,3,0.1,0.04
13,46.15384615384615,7.4999999999999964,-4.499999999999984,1.428571428571433,3.2184630757865706,65.93406593406614,14,1.5,14,3,3,20,85,1.5,1.8,2.5,False,False,True,True,0.1,3,0.1,0.04
13,46.15384615384615,7.4999999999999964,-4.499999999999984,1.428571428571433,3.2184630757865706,65.93406593406614,14,1.5,14,3,3,20,85,1.5,1.8,2.5,True,False,True,True,0.1,3,0.1,0.04
13,46.15384615384615,7.4999999999999964,-4.499999999999984,1.428571428571433,3.2184630757865706,65.93406593406614,14,1.5,14,3,3,25,85,1.5,1.8,2.5,False,False,True,True,0.1,3,0.1,0.04
13,46.15384615384615,7.4999999999999964,-4.499999999999984,1.428571428571433,3.2184630757865706,65.93406593406614,14,1.5,14,3,3,25,85,1.5,1.8,2.5,True,False,True,True,0.1,3,0.1,0.04
13,46.15384615384615,7.4999999999999964,-4.499999999999984,1.428571428571433,2.173289747284768,65.93406593406614,14,1.5,14,3,3,15,85,1.5,0.8,2.5,True,False,True,True,0.1,3,0.1,0.04
13,46.15384615384615,7.4999999999999964,-4.499999999999984,1.428571428571433,2.173289747284768,65.93406593406614,14,1.5,14,3,3,15,85,1.5,0.8,2.5,False,False,True,True,0.1,3,0.1,0.04
13,46.15384615384615,7.4999999999999964,-4.499999999999984,1.428571428571433,2.173289747284768,65.93406593406614,14,1.5,14,3,3,20,85,1.5,0.8,2.5,True,False,True,True,0.1,3,0.1,0.04
13,46.15384615384615,7.4999999999999964,-4.499999999999984,1.428571428571433,2.173289747284768,65.93406593406614,14,1.5,14,3,3,20,85,1.5,0.8,2.5,False,False,True,True,0.1,3,0.1,0.04
13,46.15384615384615,7.4999999999999964,-4.499999999999984,1.428571428571433,2.173289747284768,65.93406593406614,14,1.5,14,3,3,25,85,1.5,0.8,2.5,True,False,True,True,0.1,3,0.1,0.04
13,46.15384615384615,7.4999999999999964,-4.499999999999984,1.428571428571433,2.173289747284768,65.93406593406614,14,1.5,14,3,3,25,85,1.5,0.8,2.5,False,False,True,True,0.1,3,0.1,0.04
13,46.15384615384615,7.499999999999996,-6.000000000000007,1.0714285714285694,3.720815897994134,49.45054945054935,25,1.5,9,3,3,15,75,2.0,1.8,2.5,False,True,True,True,0.1,3,0.1,0.04
13,46.15384615384615,7.499999999999996,-6.000000000000007,1.0714285714285694,3.720815897994134,49.45054945054935,25,1.5,9,3,3,15,80,2.0,1.8,2.5,False,True,True,True,0.1,3,0.1,0.04
13,46.15384615384615,7.499999999999996,-6.000000000000007,1.0714285714285694,3.720815897994134,49.45054945054935,25,1.5,9,3,3,20,75,2.0,1.8,2.5,False,True,True,True,0.1,3,0.1,0.04
13,46.15384615384615,7.499999999999996,-6.000000000000007,1.0714285714285694,3.720815897994134,49.45054945054935,25,1.5,9,3,3,20,80,2.0,1.8,2.5,False,True,True,True,0.1,3,0.1,0.04
13,46.15384615384615,7.499999999999996,-6.000000000000007,1.0714285714285694,3.720815897994134,49.45054945054935,25,1.5,9,3,3,25,75,2.0,1.8,2.5,False,True,True,True,0.1,3,0.1,0.04
13,46.15384615384615,7.499999999999996,-6.000000000000007,1.0714285714285694,3.720815897994134,49.45054945054935,25,1.5,9,3,3,25,80,2.0,1.8,2.5,False,True,True,True,0.1,3,0.1,0.04
13,46.15384615384615,7.499999999999996,-6.000000000000007,1.0714285714285694,2.7425663591227334,49.45054945054935,25,1.5,9,3,3,15,75,2.0,1.2,2.5,False,True,True,True,0.1,3,0.1,0.04
13,46.15384615384615,7.499999999999996,-6.000000000000007,1.0714285714285694,2.7425663591227334,49.45054945054935,25,1.5,9,3,3,15,80,2.0,1.2,2.5,False,True,True,True,0.1,3,0.1,0.04
13,46.15384615384615,7.499999999999996,-6.000000000000007,1.0714285714285694,2.7425663591227334,49.45054945054935,25,1.5,9,3,3,20,75,2.0,1.2,2.5,False,True,True,True,0.1,3,0.1,0.04
13,46.15384615384615,7.499999999999996,-6.000000000000007,1.0714285714285694,2.7425663591227334,49.45054945054935,25,1.5,9,3,3,20,80,2.0,1.2,2.5,False,True,True,True,0.1,3,0.1,0.04
13,46.15384615384615,7.499999999999996,-6.000000000000007,1.0714285714285694,2.7425663591227334,49.45054945054935,25,1.5,9,3,3,25,75,2.0,1.2,2.5,False,True,True,True,0.1,3,0.1,0.04
13,46.15384615384615,7.499999999999996,-6.000000000000007,1.0714285714285694,2.7425663591227334,49.45054945054935,25,1.5,9,3,3,25,80,2.0,1.2,2.5,False,True,True,True,0.1,3,0.1,0.04
13,46.15384615384615,7.4999999999999964,-6.000000000000008,1.0714285714285694,2.7420185355194526,49.45054945054935,14,1.5,14,3,3,15,85,2.0,1.2,2.5,True,False,True,True,0.1,3,0.1,0.04
13,46.15384615384615,7.4999999999999964,-6.000000000000008,1.0714285714285694,2.7420185355194526,49.45054945054935,14,1.5,14,3,3,15,85,2.0,1.2,2.5,False,False,True,True,0.1,3,0.1,0.04
13,46.15384615384615,7.4999999999999964,-6.000000000000008,1.0714285714285694,2.7420185355194526,49.45054945054935,14,1.5,14,3,3,20,85,2.0,1.2,2.5,True,False,True,True,0.1,3,0.1,0.04
13,46.15384615384615,7.4999999999999964,-6.000000000000008,1.0714285714285694,2.7420185355194526,49.45054945054935,14,1.5,14,3,3,20,85,2.0,1.2,2.5,False,False,True,True,0.1,3,0.1,0.04
13,46.15384615384615,7.4999999999999964,-6.000000000000008,1.0714285714285694,2.7420185355194526,49.45054945054935,14,1.5,14,3,3,25,85,2.0,1.2,2.5,True,False,True,True,0.1,3,0.1,0.04
13,46.15384615384615,7.4999999999999964,-6.000000000000008,1.0714285714285694,2.7420185355194526,49.45054945054935,14,1.5,14,3,3,25,85,2.0,1.2,2.5,False,False,True,True,0.1,3,0.1,0.04
13,46.15384615384615,7.4999999999999964,-6.000000000000008,1.0714285714285694,1.9443880731469632,49.45054945054935,14,1.5,14,3,3,15,85,2.0,1.8,2.5,True,False,True,True,0.1,3,0.1,0.04
13,46.15384615384615,7.4999999999999964,-6.000000000000008,1.0714285714285694,1.9443880731469632,49.45054945054935,14,1.5,14,3,3,15,85,2.0,1.8,2.5,False,False,True,True,0.1,3,0.1,0.04
13,46.15384615384615,7.4999999999999964,-6.000000000000008,1.0714285714285694,1.9443880731469632,49.45054945054935,14,1.5,14,3,3,20,85,2.0,1.8,2.5,False,False,True,True,0.1,3,0.1,0.04
13,46.15384615384615,7.4999999999999964,-6.000000000000008,1.0714285714285694,1.9443880731469632,49.45054945054935,14,1.5,14,3,3,20,85,2.0,1.8,2.5,True,False,True,True,0.1,3,0.1,0.04
13,46.15384615384615,7.4999999999999964,-6.000000000000008,1.0714285714285694,1.9443880731469632,49.45054945054935,14,1.5,14,3,3,25,85,2.0,1.8,2.5,True,False,True,True,0.1,3,0.1,0.04
13,46.15384615384615,7.4999999999999964,-6.000000000000008,1.0714285714285694,1.9443880731469632,49.45054945054935,14,1.5,14,3,3,25,85,2.0,1.8,2.5,False,False,True,True,0.1,3,0.1,0.04
13,46.15384615384615,7.499999999999996,-6.000000000000007,1.0714285714285694,0.9227873795192743,49.45054945054935,25,1.5,9,3,3,15,75,2.0,0.8,2.5,False,True,True,True,0.1,3,0.1,0.04
13,46.15384615384615,7.499999999999996,-6.000000000000007,1.0714285714285694,0.9227873795192743,49.45054945054935,25,1.5,9,3,3,15,80,2.0,0.8,2.5,False,True,True,True,0.1,3,0.1,0.04
13,46.15384615384615,7.499999999999996,-6.000000000000007,1.0714285714285694,0.9227873795192743,49.45054945054935,25,1.5,9,3,3,20,75,2.0,0.8,2.5,False,True,True,True,0.1,3,0.1,0.04
13,46.15384615384615,7.499999999999996,-6.000000000000007,1.0714285714285694,0.9227873795192743,49.45054945054935,25,1.5,9,3,3,20,80,2.0,0.8,2.5,False,True,True,True,0.1,3,0.1,0.04
13,46.15384615384615,7.499999999999996,-6.000000000000007,1.0714285714285694,0.9227873795192743,49.45054945054935,25,1.5,9,3,3,25,75,2.0,0.8,2.5,False,True,True,True,0.1,3,0.1,0.04
13,46.15384615384615,7.499999999999996,-6.000000000000007,1.0714285714285694,0.9227873795192743,49.45054945054935,25,1.5,9,3,3,25,80,2.0,0.8,2.5,False,True,True,True,0.1,3,0.1,0.04
13,46.15384615384615,7.4999999999999964,-6.000000000000008,1.0714285714285694,0.9222473284785426,49.45054945054935,14,1.5,14,3,3,15,85,2.0,0.8,2.5,False,False,True,True,0.1,3,0.1,0.04
13,46.15384615384615,7.4999999999999964,-6.000000000000008,1.0714285714285694,0.9222473284785426,49.45054945054935,14,1.5,14,3,3,15,85,2.0,0.8,2.5,True,False,True,True,0.1,3,0.1,0.04
13,46.15384615384615,7.4999999999999964,-6.000000000000008,1.0714285714285694,0.9222473284785426,49.45054945054935,14,1.5,14,3,3,20,85,2.0,0.8,2.5,True,False,True,True,0.1,3,0.1,0.04
13,46.15384615384615,7.4999999999999964,-6.000000000000008,1.0714285714285694,0.9222473284785426,49.45054945054935,14,1.5,14,3,3,20,85,2.0,0.8,2.5,False,False,True,True,0.1,3,0.1,0.04
13,46.15384615384615,7.4999999999999964,-6.000000000000008,1.0714285714285694,0.9222473284785426,49.45054945054935,14,1.5,14,3,3,25,85,2.0,0.8,2.5,True,False,True,True,0.1,3,0.1,0.04
13,46.15384615384615,7.4999999999999964,-6.000000000000008,1.0714285714285694,0.9222473284785426,49.45054945054935,14,1.5,14,3,3,25,85,2.0,0.8,2.5,False,False,True,True,0.1,3,0.1,0.04
13,46.15384615384615,7.228618262235661,-6.000000000000007,1.0326597517479503,5.66914072835325,47.66121931144386,25,1.5,9,3,3,15,75,2.0,1.2,2.5,True,True,True,True,0.1,3,0.1,0.04
13,46.15384615384615,7.228618262235661,-6.000000000000007,1.0326597517479503,5.66914072835325,47.66121931144386,25,1.5,9,3,3,15,80,2.0,1.2,2.5,True,True,True,True,0.1,3,0.1,0.04
13,46.15384615384615,7.228618262235661,-6.000000000000007,1.0326597517479503,5.66914072835325,47.66121931144386,25,1.5,9,3,3,20,75,2.0,1.2,2.5,True,True,True,True,0.1,3,0.1,0.04
13,46.15384615384615,7.228618262235661,-6.000000000000007,1.0326597517479503,5.66914072835325,47.66121931144386,25,1.5,9,3,3,20,80,2.0,1.2,2.5,True,True,True,True,0.1,3,0.1,0.04
13,46.15384615384615,7.228618262235661,-6.000000000000007,1.0326597517479503,5.66914072835325,47.66121931144386,25,1.5,9,3,3,25,75,2.0,1.2,2.5,True,True,True,True,0.1,3,0.1,0.04
13,46.15384615384615,7.228618262235661,-6.000000000000007,1.0326597517479503,5.66914072835325,47.66121931144386,25,1.5,9,3,3,25,80,2.0,1.2,2.5,True,True,True,True,0.1,3,0.1,0.04
13,46.15384615384615,7.228618262235661,-6.000000000000007,1.0326597517479503,5.006521112281126,47.66121931144386,25,1.5,9,3,3,15,75,2.0,1.8,2.5,True,True,True,True,0.1,3,0.1,0.04
13,46.15384615384615,7.228618262235661,-6.000000000000007,1.0326597517479503,5.006521112281126,47.66121931144386,25,1.5,9,3,3,15,80,2.0,1.8,2.5,True,True,True,True,0.1,3,0.1,0.04
13,46.15384615384615,7.228618262235661,-6.000000000000007,1.0326597517479503,5.006521112281126,47.66121931144386,25,1.5,9,3,3,20,75,2.0,1.8,2.5,True,True,True,True,0.1,3,0.1,0.04
13,46.15384615384615,7.228618262235661,-6.000000000000007,1.0326597517479503,5.006521112281126,47.66121931144386,25,1.5,9,3,3,20,80,2.0,1.8,2.5,True,True,True,True,0.1,3,0.1,0.04
13,46.15384615384615,7.228618262235661,-6.000000000000007,1.0326597517479503,5.006521112281126,47.66121931144386,25,1.5,9,3,3,25,75,2.0,1.8,2.5,True,True,True,True,0.1,3,0.1,0.04
13,46.15384615384615,7.228618262235661,-6.000000000000007,1.0326597517479503,5.006521112281126,47.66121931144386,25,1.5,9,3,3,25,80,2.0,1.8,2.5,True,True,True,True,0.1,3,0.1,0.04
13,46.15384615384615,7.228618262235661,-6.000000000000007,1.0326597517479503,3.802673439109161,47.66121931144386,25,1.5,9,3,3,15,75,2.0,0.8,2.5,True,True,True,True,0.1,3,0.1,0.04
13,46.15384615384615,7.228618262235661,-6.000000000000007,1.0326597517479503,3.802673439109161,47.66121931144386,25,1.5,9,3,3,15,80,2.0,0.8,2.5,True,True,True,True,0.1,3,0.1,0.04
13,46.15384615384615,7.228618262235661,-6.000000000000007,1.0326597517479503,3.802673439109161,47.66121931144386,25,1.5,9,3,3,20,75,2.0,0.8,2.5,True,True,True,True,0.1,3,0.1,0.04
13,46.15384615384615,7.228618262235661,-6.000000000000007,1.0326597517479503,3.802673439109161,47.66121931144386,25,1.5,9,3,3,20,80,2.0,0.8,2.5,True,True,True,True,0.1,3,0.1,0.04
13,46.15384615384615,7.228618262235661,-6.000000000000007,1.0326597517479503,3.802673439109161,47.66121931144386,25,1.5,9,3,3,25,75,2.0,0.8,2.5,True,True,True,True,0.1,3,0.1,0.04
13,46.15384615384615,7.228618262235661,-6.000000000000007,1.0326597517479503,3.802673439109161,47.66121931144386,25,1.5,9,3,3,25,80,2.0,0.8,2.5,True,True,True,True,0.1,3,0.1,0.04
11,45.45454545454545,8.410077030158297,-4.4999999999999885,1.5574216722515406,5.197253743621877,70.79189419325185,20,1.5,9,3,3,15,85,1.5,1.8,2.5,True,True,True,True,0.1,3,0.1,0.04
11,45.45454545454545,8.410077030158297,-4.4999999999999885,1.5574216722515406,5.197253743621877,70.79189419325185,20,1.5,9,3,3,20,85,1.5,1.8,2.5,True,True,True,True,0.1,3,0.1,0.04
11,45.45454545454545,8.410077030158297,-4.4999999999999885,1.5574216722515406,5.197253743621877,70.79189419325185,20,1.5,9,3,3,25,85,1.5,1.8,2.5,True,True,True,True,0.1,3,0.1,0.04
11,45.45454545454545,8.410077030158297,-4.4999999999999885,1.5574216722515406,4.813257812852489,70.79189419325185,20,1.5,9,3,3,15,85,1.5,1.2,2.5,True,True,True,True,0.1,3,0.1,0.04
11,45.45454545454545,8.410077030158297,-4.4999999999999885,1.5574216722515406,4.813257812852489,70.79189419325185,20,1.5,9,3,3,20,85,1.5,1.2,2.5,True,True,True,True,0.1,3,0.1,0.04
11,45.45454545454545,8.410077030158297,-4.4999999999999885,1.5574216722515406,4.813257812852489,70.79189419325185,20,1.5,9,3,3,25,85,1.5,1.2,2.5,True,True,True,True,0.1,3,0.1,0.04
11,45.45454545454545,8.410077030158297,-4.4999999999999885,1.5574216722515406,3.5185012200554144,70.79189419325185,20,1.5,9,3,3,15,85,1.5,0.8,2.5,True,True,True,True,0.1,3,0.1,0.04
11,45.45454545454545,8.410077030158297,-4.4999999999999885,1.5574216722515406,3.5185012200554144,70.79189419325185,20,1.5,9,3,3,20,85,1.5,0.8,2.5,True,True,True,True,0.1,3,0.1,0.04
11,45.45454545454545,8.410077030158297,-4.4999999999999885,1.5574216722515406,3.5185012200554144,70.79189419325185,20,1.5,9,3,3,25,85,1.5,0.8,2.5,True,True,True,True,0.1,3,0.1,0.04
11,45.45454545454545,7.500000000000005,-4.4999999999999885,1.3888888888888935,2.694371481302116,63.13131313131334,20,1.5,9,3,3,15,85,1.5,1.8,2.5,False,True,True,True,0.1,3,0.1,0.04
11,45.45454545454545,7.500000000000005,-4.4999999999999885,1.3888888888888935,2.694371481302116,63.13131313131334,20,1.5,9,3,3,20,85,1.5,1.8,2.5,False,True,True,True,0.1,3,0.1,0.04
11,45.45454545454545,7.500000000000005,-4.4999999999999885,1.3888888888888935,2.694371481302116,63.13131313131334,20,1.5,9,3,3,25,85,1.5,1.8,2.5,False,True,True,True,0.1,3,0.1,0.04
11,45.45454545454545,7.500000000000005,-4.4999999999999885,1.3888888888888935,2.3130461467610886,63.13131313131334,20,1.5,9,3,3,15,85,1.5,1.2,2.5,False,True,True,True,0.1,3,0.1,0.04
11,45.45454545454545,7.500000000000005,-4.4999999999999885,1.3888888888888935,2.3130461467610886,63.13131313131334,20,1.5,9,3,3,20,85,1.5,1.2,2.5,False,True,True,True,0.1,3,0.1,0.04
11,45.45454545454545,7.500000000000005,-4.4999999999999885,1.3888888888888935,2.3130461467610886,63.13131313131334,20,1.5,9,3,3,25,85,1.5,1.2,2.5,False,True,True,True,0.1,3,0.1,0.04
11,45.45454545454545,7.500000000000005,-4.4999999999999885,1.3888888888888935,1.044899088182838,63.13131313131334,20,1.5,9,3,3,15,85,1.5,0.8,2.5,False,True,True,True,0.1,3,0.1,0.04
11,45.45454545454545,7.500000000000005,-4.4999999999999885,1.3888888888888935,1.044899088182838,63.13131313131334,20,1.5,9,3,3,20,85,1.5,0.8,2.5,False,True,True,True,0.1,3,0.1,0.04
11,45.45454545454545,7.500000000000005,-4.4999999999999885,1.3888888888888935,1.044899088182838,63.13131313131334,20,1.5,9,3,3,25,85,1.5,0.8,2.5,False,True,True,True,0.1,3,0.1,0.04
11,45.45454545454545,7.49999999999999,-6.000000000000008,1.0416666666666639,1.8917655815901213,47.348484848484716,25,1.5,14,3,3,15,75,2.0,1.8,2.5,False,True,True,True,0.1,3,0.1,0.04
11,45.45454545454545,7.49999999999999,-6.000000000000008,1.0416666666666639,1.8917655815901213,47.348484848484716,25,1.5,14,3,3,15,80,2.0,1.8,2.5,False,True,True,True,0.1,3,0.1,0.04
11,45.45454545454545,7.49999999999999,-6.000000000000008,1.0416666666666639,1.8917655815901213,47.348484848484716,25,1.5,14,3,3,20,75,2.0,1.8,2.5,False,True,True,True,0.1,3,0.1,0.04
11,45.45454545454545,7.49999999999999,-6.000000000000008,1.0416666666666639,1.8917655815901213,47.348484848484716,25,1.5,14,3,3,20,80,2.0,1.8,2.5,False,True,True,True,0.1,3,0.1,0.04
11,45.45454545454545,7.49999999999999,-6.000000000000008,1.0416666666666639,1.8917655815901213,47.348484848484716,25,1.5,14,3,3,25,75,2.0,1.8,2.5,False,True,True,True,0.1,3,0.1,0.04
11,45.45454545454545,7.49999999999999,-6.000000000000008,1.0416666666666639,1.8917655815901213,47.348484848484716,25,1.5,14,3,3,25,80,2.0,1.8,2.5,False,True,True,True,0.1,3,0.1,0.04
11,45.45454545454545,7.49999999999999,-6.000000000000008,1.0416666666666639,1.4731689839443618,47.348484848484716,25,1.5,14,3,3,15,75,2.0,1.2,2.5,False,True,True,True,0.1,3,0.1,0.04
11,45.45454545454545,7.49999999999999,-6.000000000000008,1.0416666666666639,1.4731689839443618,47.348484848484716,25,1.5,14,3,3,15,80,2.0,1.2,2.5,False,True,True,True,0.1,3,0.1,0.04
11,45.45454545454545,7.49999999999999,-6.000000000000008,1.0416666666666639,1.4731689839443618,47.348484848484716,25,1.5,14,3,3,20,75,2.0,1.2,2.5,False,True,True,True,0.1,3,0.1,0.04
11,45.45454545454545,7.49999999999999,-6.000000000000008,1.0416666666666639,1.4731689839443618,47.348484848484716,25,1.5,14,3,3,20,80,2.0,1.2,2.5,False,True,True,True,0.1,3,0.1,0.04
11,45.45454545454545,7.49999999999999,-6.000000000000008,1.0416666666666639,1.4731689839443618,47.348484848484716,25,1.5,14,3,3,25,75,2.0,1.2,2.5,False,True,True,True,0.1,3,0.1,0.04
11,45.45454545454545,7.49999999999999,-6.000000000000008,1.0416666666666639,1.4731689839443618,47.348484848484716,25,1.5,14,3,3,25,80,2.0,1.2,2.5,False,True,True,True,0.1,3,0.1,0.04
11,45.45454545454545,7.49999999999999,-6.000000000000008,1.0416666666666639,0.0334600146435049,47.348484848484716,25,1.5,14,3,3,15,75,2.0,0.8,2.5,False,True,True,True,0.1,3,0.1,0.04
11,45.45454545454545,7.49999999999999,-6.000000000000008,1.0416666666666639,0.0334600146435049,47.348484848484716,25,1.5,14,3,3,15,80,2.0,0.8,2.5,False,True,True,True,0.1,3,0.1,0.04
11,45.45454545454545,7.49999999999999,-6.000000000000008,1.0416666666666639,0.0334600146435049,47.348484848484716,25,1.5,14,3,3,20,75,2.0,0.8,2.5,False,True,True,True,0.1,3,0.1,0.04
11,45.45454545454545,7.49999999999999,-6.000000000000008,1.0416666666666639,0.0334600146435049,47.348484848484716,25,1.5,14,3,3,20,80,2.0,0.8,2.5,False,True,True,True,0.1,3,0.1,0.04
11,45.45454545454545,7.49999999999999,-6.000000000000008,1.0416666666666639,0.0334600146435049,47.348484848484716,25,1.5,14,3,3,25,75,2.0,0.8,2.5,False,True,True,True,0.1,3,0.1,0.04
11,45.45454545454545,7.49999999999999,-6.000000000000008,1.0416666666666639,0.0334600146435049,47.348484848484716,25,1.5,14,3,3,25,80,2.0,0.8,2.5,False,True,True,True,0.1,3,0.1,0.04
11,45.45454545454545,7.17434191468279,-6.000000000000008,0.996436377039275,4.3635851574609585,45.29256259269432,25,1.5,14,3,3,15,75,2.0,1.2,2.5,True,True,True,True,0.1,3,0.1,0.04
11,45.45454545454545,7.17434191468279,-6.000000000000008,0.996436377039275,4.3635851574609585,45.29256259269432,25,1.5,14,3,3,15,80,2.0,1.2,2.5,True,True,True,True,0.1,3,0.1,0.04
11,45.45454545454545,7.17434191468279,-6.000000000000008,0.996436377039275,4.3635851574609585,45.29256259269432,25,1.5,14,3,3,20,75,2.0,1.2,2.5,True,True,True,True,0.1,3,0.1,0.04
11,45.45454545454545,7.17434191468279,-6.000000000000008,0.996436377039275,4.3635851574609585,45.29256259269432,25,1.5,14,3,3,20,80,2.0,1.2,2.5,True,True,True,True,0.1,3,0.1,0.04
11,45.45454545454545,7.17434191468279,-6.000000000000008,0.996436377039275,4.3635851574609585,45.29256259269432,25,1.5,14,3,3,25,75,2.0,1.2,2.5,True,True,True,True,0.1,3,0.1,0.04
11,45.45454545454545,7.17434191468279,-6.000000000000008,0.996436377039275,4.3635851574609585,45.29256259269432,25,1.5,14,3,3,25,80,2.0,1.2,2.5,True,True,True,True,0.1,3,0.1,0.04
11,45.45454545454545,7.17434191468279,-6.000000000000008,0.996436377039275,3.1547982059188406,45.29256259269432,25,1.5,14,3,3,15,75,2.0,1.8,2.5,True,True,True,True,0.1,3,0.1,0.04
11,45.45454545454545,7.17434191468279,-6.000000000000008,0.996436377039275,3.1547982059188406,45.29256259269432,25,1.5,14,3,3,15,80,2.0,1.8,2.5,True,True,True,True,0.1,3,0.1,0.04
11,45.45454545454545,7.17434191468279,-6.000000000000008,0.996436377039275,3.1547982059188406,45.29256259269432,25,1.5,14,3,3,20,75,2.0,1.8,2.5,True,True,True,True,0.1,3,0.1,0.04
11,45.45454545454545,7.17434191468279,-6.000000000000008,0.996436377039275,3.1547982059188406,45.29256259269432,25,1.5,14,3,3,20,80,2.0,1.8,2.5,True,True,True,True,0.1,3,0.1,0.04
11,45.45454545454545,7.17434191468279,-6.000000000000008,0.996436377039275,3.1547982059188406,45.29256259269432,25,1.5,14,3,3,25,75,2.0,1.8,2.5,True,True,True,True,0.1,3,0.1,0.04
11,45.45454545454545,7.17434191468279,-6.000000000000008,0.996436377039275,3.1547982059188406,45.29256259269432,25,1.5,14,3,3,25,80,2.0,1.8,2.5,True,True,True,True,0.1,3,0.1,0.04
11,45.45454545454545,7.17434191468279,-6.000000000000008,0.996436377039275,2.887968639196048,45.29256259269432,25,1.5,14,3,3,15,75,2.0,0.8,2.5,True,True,True,True,0.1,3,0.1,0.04
11,45.45454545454545,7.17434191468279,-6.000000000000008,0.996436377039275,2.887968639196048,45.29256259269432,25,1.5,14,3,3,15,80,2.0,0.8,2.5,True,True,True,True,0.1,3,0.1,0.04
11,45.45454545454545,7.17434191468279,-6.000000000000008,0.996436377039275,2.887968639196048,45.29256259269432,25,1.5,14,3,3,20,75,2.0,0.8,2.5,True,True,True,True,0.1,3,0.1,0.04
11,45.45454545454545,7.17434191468279,-6.000000000000008,0.996436377039275,2.887968639196048,45.29256259269432,25,1.5,14,3,3,20,80,2.0,0.8,2.5,True,True,True,True,0.1,3,0.1,0.04
11,45.45454545454545,7.17434191468279,-6.000000000000008,0.996436377039275,2.887968639196048,45.29256259269432,25,1.5,14,3,3,25,75,2.0,0.8,2.5,True,True,True,True,0.1,3,0.1,0.04
11,45.45454545454545,7.17434191468279,-6.000000000000008,0.996436377039275,2.887968639196048,45.29256259269432,25,1.5,14,3,3,25,80,2.0,0.8,2.5,True,True,True,True,0.1,3,0.1,0.04
9,44.44444444444444,7.499999999999993,-6.000000000000012,0.9999999999999969,1.8386546181398344,44.44444444444431,25,1.5,14,3,3,15,85,2.0,1.8,2.5,False,True,True,True,0.1,3,0.1,0.04
9,44.44444444444444,7.499999999999993,-6.000000000000012,0.9999999999999969,1.8386546181398344,44.44444444444431,25,1.5,14,3,3,20,85,2.0,1.8,2.5,False,True,True,True,0.1,3,0.1,0.04
9,44.44444444444444,7.499999999999993,-6.000000000000012,0.9999999999999969,1.8386546181398344,44.44444444444431,25,1.5,14,3,3,25,85,2.0,1.8,2.5,False,True,True,True,0.1,3,0.1,0.04
9,44.44444444444444,7.499999999999993,-6.000000000000012,0.9999999999999969,1.6897252142763053,44.44444444444431,25,1.5,14,3,3,15,85,2.0,1.2,2.5,False,True,True,True,0.1,3,0.1,0.04
9,44.44444444444444,7.499999999999993,-6.000000000000012,0.9999999999999969,1.6897252142763053,44.44444444444431,25,1.5,14,3,3,20,85,2.0,1.2,2.5,False,True,True,True,0.1,3,0.1,0.04
9,44.44444444444444,7.499999999999993,-6.000000000000012,0.9999999999999969,1.6897252142763053,44.44444444444431,25,1.5,14,3,3,25,85,2.0,1.2,2.5,False,True,True,True,0.1,3,0.1,0.04
9,44.44444444444444,7.499999999999993,-6.000000000000012,0.9999999999999969,0.42481326079339965,44.44444444444431,25,1.5,14,3,3,15,85,2.0,0.8,2.5,False,True,True,True,0.1,3,0.1,0.04
9,44.44444444444444,7.499999999999993,-6.000000000000012,0.9999999999999969,0.42481326079339965,44.44444444444431,25,1.5,14,3,3,20,85,2.0,0.8,2.5,False,True,True,True,0.1,3,0.1,0.04
9,44.44444444444444,7.499999999999993,-6.000000000000012,0.9999999999999969,0.42481326079339965,44.44444444444431,25,1.5,14,3,3,25,85,2.0,0.8,2.5,False,True,True,True,0.1,3,0.1,0.04
9,44.44444444444444,7.024620536999773,-6.000000000000012,0.9366160715999677,3.3648124755029762,41.62738095999856,25,1.5,14,3,3,15,85,2.0,1.2,2.5,True,True,True,True,0.1,3,0.1,0.04
9,44.44444444444444,7.024620536999773,-6.000000000000012,0.9366160715999677,3.3648124755029762,41.62738095999856,25,1.5,14,3,3,20,85,2.0,1.2,2.5,True,True,True,True,0.1,3,0.1,0.04
9,44.44444444444444,7.024620536999773,-6.000000000000012,0.9366160715999677,3.3648124755029762,41.62738095999856,25,1.5,14,3,3,25,85,2.0,1.2,2.5,True,True,True,True,0.1,3,0.1,0.04
9,44.44444444444444,7.024620536999773,-6.000000000000012,0.9366160715999677,2.7009313585913963,41.62738095999856,25,1.5,14,3,3,15,85,2.0,1.8,2.5,True,True,True,True,0.1,3,0.1,0.04
9,44.44444444444444,7.024620536999773,-6.000000000000012,0.9366160715999677,2.7009313585913963,41.62738095999856,25,1.5,14,3,3,20,85,2.0,1.8,2.5,True,True,True,True,0.1,3,0.1,0.04
9,44.44444444444444,7.024620536999773,-6.000000000000012,0.9366160715999677,2.7009313585913963,41.62738095999856,25,1.5,14,3,3,25,85,2.0,1.8,2.5,True,True,True,True,0.1,3,0.1,0.04
9,44.44444444444444,7.024620536999773,-6.000000000000012,0.9366160715999677,2.082010829169678,41.62738095999856,25,1.5,14,3,3,15,85,2.0,0.8,2.5,True,True,True,True,0.1,3,0.1,0.04
9,44.44444444444444,7.024620536999773,-6.000000000000012,0.9366160715999677,2.082010829169678,41.62738095999856,25,1.5,14,3,3,20,85,2.0,0.8,2.5,True,True,True,True,0.1,3,0.1,0.04
9,44.44444444444444,7.024620536999773,-6.000000000000012,0.9366160715999677,2.082010829169678,41.62738095999856,25,1.5,14,3,3,25,85,2.0,0.8,2.5,True,True,True,True,0.1,3,0.1,0.04
12,41.66666666666667,7.5,-4.499999999999995,1.1904761904761918,1.2830228453193815,49.603174603174665,25,1.5,9,3,3,15,85,1.5,1.8,2.5,True,False,True,True,0.1,3,0.1,0.04
12,41.66666666666667,7.5,-4.499999999999995,1.1904761904761918,1.2830228453193815,49.603174603174665,25,1.5,9,3,3,15,85,1.5,1.8,2.5,False,False,True,True,0.1,3,0.1,0.04
12,41.66666666666667,7.5,-4.499999999999995,1.1904761904761918,1.2830228453193815,49.603174603174665,25,1.5,9,3,3,20,85,1.5,1.8,2.5,True,False,True,True,0.1,3,0.1,0.04
12,41.66666666666667,7.5,-4.499999999999995,1.1904761904761918,1.2830228453193815,49.603174603174665,25,1.5,9,3,3,20,85,1.5,1.8,2.5,False,False,True,True,0.1,3,0.1,0.04
12,41.66666666666667,7.5,-4.499999999999995,1.1904761904761918,1.2830228453193815,49.603174603174665,25,1.5,9,3,3,25,85,1.5,1.8,2.5,True,False,True,True,0.1,3,0.1,0.04
12,41.66666666666667,7.5,-4.499999999999995,1.1904761904761918,1.2830228453193815,49.603174603174665,25,1.5,9,3,3,25,85,1.5,1.8,2.5,False,False,True,True,0.1,3,0.1,0.04
12,41.66666666666667,7.5,-4.499999999999995,1.1904761904761918,-0.32112831642183703,-49.603174603174665,25,1.5,9,3,3,15,85,1.5,1.2,2.5,True,False,True,True,0.1,3,0.1,0.04
12,41.66666666666667,7.5,-4.499999999999995,1.1904761904761918,-0.32112831642183703,-49.603174603174665,25,1.5,9,3,3,15,85,1.5,1.2,2.5,False,False,True,True,0.1,3,0.1,0.04
12,41.66666666666667,7.5,-4.499999999999995,1.1904761904761918,-0.32112831642183703,-49.603174603174665,25,1.5,9,3,3,20,85,1.5,1.2,2.5,False,False,True,True,0.1,3,0.1,0.04
12,41.66666666666667,7.5,-4.499999999999995,1.1904761904761918,-0.32112831642183703,-49.603174603174665,25,1.5,9,3,3,20,85,1.5,1.2,2.5,True,False,True,True,0.1,3,0.1,0.04
12,41.66666666666667,7.5,-4.499999999999995,1.1904761904761918,-0.32112831642183703,-49.603174603174665,25,1.5,9,3,3,25,85,1.5,1.2,2.5,False,False,True,True,0.1,3,0.1,0.04
12,41.66666666666667,7.5,-4.499999999999995,1.1904761904761918,-0.32112831642183703,-49.603174603174665,25,1.5,9,3,3,25,85,1.5,1.2,2.5,True,False,True,True,0.1,3,0.1,0.04
12,41.66666666666667,7.5,-4.499999999999995,1.1904761904761918,-1.3787548854561238,-49.603174603174665,25,1.5,9,3,3,15,85,1.5,0.8,2.5,False,False,True,True,0.1,3,0.1,0.04
12,41.66666666666667,7.5,-4.499999999999995,1.1904761904761918,-1.3787548854561238,-49.603174603174665,25,1.5,9,3,3,15,85,1.5,0.8,2.5,True,False,True,True,0.1,3,0.1,0.04
12,41.66666666666667,7.5,-4.499999999999995,1.1904761904761918,-1.3787548854561238,-49.603174603174665,25,1.5,9,3,3,20,85,1.5,0.8,2.5,True,False,True,True,0.1,3,0.1,0.04
12,41.66666666666667,7.5,-4.499999999999995,1.1904761904761918,-1.3787548854561238,-49.603174603174665,25,1.5,9,3,3,20,85,1.5,0.8,2.5,False,False,True,True,0.1,3,0.1,0.04
12,41.66666666666667,7.5,-4.499999999999995,1.1904761904761918,-1.3787548854561238,-49.603174603174665,25,1.5,9,3,3,25,85,1.5,0.8,2.5,True,False,True,True,0.1,3,0.1,0.04
12,41.66666666666667,7.5,-4.499999999999995,1.1904761904761918,-1.3787548854561238,-49.603174603174665,25,1.5,9,3,3,25,85,1.5,0.8,2.5,False,False,True,True,0.1,3,0.1,0.04
15,40.0,8.303935429367725,-4.499999999999982,1.2302126562026305,4.683519374679435,49.20850624810522,20,1.5,9,3,3,15,75,1.5,1.2,2.5,True,True,True,True,0.1,3,0.1,0.04
15,40.0,8.303935429367725,-4.499999999999982,1.2302126562026305,4.683519374679435,49.20850624810522,20,1.5,9,3,3,15,80,1.5,1.2,2.5,True,True,True,True,0.1,3,0.1,0.04
15,40.0,8.303935429367725,-4.499999999999982,1.2302126562026305,4.683519374679435,49.20850624810522,20,1.5,9,3,3,20,75,1.5,1.2,2.5,True,True,True,True,0.1,3,0.1,0.04
15,40.0,8.303935429367725,-4.499999999999982,1.2302126562026305,4.683519374679435,49.20850624810522,20,1.5,9,3,3,20,80,1.5,1.2,2.5,True,True,True,True,0.1,3,0.1,0.04
15,40.0,8.303935429367725,-4.499999999999982,1.2302126562026305,4.683519374679435,49.20850624810522,20,1.5,9,3,3,25,75,1.5,1.2,2.5,True,True,True,True,0.1,3,0.1,0.04
15,40.0,8.303935429367725,-4.499999999999982,1.2302126562026305,4.683519374679435,49.20850624810522,20,1.5,9,3,3,25,80,1.5,1.2,2.5,True,True,True,True,0.1,3,0.1,0.04
15,40.0,8.303935429367725,-4.499999999999982,1.2302126562026305,3.2492875038464764,49.20850624810522,20,1.5,9,3,3,15,75,1.5,1.8,2.5,True,True,True,True,0.1,3,0.1,0.04
15,40.0,8.303935429367725,-4.499999999999982,1.2302126562026305,3.2492875038464764,49.20850624810522,20,1.5,9,3,3,15,80,1.5,1.8,2.5,True,True,True,True,0.1,3,0.1,0.04
15,40.0,8.303935429367725,-4.499999999999982,1.2302126562026305,3.2492875038464764,49.20850624810522,20,1.5,9,3,3,20,75,1.5,1.8,2.5,True,True,True,True,0.1,3,0.1,0.04
15,40.0,8.303935429367725,-4.499999999999982,1.2302126562026305,3.2492875038464764,49.20850624810522,20,1.5,9,3,3,20,80,1.5,1.8,2.5,True,True,True,True,0.1,3,0.1,0.04
15,40.0,8.303935429367725,-4.499999999999982,1.2302126562026305,3.2492875038464764,49.20850624810522,20,1.5,9,3,3,25,75,1.5,1.8,2.5,True,True,True,True,0.1,3,0.1,0.04
15,40.0,8.303935429367725,-4.499999999999982,1.2302126562026305,3.2492875038464764,49.20850624810522,20,1.5,9,3,3,25,80,1.5,1.8,2.5,True,True,True,True,0.1,3,0.1,0.04
15,40.0,8.303935429367725,-4.499999999999982,1.2302126562026305,3.0232845612558457,49.20850624810522,20,1.5,9,3,3,15,75,1.5,0.8,2.5,True,True,True,True,0.1,3,0.1,0.04
15,40.0,8.303935429367725,-4.499999999999982,1.2302126562026305,3.0232845612558457,49.20850624810522,20,1.5,9,3,3,15,80,1.5,0.8,2.5,True,True,True,True,0.1,3,0.1,0.04
15,40.0,8.303935429367725,-4.499999999999982,1.2302126562026305,3.0232845612558457,49.20850624810522,20,1.5,9,3,3,20,75,1.5,0.8,2.5,True,True,True,True,0.1,3,0.1,0.04
15,40.0,8.303935429367725,-4.499999999999982,1.2302126562026305,3.0232845612558457,49.20850624810522,20,1.5,9,3,3,20,80,1.5,0.8,2.5,True,True,True,True,0.1,3,0.1,0.04
15,40.0,8.303935429367725,-4.499999999999982,1.2302126562026305,3.0232845612558457,49.20850624810522,20,1.5,9,3,3,25,75,1.5,0.8,2.5,True,True,True,True,0.1,3,0.1,0.04
15,40.0,8.303935429367725,-4.499999999999982,1.2302126562026305,3.0232845612558457,49.20850624810522,20,1.5,9,3,3,25,80,1.5,0.8,2.5,True,True,True,True,0.1,3,0.1,0.04
20,40.0,8.102951572025788,-4.499999999999983,1.200437269929751,6.321866242773222,48.017490797190035,20,1.5,9,3,3,15,75,1.5,1.2,2.5,True,False,True,True,0.1,3,0.1,0.04
20,40.0,8.102951572025788,-4.499999999999983,1.200437269929751,6.321866242773222,48.017490797190035,20,1.5,9,3,3,15,80,1.5,1.2,2.5,True,False,True,True,0.1,3,0.1,0.04
20,40.0,8.102951572025788,-4.499999999999983,1.200437269929751,6.321866242773222,48.017490797190035,20,1.5,9,3,3,20,75,1.5,1.2,2.5,True,False,True,True,0.1,3,0.1,0.04
20,40.0,8.102951572025788,-4.499999999999983,1.200437269929751,6.321866242773222,48.017490797190035,20,1.5,9,3,3,20,80,1.5,1.2,2.5,True,False,True,True,0.1,3,0.1,0.04
20,40.0,8.102951572025788,-4.499999999999983,1.200437269929751,6.321866242773222,48.017490797190035,20,1.5,9,3,3,25,75,1.5,1.2,2.5,True,False,True,True,0.1,3,0.1,0.04
20,40.0,8.102951572025788,-4.499999999999983,1.200437269929751,6.321866242773222,48.017490797190035,20,1.5,9,3,3,25,80,1.5,1.2,2.5,True,False,True,True,0.1,3,0.1,0.04
20,40.0,8.102951572025788,-4.499999999999983,1.200437269929751,5.9940222363995765,48.017490797190035,20,1.5,9,3,3,15,75,1.5,1.8,2.5,True,False,True,True,0.1,3,0.1,0.04
20,40.0,8.102951572025788,-4.499999999999983,1.200437269929751,5.9940222363995765,48.017490797190035,20,1.5,9,3,3,15,80,1.5,1.8,2.5,True,False,True,True,0.1,3,0.1,0.04
20,40.0,8.102951572025788,-4.499999999999983,1.200437269929751,5.9940222363995765,48.017490797190035,20,1.5,9,3,3,20,75,1.5,1.8,2.5,True,False,True,True,0.1,3,0.1,0.04
20,40.0,8.102951572025788,-4.499999999999983,1.200437269929751,5.9940222363995765,48.017490797190035,20,1.5,9,3,3,20,80,1.5,1.8,2.5,True,False,True,True,0.1,3,0.1,0.04
20,40.0,8.102951572025788,-4.499999999999983,1.200437269929751,5.9940222363995765,48.017490797190035,20,1.5,9,3,3,25,75,1.5,1.8,2.5,True,False,True,True,0.1,3,0.1,0.04
20,40.0,8.102951572025788,-4.499999999999983,1.200437269929751,5.9940222363995765,48.017490797190035,20,1.5,9,3,3,25,80,1.5,1.8,2.5,True,False,True,True,0.1,3,0.1,0.04
20,40.0,8.102951572025788,-4.499999999999983,1.200437269929751,3.8897534894724695,48.017490797190035,20,1.5,9,3,3,15,75,1.5,0.8,2.5,True,False,True,True,0.1,3,0.1,0.04
20,40.0,8.102951572025788,-4.499999999999983,1.200437269929751,3.8897534894724695,48.017490797190035,20,1.5,9,3,3,15,80,1.5,0.8,2.5,True,False,True,True,0.1,3,0.1,0.04
20,40.0,8.102951572025788,-4.499999999999983,1.200437269929751,3.8897534894724695,48.017490797190035,20,1.5,9,3,3,20,75,1.5,0.8,2.5,True,False,True,True,0.1,3,0.1,0.04
20,40.0,8.102951572025788,-4.499999999999983,1.200437269929751,3.8897534894724695,48.017490797190035,20,1.5,9,3,3,20,80,1.5,0.8,2.5,True,False,True,True,0.1,3,0.1,0.04
20,40.0,8.102951572025788,-4.499999999999983,1.200437269929751,3.8897534894724695,48.017490797190035,20,1.5,9,3,3,25,75,1.5,0.8,2.5,True,False,True,True,0.1,3,0.1,0.04
20,40.0,8.102951572025788,-4.499999999999983,1.200437269929751,3.8897534894724695,48.017490797190035,20,1.5,9,3,3,25,80,1.5,0.8,2.5,True,False,True,True,0.1,3,0.1,0.04
15,40.0,7.500000000000001,-4.499999999999982,1.1111111111111156,0.9929343650598055,44.44444444444463,20,1.5,9,3,3,15,75,1.5,1.2,2.5,False,True,True,True,0.1,3,0.1,0.04
15,40.0,7.500000000000001,-4.499999999999982,1.1111111111111156,0.9929343650598055,44.44444444444463,20,1.5,9,3,3,15,80,1.5,1.2,2.5,False,True,True,True,0.1,3,0.1,0.04
15,40.0,7.500000000000001,-4.499999999999982,1.1111111111111156,0.9929343650598055,44.44444444444463,20,1.5,9,3,3,20,75,1.5,1.2,2.5,False,True,True,True,0.1,3,0.1,0.04
15,40.0,7.500000000000001,-4.499999999999982,1.1111111111111156,0.9929343650598055,44.44444444444463,20,1.5,9,3,3,20,80,1.5,1.2,2.5,False,True,True,True,0.1,3,0.1,0.04
15,40.0,7.500000000000001,-4.499999999999982,1.1111111111111156,0.9929343650598055,44.44444444444463,20,1.5,9,3,3,25,75,1.5,1.2,2.5,False,True,True,True,0.1,3,0.1,0.04
15,40.0,7.500000000000001,-4.499999999999982,1.1111111111111156,0.9929343650598055,44.44444444444463,20,1.5,9,3,3,25,80,1.5,1.2,2.5,False,True,True,True,0.1,3,0.1,0.04
15,40.0,7.500000000000001,-4.499999999999982,1.1111111111111156,0.40161184783757964,44.44444444444463,20,1.5,9,3,3,15,75,1.5,1.8,2.5,False,True,True,True,0.1,3,0.1,0.04
15,40.0,7.500000000000001,-4.499999999999982,1.1111111111111156,0.40161184783757964,44.44444444444463,20,1.5,9,3,3,15,80,1.5,1.8,2.5,False,True,True,True,0.1,3,0.1,0.04
15,40.0,7.500000000000001,-4.499999999999982,1.1111111111111156,0.40161184783757964,44.44444444444463,20,1.5,9,3,3,20,75,1.5,1.8,2.5,False,True,True,True,0.1,3,0.1,0.04
15,40.0,7.500000000000001,-4.499999999999982,1.1111111111111156,0.40161184783757964,44.44444444444463,20,1.5,9,3,3,20,80,1.5,1.8,2.5,False,True,True,True,0.1,3,0.1,0.04
15,40.0,7.500000000000001,-4.499999999999982,1.1111111111111156,0.40161184783757964,44.44444444444463,20,1.5,9,3,3,25,75,1.5,1.8,2.5,False,True,True,True,0.1,3,0.1,0.04
15,40.0,7.500000000000001,-4.499999999999982,1.1111111111111156,0.40161184783757964,44.44444444444463,20,1.5,9,3,3,25,80,1.5,1.8,2.5,False,True,True,True,0.1,3,0.1,0.04
15,40.0,7.500000000000001,-4.499999999999982,1.1111111111111156,-0.6150343109195266,-44.44444444444463,20,1.5,9,3,3,15,75,1.5,0.8,2.5,False,True,True,True,0.1,3,0.1,0.04
15,40.0,7.500000000000001,-4.499999999999982,1.1111111111111156,-0.6150343109195266,-44.44444444444463,20,1.5,9,3,3,15,80,1.5,0.8,2.5,False,True,True,True,0.1,3,0.1,0.04
15,40.0,7.500000000000001,-4.499999999999982,1.1111111111111156,-0.6150343109195266,-44.44444444444463,20,1.5,9,3,3,20,75,1.5,0.8,2.5,False,True,True,True,0.1,3,0.1,0.04
15,40.0,7.500000000000001,-4.499999999999982,1.1111111111111156,-0.6150343109195266,-44.44444444444463,20,1.5,9,3,3,20,80,1.5,0.8,2.5,False,True,True,True,0.1,3,0.1,0.04
15,40.0,7.500000000000001,-4.499999999999982,1.1111111111111156,-0.6150343109195266,-44.44444444444463,20,1.5,9,3,3,25,75,1.5,0.8,2.5,False,True,True,True,0.1,3,0.1,0.04
15,40.0,7.500000000000001,-4.499999999999982,1.1111111111111156,-0.6150343109195266,-44.44444444444463,20,1.5,9,3,3,25,80,1.5,0.8,2.5,False,True,True,True,0.1,3,0.1,0.04
20,40.0,7.499999999999995,-4.499999999999983,1.111111111111115,3.0706451933006473,44.4444444444446,20,1.5,9,3,3,15,75,1.5,1.8,2.5,False,False,True,True,0.1,3,0.1,0.04
20,40.0,7.499999999999995,-4.499999999999983,1.111111111111115,3.0706451933006473,44.4444444444446,20,1.5,9,3,3,15,80,1.5,1.8,2.5,False,False,True,True,0.1,3,0.1,0.04
20,40.0,7.499999999999995,-4.499999999999983,1.111111111111115,3.0706451933006473,44.4444444444446,20,1.5,9,3,3,20,75,1.5,1.8,2.5,False,False,True,True,0.1,3,0.1,0.04
20,40.0,7.499999999999995,-4.499999999999983,1.111111111111115,3.0706451933006473,44.4444444444446,20,1.5,9,3,3,20,80,1.5,1.8,2.5,False,False,True,True,0.1,3,0.1,0.04
20,40.0,7.499999999999995,-4.499999999999983,1.111111111111115,3.0706451933006473,44.4444444444446,20,1.5,9,3,3,25,75,1.5,1.8,2.5,False,False,True,True,0.1,3,0.1,0.04
20,40.0,7.499999999999995,-4.499999999999983,1.111111111111115,3.0706451933006473,44.4444444444446,20,1.5,9,3,3,25,80,1.5,1.8,2.5,False,False,True,True,0.1,3,0.1,0.04
20,40.0,7.499999999999995,-4.499999999999983,1.111111111111115,2.5735218224262724,44.4444444444446,20,1.5,9,3,3,15,75,1.5,1.2,2.5,False,False,True,True,0.1,3,0.1,0.04
20,40.0,7.499999999999995,-4.499999999999983,1.111111111111115,2.5735218224262724,44.4444444444446,20,1.5,9,3,3,15,80,1.5,1.2,2.5,False,False,True,True,0.1,3,0.1,0.04
20,40.0,7.499999999999995,-4.499999999999983,1.111111111111115,2.5735218224262724,44.4444444444446,20,1.5,9,3,3,20,75,1.5,1.2,2.5,False,False,True,True,0.1,3,0.1,0.04
20,40.0,7.499999999999995,-4.499999999999983,1.111111111111115,2.5735218224262724,44.4444444444446,20,1.5,9,3,3,20,80,1.5,1.2,2.5,False,False,True,True,0.1,3,0.1,0.04
20,40.0,7.499999999999995,-4.499999999999983,1.111111111111115,2.5735218224262724,44.4444444444446,20,1.5,9,3,3,25,75,1.5,1.2,2.5,False,False,True,True,0.1,3,0.1,0.04
20,40.0,7.499999999999995,-4.499999999999983,1.111111111111115,2.5735218224262724,44.4444444444446,20,1.5,9,3,3,25,80,1.5,1.2,2.5,False,False,True,True,0.1,3,0.1,0.04
20,40.0,7.499999999999995,-4.499999999999983,1.111111111111115,0.22083483330552767,44.4444444444446,20,1.5,9,3,3,15,75,1.5,0.8,2.5,False,False,True,True,0.1,3,0.1,0.04
20,40.0,7.499999999999995,-4.499999999999983,1.111111111111115,0.22083483330552767,44.4444444444446,20,1.5,9,3,3,15,80,1.5,0.8,2.5,False,False,True,True,0.1,3,0.1,0.04
20,40.0,7.499999999999995,-4.499999999999983,1.111111111111115,0.22083483330552767,44.4444444444446,20,1.5,9,3,3,20,75,1.5,0.8,2.5,False,False,True,True,0.1,3,0.1,0.04
20,40.0,7.499999999999995,-4.499999999999983,1.111111111111115,0.22083483330552767,44.4444444444446,20,1.5,9,3,3,20,80,1.5,0.8,2.5,False,False,True,True,0.1,3,0.1,0.04
20,40.0,7.499999999999995,-4.499999999999983,1.111111111111115,0.22083483330552767,44.4444444444446,20,1.5,9,3,3,25,75,1.5,0.8,2.5,False,False,True,True,0.1,3,0.1,0.04
20,40.0,7.499999999999995,-4.499999999999983,1.111111111111115,0.22083483330552767,44.4444444444446,20,1.5,9,3,3,25,80,1.5,0.8,2.5,False,False,True,True,0.1,3,0.1,0.04
18,38.88888888888889,7.956765093149633,-4.499999999999986,1.1251991040817697,3.406821764200463,43.757742936513274,25,1.5,9,3,3,15,75,1.5,1.8,2.5,True,False,True,True,0.1,3,0.1,0.04
18,38.88888888888889,7.956765093149633,-4.499999999999986,1.1251991040817697,3.406821764200463,43.757742936513274,25,1.5,9,3,3,15,80,1.5,1.8,2.5,True,False,True,True,0.1,3,0.1,0.04
18,38.88888888888889,7.956765093149633,-4.499999999999986,1.1251991040817697,3.406821764200463,43.757742936513274,25,1.5,9,3,3,20,75,1.5,1.8,2.5,True,False,True,True,0.1,3,0.1,0.04
18,38.88888888888889,7.956765093149633,-4.499999999999986,1.1251991040817697,3.406821764200463,43.757742936513274,25,1.5,9,3,3,20,80,1.5,1.8,2.5,True,False,True,True,0.1,3,0.1,0.04
18,38.88888888888889,7.956765093149633,-4.499999999999986,1.1251991040817697,3.406821764200463,43.757742936513274,25,1.5,9,3,3,25,75,1.5,1.8,2.5,True,False,True,True,0.1,3,0.1,0.04
18,38.88888888888889,7.956765093149633,-4.499999999999986,1.1251991040817697,3.406821764200463,43.757742936513274,25,1.5,9,3,3,25,80,1.5,1.8,2.5,True,False,True,True,0.1,3,0.1,0.04
18,38.88888888888889,7.956765093149633,-4.499999999999986,1.1251991040817697,3.0129758630416337,43.757742936513274,25,1.5,9,3,3,15,75,1.5,1.2,2.5,True,False,True,True,0.1,3,0.1,0.04
18,38.88888888888889,7.956765093149633,-4.499999999999986,1.1251991040817697,3.0129758630416337,43.757742936513274,25,1.5,9,3,3,15,80,1.5,1.2,2.5,True,False,True,True,0.1,3,0.1,0.04
18,38.88888888888889,7.956765093149633,-4.499999999999986,1.1251991040817697,3.0129758630416337,43.757742936513274,25,1.5,9,3,3,20,75,1.5,1.2,2.5,True,False,True,True,0.1,3,0.1,0.04
18,38.88888888888889,7.956765093149633,-4.499999999999986,1.1251991040817697,3.0129758630416337,43.757742936513274,25,1.5,9,3,3,20,80,1.5,1.2,2.5,True,False,True,True,0.1,3,0.1,0.04
18,38.88888888888889,7.956765093149633,-4.499999999999986,1.1251991040817697,3.0129758630416337,43.757742936513274,25,1.5,9,3,3,25,75,1.5,1.2,2.5,True,False,True,True,0.1,3,0.1,0.04
18,38.88888888888889,7.956765093149633,-4.499999999999986,1.1251991040817697,3.0129758630416337,43.757742936513274,25,1.5,9,3,3,25,80,1.5,1.2,2.5,True,False,True,True,0.1,3,0.1,0.04
18,38.88888888888889,7.956765093149633,-4.499999999999986,1.1251991040817697,1.1988992893603223,43.757742936513274,25,1.5,9,3,3,15,75,1.5,0.8,2.5,True,False,True,True,0.1,3,0.1,0.04
18,38.88888888888889,7.956765093149633,-4.499999999999986,1.1251991040817697,1.1988992893603223,43.757742936513274,25,1.5,9,3,3,15,80,1.5,0.8,2.5,True,False,True,True,0.1,3,0.1,0.04
18,38.88888888888889,7.956765093149633,-4.499999999999986,1.1251991040817697,1.1988992893603223,43.757742936513274,25,1.5,9,3,3,20,75,1.5,0.8,2.5,True,False,True,True,0.1,3,0.1,0.04
18,38.88888888888889,7.956765093149633,-4.499999999999986,1.1251991040817697,1.1988992893603223,43.757742936513274,25,1.5,9,3,3,20,80,1.5,0.8,2.5,True,False,True,True,0.1,3,0.1,0.04
18,38.88888888888889,7.956765093149633,-4.499999999999986,1.1251991040817697,1.1988992893603223,43.757742936513274,25,1.5,9,3,3,25,75,1.5,0.8,2.5,True,False,True,True,0.1,3,0.1,0.04
18,38.88888888888889,7.956765093149633,-4.499999999999986,1.1251991040817697,1.1988992893603223,43.757742936513274,25,1.5,9,3,3,25,80,1.5,0.8,2.5,True,False,True,True,0.1,3,0.1,0.04
18,38.88888888888889,7.5,-4.499999999999986,1.0606060606060639,1.0263676867213523,41.24579124579138,25,1.5,9,3,3,15,75,1.5,1.8,2.5,False,False,True,True,0.1,3,0.1,0.04
18,38.88888888888889,7.5,-4.499999999999986,1.0606060606060639,1.0263676867213523,41.24579124579138,25,1.5,9,3,3,15,80,1.5,1.8,2.5,False,False,True,True,0.1,3,0.1,0.04
18,38.88888888888889,7.5,-4.499999999999986,1.0606060606060639,1.0263676867213523,41.24579124579138,25,1.5,9,3,3,20,75,1.5,1.8,2.5,False,False,True,True,0.1,3,0.1,0.04
18,38.88888888888889,7.5,-4.499999999999986,1.0606060606060639,1.0263676867213523,41.24579124579138,25,1.5,9,3,3,20,80,1.5,1.8,2.5,False,False,True,True,0.1,3,0.1,0.04
18,38.88888888888889,7.5,-4.499999999999986,1.0606060606060639,1.0263676867213523,41.24579124579138,25,1.5,9,3,3,25,75,1.5,1.8,2.5,False,False,True,True,0.1,3,0.1,0.04
18,38.88888888888889,7.5,-4.499999999999986,1.0606060606060639,1.0263676867213523,41.24579124579138,25,1.5,9,3,3,25,80,1.5,1.8,2.5,False,False,True,True,0.1,3,0.1,0.04
18,38.88888888888889,7.5,-4.499999999999986,1.0606060606060639,-0.1514388545128309,-41.24579124579138,25,1.5,9,3,3,15,75,1.5,1.2,2.5,False,False,True,True,0.1,3,0.1,0.04
18,38.88888888888889,7.5,-4.499999999999986,1.0606060606060639,-0.1514388545128309,-41.24579124579138,25,1.5,9,3,3,15,80,1.5,1.2,2.5,False,False,True,True,0.1,3,0.1,0.04
18,38.88888888888889,7.5,-4.499999999999986,1.0606060606060639,-0.1514388545128309,-41.24579124579138,25,1.5,9,3,3,20,75,1.5,1.2,2.5,False,False,True,True,0.1,3,0.1,0.04
18,38.88888888888889,7.5,-4.499999999999986,1.0606060606060639,-0.1514388545128309,-41.24579124579138,25,1.5,9,3,3,20,80,1.5,1.2,2.5,False,False,True,True,0.1,3,0.1,0.04
18,38.88888888888889,7.5,-4.499999999999986,1.0606060606060639,-0.1514388545128309,-41.24579124579138,25,1.5,9,3,3,25,75,1.5,1.2,2.5,False,False,True,True,0.1,3,0.1,0.04
18,38.88888888888889,7.5,-4.499999999999986,1.0606060606060639,-0.1514388545128309,-41.24579124579138,25,1.5,9,3,3,25,80,1.5,1.2,2.5,False,False,True,True,0.1,3,0.1,0.04
18,38.88888888888889,7.5,-4.499999999999986,1.0606060606060639,-1.9151748143212854,-41.24579124579138,25,1.5,9,3,3,15,75,1.5,0.8,2.5,False,False,True,True,0.1,3,0.1,0.04
18,38.88888888888889,7.5,-4.499999999999986,1.0606060606060639,-1.9151748143212854,-41.24579124579138,25,1.5,9,3,3,15,80,1.5,0.8,2.5,False,False,True,True,0.1,3,0.1,0.04
18,38.88888888888889,7.5,-4.499999999999986,1.0606060606060639,-1.9151748143212854,-41.24579124579138,25,1.5,9,3,3,20,75,1.5,0.8,2.5,False,False,True,True,0.1,3,0.1,0.04
18,38.88888888888889,7.5,-4.499999999999986,1.0606060606060639,-1.9151748143212854,-41.24579124579138,25,1.5,9,3,3,20,80,1.5,0.8,2.5,False,False,True,True,0.1,3,0.1,0.04
18,38.88888888888889,7.5,-4.499999999999986,1.0606060606060639,-1.9151748143212854,-41.24579124579138,25,1.5,9,3,3,25,75,1.5,0.8,2.5,False,False,True,True,0.1,3,0.1,0.04
18,38.88888888888889,7.5,-4.499999999999986,1.0606060606060639,-1.9151748143212854,-41.24579124579138,25,1.5,9,3,3,25,80,1.5,0.8,2.5,False,False,True,True,0.1,3,0.1,0.04
13,38.46153846153847,8.084825645326509,-4.499999999999989,1.1228924507397957,0.3375764528175562,43.18817118229984,25,1.5,14,3,3,15,85,1.5,1.8,2.5,True,False,True,True,0.1,3,0.1,0.04
13,38.46153846153847,8.084825645326509,-4.499999999999989,1.1228924507397957,0.3375764528175562,43.18817118229984,25,1.5,14,3,3,20,85,1.5,1.8,2.5,True,False,True,True,0.1,3,0.1,0.04
13,38.46153846153847,8.084825645326509,-4.499999999999989,1.1228924507397957,0.3375764528175562,43.18817118229984,25,1.5,14,3,3,25,85,1.5,1.8,2.5,True,False,True,True,0.1,3,0.1,0.04
13,38.46153846153847,8.084825645326509,-4.499999999999989,1.1228924507397957,0.24048804836938054,43.18817118229984,25,1.5,14,3,3,15,85,1.5,1.2,2.5,True,False,True,True,0.1,3,0.1,0.04
13,38.46153846153847,8.084825645326509,-4.499999999999989,1.1228924507397957,0.24048804836938054,43.18817118229984,25,1.5,14,3,3,20,85,1.5,1.2,2.5,True,False,True,True,0.1,3,0.1,0.04
13,38.46153846153847,8.084825645326509,-4.499999999999989,1.1228924507397957,0.24048804836938054,43.18817118229984,25,1.5,14,3,3,25,85,1.5,1.2,2.5,True,False,True,True,0.1,3,0.1,0.04
13,38.46153846153847,8.084825645326509,-4.499999999999989,1.1228924507397957,-0.8197553412335079,-43.18817118229984,25,1.5,14,3,3,15,85,1.5,0.8,2.5,True,False,True,True,0.1,3,0.1,0.04
13,38.46153846153847,8.084825645326509,-4.499999999999989,1.1228924507397957,-0.8197553412335079,-43.18817118229984,25,1.5,14,3,3,20,85,1.5,0.8,2.5,True,False,True,True,0.1,3,0.1,0.04
13,38.46153846153847,8.084825645326509,-4.499999999999989,1.1228924507397957,-0.8197553412335079,-43.18817118229984,25,1.5,14,3,3,25,85,1.5,0.8,2.5,True,False,True,True,0.1,3,0.1,0.04
13,38.46153846153847,7.5,-4.499999999999989,1.0416666666666692,-1.5903306632177872,-40.06410256410267,25,1.5,14,3,3,15,85,1.5,1.8,2.5,False,False,True,True,0.1,3,0.1,0.04
13,38.46153846153847,7.5,-4.499999999999989,1.0416666666666692,-1.5903306632177872,-40.06410256410267,25,1.5,14,3,3,20,85,1.5,1.8,2.5,False,False,True,True,0.1,3,0.1,0.04
13,38.46153846153847,7.5,-4.499999999999989,1.0416666666666692,-1.5903306632177872,-40.06410256410267,25,1.5,14,3,3,25,85,1.5,1.8,2.5,False,False,True,True,0.1,3,0.1,0.04
13,38.46153846153847,7.5,-4.499999999999989,1.0416666666666692,-1.690572039147542,-40.06410256410267,25,1.5,14,3,3,15,85,1.5,1.2,2.5,False,False,True,True,0.1,3,0.1,0.04
13,38.46153846153847,7.5,-4.499999999999989,1.0416666666666692,-1.690572039147542,-40.06410256410267,25,1.5,14,3,3,20,85,1.5,1.2,2.5,False,False,True,True,0.1,3,0.1,0.04
13,38.46153846153847,7.5,-4.499999999999989,1.0416666666666692,-1.690572039147542,-40.06410256410267,25,1.5,14,3,3,25,85,1.5,1.2,2.5,False,False,True,True,0.1,3,0.1,0.04
13,38.46153846153847,7.5,-4.499999999999989,1.0416666666666692,-2.7337152567200373,-40.06410256410267,25,1.5,14,3,3,15,85,1.5,0.8,2.5,False,False,True,True,0.1,3,0.1,0.04
13,38.46153846153847,7.5,-4.499999999999989,1.0416666666666692,-2.7337152567200373,-40.06410256410267,25,1.5,14,3,3,20,85,1.5,0.8,2.5,False,False,True,True,0.1,3,0.1,0.04
13,38.46153846153847,7.5,-4.499999999999989,1.0416666666666692,-2.7337152567200373,-40.06410256410267,25,1.5,14,3,3,25,85,1.5,0.8,2.5,False,False,True,True,0.1,3,0.1,0.04
16,37.5,8.032892608674567,-4.499999999999985,1.0710523478232792,1.5113585978283606,40.16446304337297,25,1.5,14,3,3,15,75,1.5,1.2,2.5,True,False,True,True,0.1,3,0.1,0.04
16,37.5,8.032892608674567,-4.499999999999985,1.0710523478232792,1.5113585978283606,40.16446304337297,25,1.5,14,3,3,15,80,1.5,1.2,2.5,True,False,True,True,0.1,3,0.1,0.04
16,37.5,8.032892608674567,-4.499999999999985,1.0710523478232792,1.5113585978283606,40.16446304337297,25,1.5,14,3,3,20,75,1.5,1.2,2.5,True,False,True,True,0.1,3,0.1,0.04
16,37.5,8.032892608674567,-4.499999999999985,1.0710523478232792,1.5113585978283606,40.16446304337297,25,1.5,14,3,3,20,80,1.5,1.2,2.5,True,False,True,True,0.1,3,0.1,0.04
16,37.5,8.032892608674567,-4.499999999999985,1.0710523478232792,1.5113585978283606,40.16446304337297,25,1.5,14,3,3,25,75,1.5,1.2,2.5,True,False,True,True,0.1,3,0.1,0.04
16,37.5,8.032892608674567,-4.499999999999985,1.0710523478232792,1.5113585978283606,40.16446304337297,25,1.5,14,3,3,25,80,1.5,1.2,2.5,True,False,True,True,0.1,3,0.1,0.04
16,37.5,8.032892608674567,-4.499999999999985,1.0710523478232792,1.3553998747439122,40.16446304337297,25,1.5,14,3,3,15,75,1.5,1.8,2.5,True,False,True,True,0.1,3,0.1,0.04
16,37.5,8.032892608674567,-4.499999999999985,1.0710523478232792,1.3553998747439122,40.16446304337297,25,1.5,14,3,3,15,80,1.5,1.8,2.5,True,False,True,True,0.1,3,0.1,0.04
16,37.5,8.032892608674567,-4.499999999999985,1.0710523478232792,1.3553998747439122,40.16446304337297,25,1.5,14,3,3,20,75,1.5,1.8,2.5,True,False,True,True,0.1,3,0.1,0.04
16,37.5,8.032892608674567,-4.499999999999985,1.0710523478232792,1.3553998747439122,40.16446304337297,25,1.5,14,3,3,20,80,1.5,1.8,2.5,True,False,True,True,0.1,3,0.1,0.04
16,37.5,8.032892608674567,-4.499999999999985,1.0710523478232792,1.3553998747439122,40.16446304337297,25,1.5,14,3,3,25,75,1.5,1.8,2.5,True,False,True,True,0.1,3,0.1,0.04
16,37.5,8.032892608674567,-4.499999999999985,1.0710523478232792,1.3553998747439122,40.16446304337297,25,1.5,14,3,3,25,80,1.5,1.8,2.5,True,False,True,True,0.1,3,0.1,0.04
16,37.5,8.032892608674567,-4.499999999999985,1.0710523478232792,0.08107568086164196,40.16446304337297,25,1.5,14,3,3,15,75,1.5,0.8,2.5,True,False,True,True,0.1,3,0.1,0.04
16,37.5,8.032892608674567,-4.499999999999985,1.0710523478232792,0.08107568086164196,40.16446304337297,25,1.5,14,3,3,15,80,1.5,0.8,2.5,True,False,True,True,0.1,3,0.1,0.04
16,37.5,8.032892608674567,-4.499999999999985,1.0710523478232792,0.08107568086164196,40.16446304337297,25,1.5,14,3,3,20,75,1.5,0.8,2.5,True,False,True,True,0.1,3,0.1,0.04
16,37.5,8.032892608674567,-4.499999999999985,1.0710523478232792,0.08107568086164196,40.16446304337297,25,1.5,14,3,3,20,80,1.5,0.8,2.5,True,False,True,True,0.1,3,0.1,0.04
16,37.5,8.032892608674567,-4.499999999999985,1.0710523478232792,0.08107568086164196,40.16446304337297,25,1.5,14,3,3,25,75,1.5,0.8,2.5,True,False,True,True,0.1,3,0.1,0.04
16,37.5,8.032892608674567,-4.499999999999985,1.0710523478232792,0.08107568086164196,40.16446304337297,25,1.5,14,3,3,25,80,1.5,0.8,2.5,True,False,True,True,0.1,3,0.1,0.04
16,37.5,7.4999999999999964,-4.499999999999985,1.0000000000000029,-0.9778298947246911,-37.50000000000011,25,1.5,14,3,3,15,75,1.5,1.8,2.5,False,False,True,True,0.1,3,0.1,0.04
16,37.5,7.4999999999999964,-4.499999999999985,1.0000000000000029,-0.9778298947246911,-37.50000000000011,25,1.5,14,3,3,15,80,1.5,1.8,2.5,False,False,True,True,0.1,3,0.1,0.04
16,37.5,7.4999999999999964,-4.499999999999985,1.0000000000000029,-0.9778298947246911,-37.50000000000011,25,1.5,14,3,3,20,75,1.5,1.8,2.5,False,False,True,True,0.1,3,0.1,0.04
16,37.5,7.4999999999999964,-4.499999999999985,1.0000000000000029,-0.9778298947246911,-37.50000000000011,25,1.5,14,3,3,20,80,1.5,1.8,2.5,False,False,True,True,0.1,3,0.1,0.04
16,37.5,7.4999999999999964,-4.499999999999985,1.0000000000000029,-0.9778298947246911,-37.50000000000011,25,1.5,14,3,3,25,75,1.5,1.8,2.5,False,False,True,True,0.1,3,0.1,0.04
16,37.5,7.4999999999999964,-4.499999999999985,1.0000000000000029,-0.9778298947246911,-37.50000000000011,25,1.5,14,3,3,25,80,1.5,1.8,2.5,False,False,True,True,0.1,3,0.1,0.04
16,37.5,7.4999999999999964,-4.499999999999985,1.0000000000000029,-1.606928534978902,-37.50000000000011,25,1.5,14,3,3,15,75,1.5,1.2,2.5,False,False,True,True,0.1,3,0.1,0.04
16,37.5,7.4999999999999964,-4.499999999999985,1.0000000000000029,-1.606928534978902,-37.50000000000011,25,1.5,14,3,3,15,80,1.5,1.2,2.5,False,False,True,True,0.1,3,0.1,0.04
16,37.5,7.4999999999999964,-4.499999999999985,1.0000000000000029,-1.606928534978902,-37.50000000000011,25,1.5,14,3,3,20,75,1.5,1.2,2.5,False,False,True,True,0.1,3,0.1,0.04
16,37.5,7.4999999999999964,-4.499999999999985,1.0000000000000029,-1.606928534978902,-37.50000000000011,25,1.5,14,3,3,20,80,1.5,1.2,2.5,False,False,True,True,0.1,3,0.1,0.04
16,37.5,7.4999999999999964,-4.499999999999985,1.0000000000000029,-1.606928534978902,-37.50000000000011,25,1.5,14,3,3,25,75,1.5,1.2,2.5,False,False,True,True,0.1,3,0.1,0.04
16,37.5,7.4999999999999964,-4.499999999999985,1.0000000000000029,-1.606928534978902,-37.50000000000011,25,1.5,14,3,3,25,80,1.5,1.2,2.5,False,False,True,True,0.1,3,0.1,0.04
16,37.5,7.4999999999999964,-4.499999999999985,1.0000000000000029,-2.998600958261044,-37.50000000000011,25,1.5,14,3,3,15,75,1.5,0.8,2.5,False,False,True,True,0.1,3,0.1,0.04
16,37.5,7.4999999999999964,-4.499999999999985,1.0000000000000029,-2.998600958261044,-37.50000000000011,25,1.5,14,3,3,15,80,1.5,0.8,2.5,False,False,True,True,0.1,3,0.1,0.04
16,37.5,7.4999999999999964,-4.499999999999985,1.0000000000000029,-2.998600958261044,-37.50000000000011,25,1.5,14,3,3,20,75,1.5,0.8,2.5,False,False,True,True,0.1,3,0.1,0.04
16,37.5,7.4999999999999964,-4.499999999999985,1.0000000000000029,-2.998600958261044,-37.50000000000011,25,1.5,14,3,3,20,80,1.5,0.8,2.5,False,False,True,True,0.1,3,0.1,0.04
16,37.5,7.4999999999999964,-4.499999999999985,1.0000000000000029,-2.998600958261044,-37.50000000000011,25,1.5,14,3,3,25,75,1.5,0.8,2.5,False,False,True,True,0.1,3,0.1,0.04
16,37.5,7.4999999999999964,-4.499999999999985,1.0000000000000029,-2.998600958261044,-37.50000000000011,25,1.5,14,3,3,25,80,1.5,0.8,2.5,False,False,True,True,0.1,3,0.1,0.04
11,36.36363636363637,8.637596287697868,-3.0000000000000044,1.6452564357519723,4.860161685806763,59.82750675461718,20,1.5,9,3,3,15,85,1.0,1.8,2.5,True,True,True,True,0.1,3,0.1,0.04
11,36.36363636363637,8.637596287697868,-3.0000000000000044,1.6452564357519723,4.860161685806763,59.82750675461718,20,1.5,9,3,3,20,85,1.0,1.8,2.5,True,True,True,True,0.1,3,0.1,0.04
11,36.36363636363637,8.637596287697868,-3.0000000000000044,1.6452564357519723,4.860161685806763,59.82750675461718,20,1.5,9,3,3,25,85,1.0,1.8,2.5,True,True,True,True,0.1,3,0.1,0.04
11,36.36363636363637,8.637596287697868,-3.0000000000000044,1.6452564357519723,4.51477620854559,59.82750675461718,20,1.5,9,3,3,15,85,1.0,1.2,2.5,True,True,True,True,0.1,3,0.1,0.04
11,36.36363636363637,8.637596287697868,-3.0000000000000044,1.6452564357519723,4.51477620854559,59.82750675461718,20,1.5,9,3,3,20,85,1.0,1.2,2.5,True,True,True,True,0.1,3,0.1,0.04
11,36.36363636363637,8.637596287697868,-3.0000000000000044,1.6452564357519723,4.51477620854559,59.82750675461718,20,1.5,9,3,3,25,85,1.0,1.2,2.5,True,True,True,True,0.1,3,0.1,0.04
11,36.36363636363637,8.637596287697868,-3.0000000000000044,1.6452564357519723,3.407697890094452,59.82750675461718,20,1.5,9,3,3,15,85,1.0,0.8,2.5,True,True,True,True,0.1,3,0.1,0.04
11,36.36363636363637,8.637596287697868,-3.0000000000000044,1.6452564357519723,3.407697890094452,59.82750675461718,20,1.5,9,3,3,20,85,1.0,0.8,2.5,True,True,True,True,0.1,3,0.1,0.04
11,36.36363636363637,8.637596287697868,-3.0000000000000044,1.6452564357519723,3.407697890094452,59.82750675461718,20,1.5,9,3,3,25,85,1.0,0.8,2.5,True,True,True,True,0.1,3,0.1,0.04
11,36.36363636363637,7.5000000000000036,-3.0000000000000044,1.428571428571427,2.365299611298455,51.9480519480519,20,1.5,9,3,3,15,85,1.0,1.8,2.5,False,True,True,True,0.1,3,0.1,0.04
11,36.36363636363637,7.5000000000000036,-3.0000000000000044,1.428571428571427,2.365299611298455,51.9480519480519,20,1.5,9,3,3,20,85,1.0,1.8,2.5,False,True,True,True,0.1,3,0.1,0.04
11,36.36363636363637,7.5000000000000036,-3.0000000000000044,1.428571428571427,2.365299611298455,51.9480519480519,20,1.5,9,3,3,25,85,1.0,1.8,2.5,False,True,True,True,0.1,3,0.1,0.04
11,36.36363636363637,7.5000000000000036,-3.0000000000000044,1.428571428571427,2.021684511862376,51.9480519480519,20,1.5,9,3,3,15,85,1.0,1.2,2.5,False,True,True,True,0.1,3,0.1,0.04
11,36.36363636363637,7.5000000000000036,-3.0000000000000044,1.428571428571427,2.021684511862376,51.9480519480519,20,1.5,9,3,3,20,85,1.0,1.2,2.5,False,True,True,True,0.1,3,0.1,0.04
11,36.36363636363637,7.5000000000000036,-3.0000000000000044,1.428571428571427,2.021684511862376,51.9480519480519,20,1.5,9,3,3,25,85,1.0,1.2,2.5,False,True,True,True,0.1,3,0.1,0.04
11,36.36363636363637,7.5000000000000036,-3.0000000000000044,1.428571428571427,0.9367434332749225,51.9480519480519,20,1.5,9,3,3,15,85,1.0,0.8,2.5,False,True,True,True,0.1,3,0.1,0.04
11,36.36363636363637,7.5000000000000036,-3.0000000000000044,1.428571428571427,0.9367434332749225,51.9480519480519,20,1.5,9,3,3,20,85,1.0,0.8,2.5,False,True,True,True,0.1,3,0.1,0.04
11,36.36363636363637,7.5000000000000036,-3.0000000000000044,1.428571428571427,0.9367434332749225,51.9480519480519,20,1.5,9,3,3,25,85,1.0,0.8,2.5,False,True,True,True,0.1,3,0.1,0.04
14,35.714285714285715,7.5,-4.499999999999984,0.9259259259259291,-0.6379267848727221,-33.06878306878318,20,1.5,14,3,3,15,85,1.5,1.2,2.5,True,False,True,True,0.1,3,0.1,0.04
14,35.714285714285715,7.5,-4.499999999999984,0.9259259259259291,-0.6379267848727221,-33.06878306878318,20,1.5,14,3,3,15,85,1.5,1.2,2.5,False,False,True,True,0.1,3,0.1,0.04
14,35.714285714285715,7.5,-4.499999999999984,0.9259259259259291,-0.6379267848727221,-33.06878306878318,20,1.5,14,3,3,20,85,1.5,1.2,2.5,False,False,True,True,0.1,3,0.1,0.04
14,35.714285714285715,7.5,-4.499999999999984,0.9259259259259291,-0.6379267848727221,-33.06878306878318,20,1.5,14,3,3,20,85,1.5,1.2,2.5,True,False,True,True,0.1,3,0.1,0.04
14,35.714285714285715,7.5,-4.499999999999984,0.9259259259259291,-0.6379267848727221,-33.06878306878318,20,1.5,14,3,3,25,85,1.5,1.2,2.5,True,False,True,True,0.1,3,0.1,0.04
14,35.714285714285715,7.5,-4.499999999999984,0.9259259259259291,-0.6379267848727221,-33.06878306878318,20,1.5,14,3,3,25,85,1.5,1.2,2.5,False,False,True,True,0.1,3,0.1,0.04
14,35.714285714285715,7.5,-4.499999999999984,0.9259259259259291,-1.4814378250052496,-33.06878306878318,20,1.5,14,3,3,15,85,1.5,1.8,2.5,True,False,True,True,0.1,3,0.1,0.04
14,35.714285714285715,7.5,-4.499999999999984,0.9259259259259291,-1.4814378250052496,-33.06878306878318,20,1.5,14,3,3,15,85,1.5,1.8,2.5,False,False,True,True,0.1,3,0.1,0.04
14,35.714285714285715,7.5,-4.499999999999984,0.9259259259259291,-1.4814378250052496,-33.06878306878318,20,1.5,14,3,3,20,85,1.5,1.8,2.5,True,False,True,True,0.1,3,0.1,0.04
14,35.714285714285715,7.5,-4.499999999999984,0.9259259259259291,-1.4814378250052496,-33.06878306878318,20,1.5,14,3,3,20,85,1.5,1.8,2.5,False,False,True,True,0.1,3,0.1,0.04
14,35.714285714285715,7.5,-4.499999999999984,0.9259259259259291,-1.4814378250052496,-33.06878306878318,20,1.5,14,3,3,25,85,1.5,1.8,2.5,False,False,True,True,0.1,3,0.1,0.04
14,35.714285714285715,7.5,-4.499999999999984,0.9259259259259291,-1.4814378250052496,-33.06878306878318,20,1.5,14,3,3,25,85,1.5,1.8,2.5,True,False,True,True,0.1,3,0.1,0.04
14,35.714285714285715,7.5,-4.499999999999984,0.9259259259259291,-2.0464386840239768,-33.06878306878318,20,1.5,14,3,3,15,85,1.5,0.8,2.5,True,False,True,True,0.1,3,0.1,0.04
14,35.714285714285715,7.5,-4.499999999999984,0.9259259259259291,-2.0464386840239768,-33.06878306878318,20,1.5,14,3,3,15,85,1.5,0.8,2.5,False,False,True,True,0.1,3,0.1,0.04
14,35.714285714285715,7.5,-4.499999999999984,0.9259259259259291,-2.0464386840239768,-33.06878306878318,20,1.5,14,3,3,20,85,1.5,0.8,2.5,True,False,True,True,0.1,3,0.1,0.04
14,35.714285714285715,7.5,-4.499999999999984,0.9259259259259291,-2.0464386840239768,-33.06878306878318,20,1.5,14,3,3,20,85,1.5,0.8,2.5,False,False,True,True,0.1,3,0.1,0.04
14,35.714285714285715,7.5,-4.499999999999984,0.9259259259259291,-2.0464386840239768,-33.06878306878318,20,1.5,14,3,3,25,85,1.5,0.8,2.5,True,False,True,True,0.1,3,0.1,0.04
14,35.714285714285715,7.5,-4.499999999999984,0.9259259259259291,-2.0464386840239768,-33.06878306878318,20,1.5,14,3,3,25,85,1.5,0.8,2.5,False,False,True,True,0.1,3,0.1,0.04
17,35.294117647058826,7.54553790423581,-4.4999999999999805,0.9146106550588899,0.6218070316801549,32.280376060902,20,1.5,14,3,3,15,75,1.5,1.2,2.5,True,False,True,True,0.1,3,0.1,0.04
17,35.294117647058826,7.54553790423581,-4.4999999999999805,0.9146106550588899,0.6218070316801549,32.280376060902,20,1.5,14,3,3,15,80,1.5,1.2,2.5,True,False,True,True,0.1,3,0.1,0.04
17,35.294117647058826,7.54553790423581,-4.4999999999999805,0.9146106550588899,0.6218070316801549,32.280376060902,20,1.5,14,3,3,20,75,1.5,1.2,2.5,True,False,True,True,0.1,3,0.1,0.04
17,35.294117647058826,7.54553790423581,-4.4999999999999805,0.9146106550588899,0.6218070316801549,32.280376060902,20,1.5,14,3,3,20,80,1.5,1.2,2.5,True,False,True,True,0.1,3,0.1,0.04
17,35.294117647058826,7.54553790423581,-4.4999999999999805,0.9146106550588899,0.6218070316801549,32.280376060902,20,1.5,14,3,3,25,75,1.5,1.2,2.5,True,False,True,True,0.1,3,0.1,0.04
17,35.294117647058826,7.54553790423581,-4.4999999999999805,0.9146106550588899,0.6218070316801549,32.280376060902,20,1.5,14,3,3,25,80,1.5,1.2,2.5,True,False,True,True,0.1,3,0.1,0.04
17,35.294117647058826,7.54553790423581,-4.4999999999999805,0.9146106550588899,-0.48206646662521946,-32.280376060902,20,1.5,14,3,3,15,75,1.5,1.8,2.5,True,False,True,True,0.1,3,0.1,0.04
17,35.294117647058826,7.54553790423581,-4.4999999999999805,0.9146106550588899,-0.48206646662521946,-32.280376060902,20,1.5,14,3,3,15,80,1.5,1.8,2.5,True,False,True,True,0.1,3,0.1,0.04
17,35.294117647058826,7.54553790423581,-4.4999999999999805,0.9146106550588899,-0.48206646662521946,-32.280376060902,20,1.5,14,3,3,20,75,1.5,1.8,2.5,True,False,True,True,0.1,3,0.1,0.04
17,35.294117647058826,7.54553790423581,-4.4999999999999805,0.9146106550588899,-0.48206646662521946,-32.280376060902,20,1.5,14,3,3,20,80,1.5,1.8,2.5,True,False,True,True,0.1,3,0.1,0.04
17,35.294117647058826,7.54553790423581,-4.4999999999999805,0.9146106550588899,-0.48206646662521946,-32.280376060902,20,1.5,14,3,3,25,75,1.5,1.8,2.5,True,False,True,True,0.1,3,0.1,0.04
17,35.294117647058826,7.54553790423581,-4.4999999999999805,0.9146106550588899,-0.48206646662521946,-32.280376060902,20,1.5,14,3,3,25,80,1.5,1.8,2.5,True,False,True,True,0.1,3,0.1,0.04
17,35.294117647058826,7.54553790423581,-4.4999999999999805,0.9146106550588899,-1.1567493405290175,-32.280376060902,20,1.5,14,3,3,15,75,1.5,0.8,2.5,True,False,True,True,0.1,3,0.1,0.04
17,35.294117647058826,7.54553790423581,-4.4999999999999805,0.9146106550588899,-1.1567493405290175,-32.280376060902,20,1.5,14,3,3,15,80,1.5,0.8,2.5,True,False,True,True,0.1,3,0.1,0.04
17,35.294117647058826,7.54553790423581,-4.4999999999999805,0.9146106550588899,-1.1567493405290175,-32.280376060902,20,1.5,14,3,3,20,75,1.5,0.8,2.5,True,False,True,True,0.1,3,0.1,0.04
17,35.294117647058826,7.54553790423581,-4.4999999999999805,0.9146106550588899,-1.1567493405290175,-32.280376060902,20,1.5,14,3,3,20,80,1.5,0.8,2.5,True,False,True,True,0.1,3,0.1,0.04
17,35.294117647058826,7.54553790423581,-4.4999999999999805,0.9146106550588899,-1.1567493405290175,-32.280376060902,20,1.5,14,3,3,25,75,1.5,0.8,2.5,True,False,True,True,0.1,3,0.1,0.04
17,35.294117647058826,7.54553790423581,-4.4999999999999805,0.9146106550588899,-1.1567493405290175,-32.280376060902,20,1.5,14,3,3,25,80,1.5,0.8,2.5,True,False,True,True,0.1,3,0.1,0.04
17,35.294117647058826,7.499999999999997,-4.4999999999999805,0.9090909090909127,-0.553387670389438,-32.08556149732633,20,1.5,14,3,3,15,75,1.5,1.2,2.5,False,False,True,True,0.1,3,0.1,0.04
17,35.294117647058826,7.499999999999997,-4.4999999999999805,0.9090909090909127,-0.553387670389438,-32.08556149732633,20,1.5,14,3,3,15,80,1.5,1.2,2.5,False,False,True,True,0.1,3,0.1,0.04
17,35.294117647058826,7.499999999999997,-4.4999999999999805,0.9090909090909127,-0.553387670389438,-32.08556149732633,20,1.5,14,3,3,20,75,1.5,1.2,2.5,False,False,True,True,0.1,3,0.1,0.04
17,35.294117647058826,7.499999999999997,-4.4999999999999805,0.9090909090909127,-0.553387670389438,-32.08556149732633,20,1.5,14,3,3,20,80,1.5,1.2,2.5,False,False,True,True,0.1,3,0.1,0.04
17,35.294117647058826,7.499999999999997,-4.4999999999999805,0.9090909090909127,-0.553387670389438,-32.08556149732633,20,1.5,14,3,3,25,75,1.5,1.2,2.5,False,False,True,True,0.1,3,0.1,0.04
17,35.294117647058826,7.499999999999997,-4.4999999999999805,0.9090909090909127,-0.553387670389438,-32.08556149732633,20,1.5,14,3,3,25,80,1.5,1.2,2.5,False,False,True,True,0.1,3,0.1,0.04
17,35.294117647058826,7.499999999999997,-4.4999999999999805,0.9090909090909127,-0.8682593086084989,-32.08556149732633,20,1.5,14,3,3,15,75,1.5,1.8,2.5,False,False,True,True,0.1,3,0.1,0.04
17,35.294117647058826,7.499999999999997,-4.4999999999999805,0.9090909090909127,-0.8682593086084989,-32.08556149732633,20,1.5,14,3,3,15,80,1.5,1.8,2.5,False,False,True,True,0.1,3,0.1,0.04
17,35.294117647058826,7.499999999999997,-4.4999999999999805,0.9090909090909127,-0.8682593086084989,-32.08556149732633,20,1.5,14,3,3,20,75,1.5,1.8,2.5,False,False,True,True,0.1,3,0.1,0.04
17,35.294117647058826,7.499999999999997,-4.4999999999999805,0.9090909090909127,-0.8682593086084989,-32.08556149732633,20,1.5,14,3,3,20,80,1.5,1.8,2.5,False,False,True,True,0.1,3,0.1,0.04
17,35.294117647058826,7.499999999999997,-4.4999999999999805,0.9090909090909127,-0.8682593086084989,-32.08556149732633,20,1.5,14,3,3,25,75,1.5,1.8,2.5,False,False,True,True,0.1,3,0.1,0.04
17,35.294117647058826,7.499999999999997,-4.4999999999999805,0.9090909090909127,-0.8682593086084989,-32.08556149732633,20,1.5,14,3,3,25,80,1.5,1.8,2.5,False,False,True,True,0.1,3,0.1,0.04
17,35.294117647058826,7.499999999999997,-4.4999999999999805,0.9090909090909127,-2.313196048881705,-32.08556149732633,20,1.5,14,3,3,15,75,1.5,0.8,2.5,False,False,True,True,0.1,3,0.1,0.04
17,35.294117647058826,7.499999999999997,-4.4999999999999805,0.9090909090909127,-2.313196048881705,-32.08556149732633,20,1.5,14,3,3,15,80,1.5,0.8,2.5,False,False,True,True,0.1,3,0.1,0.04
17,35.294117647058826,7.499999999999997,-4.4999999999999805,0.9090909090909127,-2.313196048881705,-32.08556149732633,20,1.5,14,3,3,20,75,1.5,0.8,2.5,False,False,True,True,0.1,3,0.1,0.04
17,35.294117647058826,7.499999999999997,-4.4999999999999805,0.9090909090909127,-2.313196048881705,-32.08556149732633,20,1.5,14,3,3,20,80,1.5,0.8,2.5,False,False,True,True,0.1,3,0.1,0.04
17,35.294117647058826,7.499999999999997,-4.4999999999999805,0.9090909090909127,-2.313196048881705,-32.08556149732633,20,1.5,14,3,3,25,75,1.5,0.8,2.5,False,False,True,True,0.1,3,0.1,0.04
17,35.294117647058826,7.499999999999997,-4.4999999999999805,0.9090909090909127,-2.313196048881705,-32.08556149732633,20,1.5,14,3,3,25,80,1.5,0.8,2.5,False,False,True,True,0.1,3,0.1,0.04
15,33.33333333333333,8.464722515241267,-3.000000000000006,1.4107870858735416,4.533022324051883,47.02623619578471,20,1.5,9,3,3,15,75,1.0,1.2,2.5,True,True,True,True,0.1,3,0.1,0.04
15,33.33333333333333,8.464722515241267,-3.000000000000006,1.4107870858735416,4.533022324051883,47.02623619578471,20,1.5,9,3,3,15,80,1.0,1.2,2.5,True,True,True,True,0.1,3,0.1,0.04
15,33.33333333333333,8.464722515241267,-3.000000000000006,1.4107870858735416,4.533022324051883,47.02623619578471,20,1.5,9,3,3,20,75,1.0,1.2,2.5,True,True,True,True,0.1,3,0.1,0.04
15,33.33333333333333,8.464722515241267,-3.000000000000006,1.4107870858735416,4.533022324051883,47.02623619578471,20,1.5,9,3,3,20,80,1.0,1.2,2.5,True,True,True,True,0.1,3,0.1,0.04
15,33.33333333333333,8.464722515241267,-3.000000000000006,1.4107870858735416,4.533022324051883,47.02623619578471,20,1.5,9,3,3,25,75,1.0,1.2,2.5,True,True,True,True,0.1,3,0.1,0.04
15,33.33333333333333,8.464722515241267,-3.000000000000006,1.4107870858735416,4.533022324051883,47.02623619578471,20,1.5,9,3,3,25,80,1.0,1.2,2.5,True,True,True,True,0.1,3,0.1,0.04
15,33.33333333333333,8.464722515241267,-3.000000000000006,1.4107870858735416,4.333822312129931,47.02623619578471,20,1.5,9,3,3,15,75,1.0,1.8,2.5,True,True,True,True,0.1,3,0.1,0.04
15,33.33333333333333,8.464722515241267,-3.000000000000006,1.4107870858735416,4.333822312129931,47.02623619578471,20,1.5,9,3,3,15,80,1.0,1.8,2.5,True,True,True,True,0.1,3,0.1,0.04
15,33.33333333333333,8.464722515241267,-3.000000000000006,1.4107870858735416,4.333822312129931,47.02623619578471,20,1.5,9,3,3,20,75,1.0,1.8,2.5,True,True,True,True,0.1,3,0.1,0.04
15,33.33333333333333,8.464722515241267,-3.000000000000006,1.4107870858735416,4.333822312129931,47.02623619578471,20,1.5,9,3,3,20,80,1.0,1.8,2.5,True,True,True,True,0.1,3,0.1,0.04
15,33.33333333333333,8.464722515241267,-3.000000000000006,1.4107870858735416,4.333822312129931,47.02623619578471,20,1.5,9,3,3,25,75,1.0,1.8,2.5,True,True,True,True,0.1,3,0.1,0.04
15,33.33333333333333,8.464722515241267,-3.000000000000006,1.4107870858735416,4.333822312129931,47.02623619578471,20,1.5,9,3,3,25,80,1.0,1.8,2.5,True,True,True,True,0.1,3,0.1,0.04
15,33.33333333333333,8.464722515241267,-3.000000000000006,1.4107870858735416,3.244705500407119,47.02623619578471,20,1.5,9,3,3,15,75,1.0,0.8,2.5,True,True,True,True,0.1,3,0.1,0.04
15,33.33333333333333,8.464722515241267,-3.000000000000006,1.4107870858735416,3.244705500407119,47.02623619578471,20,1.5,9,3,3,15,80,1.0,0.8,2.5,True,True,True,True,0.1,3,0.1,0.04
15,33.33333333333333,8.464722515241267,-3.000000000000006,1.4107870858735416,3.244705500407119,47.02623619578471,20,1.5,9,3,3,20,75,1.0,0.8,2.5,True,True,True,True,0.1,3,0.1,0.04
15,33.33333333333333,8.464722515241267,-3.000000000000006,1.4107870858735416,3.244705500407119,47.02623619578471,20,1.5,9,3,3,20,80,1.0,0.8,2.5,True,True,True,True,0.1,3,0.1,0.04
15,33.33333333333333,8.464722515241267,-3.000000000000006,1.4107870858735416,3.244705500407119,47.02623619578471,20,1.5,9,3,3,25,75,1.0,0.8,2.5,True,True,True,True,0.1,3,0.1,0.04
15,33.33333333333333,8.464722515241267,-3.000000000000006,1.4107870858735416,3.244705500407119,47.02623619578471,20,1.5,9,3,3,25,80,1.0,0.8,2.5,True,True,True,True,0.1,3,0.1,0.04
15,33.33333333333333,8.410077030158288,-3.0000000000000044,1.4016795050263793,3.928666299123873,46.72265016754597,20,1.5,9,3,3,15,85,1.0,1.8,2.5,True,False,True,True,0.1,3,0.1,0.04
15,33.33333333333333,8.410077030158288,-3.0000000000000044,1.4016795050263793,3.928666299123873,46.72265016754597,20,1.5,9,3,3,20,85,1.0,1.8,2.5,True,False,True,True,0.1,3,0.1,0.04
15,33.33333333333333,8.410077030158288,-3.0000000000000044,1.4016795050263793,3.928666299123873,46.72265016754597,20,1.5,9,3,3,25,85,1.0,1.8,2.5,True,False,True,True,0.1,3,0.1,0.04
15,33.33333333333333,8.410077030158288,-3.0000000000000044,1.4016795050263793,3.311946232382934,46.72265016754597,20,1.5,9,3,3,15,85,1.0,1.2,2.5,True,False,True,True,0.1,3,0.1,0.04
15,33.33333333333333,8.410077030158288,-3.0000000000000044,1.4016795050263793,3.311946232382934,46.72265016754597,20,1.5,9,3,3,20,85,1.0,1.2,2.5,True,False,True,True,0.1,3,0.1,0.04
15,33.33333333333333,8.410077030158288,-3.0000000000000044,1.4016795050263793,3.311946232382934,46.72265016754597,20,1.5,9,3,3,25,85,1.0,1.2,2.5,True,False,True,True,0.1,3,0.1,0.04
15,33.33333333333333,8.410077030158288,-3.0000000000000044,1.4016795050263793,2.870703922565654,46.72265016754597,20,1.5,9,3,3,15,85,1.0,0.8,2.5,True,False,True,True,0.1,3,0.1,0.04
15,33.33333333333333,8.410077030158288,-3.0000000000000044,1.4016795050263793,2.870703922565654,46.72265016754597,20,1.5,9,3,3,20,85,1.0,0.8,2.5,True,False,True,True,0.1,3,0.1,0.04
15,33.33333333333333,8.410077030158288,-3.0000000000000044,1.4016795050263793,2.870703922565654,46.72265016754597,20,1.5,9,3,3,25,85,1.0,0.8,2.5,True,False,True,True,0.1,3,0.1,0.04
12,33.33333333333333,7.568306856353726,-3.0000000000000067,1.2613844760589514,1.2618588438147782,42.046149201965044,20,1.5,14,3,3,15,75,1.0,1.2,2.5,True,True,True,True,0.1,3,0.1,0.04
12,33.33333333333333,7.568306856353726,-3.0000000000000067,1.2613844760589514,1.2618588438147782,42.046149201965044,20,1.5,14,3,3,15,80,1.0,1.2,2.5,True,True,True,True,0.1,3,0.1,0.04
12,33.33333333333333,7.568306856353726,-3.0000000000000067,1.2613844760589514,1.2618588438147782,42.046149201965044,20,1.5,14,3,3,20,75,1.0,1.2,2.5,True,True,True,True,0.1,3,0.1,0.04
12,33.33333333333333,7.568306856353726,-3.0000000000000067,1.2613844760589514,1.2618588438147782,42.046149201965044,20,1.5,14,3,3,20,80,1.0,1.2,2.5,True,True,True,True,0.1,3,0.1,0.04
12,33.33333333333333,7.568306856353726,-3.0000000000000067,1.2613844760589514,1.2618588438147782,42.046149201965044,20,1.5,14,3,3,25,75,1.0,1.2,2.5,True,True,True,True,0.1,3,0.1,0.04
12,33.33333333333333,7.568306856353726,-3.0000000000000067,1.2613844760589514,1.2618588438147782,42.046149201965044,20,1.5,14,3,3,25,80,1.0,1.2,2.5,True,True,True,True,0.1,3,0.1,0.04
12,33.33333333333333,7.568306856353726,-3.0000000000000067,1.2613844760589514,0.5362956753344639,42.046149201965044,20,1.5,14,3,3,15,75,1.0,1.8,2.5,True,True,True,True,0.1,3,0.1,0.04
12,33.33333333333333,7.568306856353726,-3.0000000000000067,1.2613844760589514,0.5362956753344639,42.046149201965044,20,1.5,14,3,3,15,80,1.0,1.8,2.5,True,True,True,True,0.1,3,0.1,0.04
12,33.33333333333333,7.568306856353726,-3.0000000000000067,1.2613844760589514,0.5362956753344639,42.046149201965044,20,1.5,14,3,3,20,75,1.0,1.8,2.5,True,True,True,True,0.1,3,0.1,0.04
12,33.33333333333333,7.568306856353726,-3.0000000000000067,1.2613844760589514,0.5362956753344639,42.046149201965044,20,1.5,14,3,3,20,80,1.0,1.8,2.5,True,True,True,True,0.1,3,0.1,0.04
12,33.33333333333333,7.568306856353726,-3.0000000000000067,1.2613844760589514,0.5362956753344639,42.046149201965044,20,1.5,14,3,3,25,75,1.0,1.8,2.5,True,True,True,True,0.1,3,0.1,0.04
12,33.33333333333333,7.568306856353726,-3.0000000000000067,1.2613844760589514,0.5362956753344639,42.046149201965044,20,1.5,14,3,3,25,80,1.0,1.8,2.5,True,True,True,True,0.1,3,0.1,0.04
12,33.33333333333333,7.568306856353726,-3.0000000000000067,1.2613844760589514,0.3675459331537345,42.046149201965044,20,1.5,14,3,3,15,75,1.0,0.8,2.5,True,True,True,True,0.1,3,0.1,0.04
12,33.33333333333333,7.568306856353726,-3.0000000000000067,1.2613844760589514,0.3675459331537345,42.046149201965044,20,1.5,14,3,3,15,80,1.0,0.8,2.5,True,True,True,True,0.1,3,0.1,0.04
12,33.33333333333333,7.568306856353726,-3.0000000000000067,1.2613844760589514,0.3675459331537345,42.046149201965044,20,1.5,14,3,3,20,75,1.0,0.8,2.5,True,True,True,True,0.1,3,0.1,0.04
12,33.33333333333333,7.568306856353726,-3.0000000000000067,1.2613844760589514,0.3675459331537345,42.046149201965044,20,1.5,14,3,3,20,80,1.0,0.8,2.5,True,True,True,True,0.1,3,0.1,0.04
12,33.33333333333333,7.568306856353726,-3.0000000000000067,1.2613844760589514,0.3675459331537345,42.046149201965044,20,1.5,14,3,3,25,75,1.0,0.8,2.5,True,True,True,True,0.1,3,0.1,0.04
12,33.33333333333333,7.568306856353726,-3.0000000000000067,1.2613844760589514,0.3675459331537345,42.046149201965044,20,1.5,14,3,3,25,80,1.0,0.8,2.5,True,True,True,True,0.1,3,0.1,0.04
12,33.33333333333333,7.500000000000007,-3.0000000000000067,1.2499999999999982,0.14615094090519865,41.6666666666666,20,1.5,14,3,3,15,75,1.0,1.8,2.5,False,True,True,True,0.1,3,0.1,0.04
12,33.33333333333333,7.500000000000007,-3.0000000000000067,1.2499999999999982,0.14615094090519865,41.6666666666666,20,1.5,14,3,3,15,80,1.0,1.8,2.5,False,True,True,True,0.1,3,0.1,0.04
12,33.33333333333333,7.500000000000007,-3.0000000000000067,1.2499999999999982,0.14615094090519865,41.6666666666666,20,1.5,14,3,3,20,75,1.0,1.8,2.5,False,True,True,True,0.1,3,0.1,0.04
12,33.33333333333333,7.500000000000007,-3.0000000000000067,1.2499999999999982,0.14615094090519865,41.6666666666666,20,1.5,14,3,3,20,80,1.0,1.8,2.5,False,True,True,True,0.1,3,0.1,0.04
12,33.33333333333333,7.500000000000007,-3.0000000000000067,1.2499999999999982,0.14615094090519865,41.6666666666666,20,1.5,14,3,3,25,75,1.0,1.8,2.5,False,True,True,True,0.1,3,0.1,0.04
12,33.33333333333333,7.500000000000007,-3.0000000000000067,1.2499999999999982,0.14615094090519865,41.6666666666666,20,1.5,14,3,3,25,80,1.0,1.8,2.5,False,True,True,True,0.1,3,0.1,0.04
12,33.33333333333333,7.500000000000007,-3.0000000000000067,1.2499999999999982,0.07918876915100626,41.6666666666666,20,1.5,14,3,3,15,75,1.0,1.2,2.5,False,True,True,True,0.1,3,0.1,0.04
12,33.33333333333333,7.500000000000007,-3.0000000000000067,1.2499999999999982,0.07918876915100626,41.6666666666666,20,1.5,14,3,3,15,80,1.0,1.2,2.5,False,True,True,True,0.1,3,0.1,0.04
12,33.33333333333333,7.500000000000007,-3.0000000000000067,1.2499999999999982,0.07918876915100626,41.6666666666666,20,1.5,14,3,3,20,75,1.0,1.2,2.5,False,True,True,True,0.1,3,0.1,0.04
12,33.33333333333333,7.500000000000007,-3.0000000000000067,1.2499999999999982,0.07918876915100626,41.6666666666666,20,1.5,14,3,3,20,80,1.0,1.2,2.5,False,True,True,True,0.1,3,0.1,0.04
12,33.33333333333333,7.500000000000007,-3.0000000000000067,1.2499999999999982,0.07918876915100626,41.6666666666666,20,1.5,14,3,3,25,75,1.0,1.2,2.5,False,True,True,True,0.1,3,0.1,0.04
12,33.33333333333333,7.500000000000007,-3.0000000000000067,1.2499999999999982,0.07918876915100626,41.6666666666666,20,1.5,14,3,3,25,80,1.0,1.2,2.5,False,True,True,True,0.1,3,0.1,0.04
12,33.33333333333333,7.500000000000007,-3.0000000000000067,1.2499999999999982,-0.8067347318935547,-41.6666666666666,20,1.5,14,3,3,15,75,1.0,0.8,2.5,False,True,True,True,0.1,3,0.1,0.04
12,33.33333333333333,7.500000000000007,-3.0000000000000067,1.2499999999999982,-0.8067347318935547,-41.6666666666666,20,1.5,14,3,3,15,80,1.0,0.8,2.5,False,True,True,True,0.1,3,0.1,0.04
12,33.33333333333333,7.500000000000007,-3.0000000000000067,1.2499999999999982,-0.8067347318935547,-41.6666666666666,20,1.5,14,3,3,20,75,1.0,0.8,2.5,False,True,True,True,0.1,3,0.1,0.04
12,33.33333333333333,7.500000000000007,-3.0000000000000067,1.2499999999999982,-0.8067347318935547,-41.6666666666666,20,1.5,14,3,3,20,80,1.0,0.8,2.5,False,True,True,True,0.1,3,0.1,0.04
12,33.33333333333333,7.500000000000007,-3.0000000000000067,1.2499999999999982,-0.8067347318935547,-41.6666666666666,20,1.5,14,3,3,25,75,1.0,0.8,2.5,False,True,True,True,0.1,3,0.1,0.04
12,33.33333333333333,7.500000000000007,-3.0000000000000067,1.2499999999999982,-0.8067347318935547,-41.6666666666666,20,1.5,14,3,3,25,80,1.0,0.8,2.5,False,True,True,True,0.1,3,0.1,0.04
15,33.33333333333333,7.499999999999997,-3.0000000000000044,1.2499999999999976,1.4559666214253308,41.66666666666658,20,1.5,9,3,3,15,85,1.0,1.8,2.5,False,False,True,True,0.1,3,0.1,0.04
15,33.33333333333333,7.499999999999997,-3.0000000000000044,1.2499999999999976,1.4559666214253308,41.66666666666658,20,1.5,9,3,3,20,85,1.0,1.8,2.5,False,False,True,True,0.1,3,0.1,0.04
15,33.33333333333333,7.499999999999997,-3.0000000000000044,1.2499999999999976,1.4559666214253308,41.66666666666658,20,1.5,9,3,3,25,85,1.0,1.8,2.5,False,False,True,True,0.1,3,0.1,0.04
15,33.33333333333333,7.499999999999997,-3.0000000000000044,1.2499999999999976,0.8475467985058271,41.66666666666658,20,1.5,9,3,3,15,85,1.0,1.2,2.5,False,False,True,True,0.1,3,0.1,0.04
15,33.33333333333333,7.499999999999997,-3.0000000000000044,1.2499999999999976,0.8475467985058271,41.66666666666658,20,1.5,9,3,3,20,85,1.0,1.2,2.5,False,False,True,True,0.1,3,0.1,0.04
15,33.33333333333333,7.499999999999997,-3.0000000000000044,1.2499999999999976,0.8475467985058271,41.66666666666658,20,1.5,9,3,3,25,85,1.0,1.2,2.5,False,False,True,True,0.1,3,0.1,0.04
15,33.33333333333333,7.499999999999997,-3.0000000000000044,1.2499999999999976,0.4125810794888496,41.66666666666658,20,1.5,9,3,3,15,85,1.0,0.8,2.5,False,False,True,True,0.1,3,0.1,0.04
15,33.33333333333333,7.499999999999997,-3.0000000000000044,1.2499999999999976,0.4125810794888496,41.66666666666658,20,1.5,9,3,3,20,85,1.0,0.8,2.5,False,False,True,True,0.1,3,0.1,0.04
15,33.33333333333333,7.499999999999997,-3.0000000000000044,1.2499999999999976,0.4125810794888496,41.66666666666658,20,1.5,9,3,3,25,85,1.0,0.8,2.5,False,False,True,True,0.1,3,0.1,0.04
15,33.33333333333333,7.499999999999998,-3.000000000000006,1.2499999999999973,1.4562345526450304,41.66666666666657,20,1.5,9,3,3,15,75,1.0,1.8,2.5,False,True,True,True,0.1,3,0.1,0.04
15,33.33333333333333,7.499999999999998,-3.000000000000006,1.2499999999999973,1.4562345526450304,41.66666666666657,20,1.5,9,3,3,15,80,1.0,1.8,2.5,False,True,True,True,0.1,3,0.1,0.04
15,33.33333333333333,7.499999999999998,-3.000000000000006,1.2499999999999973,1.4562345526450304,41.66666666666657,20,1.5,9,3,3,20,75,1.0,1.8,2.5,False,True,True,True,0.1,3,0.1,0.04
15,33.33333333333333,7.499999999999998,-3.000000000000006,1.2499999999999973,1.4562345526450304,41.66666666666657,20,1.5,9,3,3,20,80,1.0,1.8,2.5,False,True,True,True,0.1,3,0.1,0.04
15,33.33333333333333,7.499999999999998,-3.000000000000006,1.2499999999999973,1.4562345526450304,41.66666666666657,20,1.5,9,3,3,25,75,1.0,1.8,2.5,False,True,True,True,0.1,3,0.1,0.04
15,33.33333333333333,7.499999999999998,-3.000000000000006,1.2499999999999973,1.4562345526450304,41.66666666666657,20,1.5,9,3,3,25,80,1.0,1.8,2.5,False,True,True,True,0.1,3,0.1,0.04
15,33.33333333333333,7.499999999999998,-3.000000000000006,1.2499999999999973,0.8477430412779485,41.66666666666657,20,1.5,9,3,3,15,75,1.0,1.2,2.5,False,True,True,True,0.1,3,0.1,0.04
15,33.33333333333333,7.499999999999998,-3.000000000000006,1.2499999999999973,0.8477430412779485,41.66666666666657,20,1.5,9,3,3,15,80,1.0,1.2,2.5,False,True,True,True,0.1,3,0.1,0.04
15,33.33333333333333,7.499999999999998,-3.000000000000006,1.2499999999999973,0.8477430412779485,41.66666666666657,20,1.5,9,3,3,20,75,1.0,1.2,2.5,False,True,True,True,0.1,3,0.1,0.04
15,33.33333333333333,7.499999999999998,-3.000000000000006,1.2499999999999973,0.8477430412779485,41.66666666666657,20,1.5,9,3,3,20,80,1.0,1.2,2.5,False,True,True,True,0.1,3,0.1,0.04
15,33.33333333333333,7.499999999999998,-3.000000000000006,1.2499999999999973,0.8477430412779485,41.66666666666657,20,1.5,9,3,3,25,75,1.0,1.2,2.5,False,True,True,True,0.1,3,0.1,0.04
15,33.33333333333333,7.499999999999998,-3.000000000000006,1.2499999999999973,0.8477430412779485,41.66666666666657,20,1.5,9,3,3,25,80,1.0,1.2,2.5,False,True,True,True,0.1,3,0.1,0.04
15,33.33333333333333,7.499999999999998,-3.000000000000006,1.2499999999999973,-0.40143296308721155,-41.66666666666657,20,1.5,9,3,3,15,75,1.0,0.8,2.5,False,True,True,True,0.1,3,0.1,0.04
15,33.33333333333333,7.499999999999998,-3.000000000000006,1.2499999999999973,-0.40143296308721155,-41.66666666666657,20,1.5,9,3,3,15,80,1.0,0.8,2.5,False,True,True,True,0.1,3,0.1,0.04
15,33.33333333333333,7.499999999999998,-3.000000000000006,1.2499999999999973,-0.40143296308721155,-41.66666666666657,20,1.5,9,3,3,20,75,1.0,0.8,2.5,False,True,True,True,0.1,3,0.1,0.04
15,33.33333333333333,7.499999999999998,-3.000000000000006,1.2499999999999973,-0.40143296308721155,-41.66666666666657,20,1.5,9,3,3,20,80,1.0,0.8,2.5,False,True,True,True,0.1,3,0.1,0.04
15,33.33333333333333,7.499999999999998,-3.000000000000006,1.2499999999999973,-0.40143296308721155,-41.66666666666657,20,1.5,9,3,3,25,75,1.0,0.8,2.5,False,True,True,True,0.1,3,0.1,0.04
15,33.33333333333333,7.499999999999998,-3.000000000000006,1.2499999999999973,-0.40143296308721155,-41.66666666666657,20,1.5,9,3,3,25,80,1.0,0.8,2.5,False,True,True,True,0.1,3,0.1,0.04
12,33.33333333333333,7.568306856353726,-4.49999999999998,0.8409229840393069,-0.9290674671943222,-28.03076613464356,20,1.5,14,3,3,15,75,1.5,1.2,2.5,True,True,True,True,0.1,3,0.1,0.04
12,33.33333333333333,7.568306856353726,-4.49999999999998,0.8409229840393069,-0.9290674671943222,-28.03076613464356,20,1.5,14,3,3,15,80,1.5,1.2,2.5,True,True,True,True,0.1,3,0.1,0.04
12,33.33333333333333,7.568306856353726,-4.49999999999998,0.8409229840393069,-0.9290674671943222,-28.03076613464356,20,1.5,14,3,3,20,75,1.5,1.2,2.5,True,True,True,True,0.1,3,0.1,0.04
12,33.33333333333333,7.568306856353726,-4.49999999999998,0.8409229840393069,-0.9290674671943222,-28.03076613464356,20,1.5,14,3,3,20,80,1.5,1.2,2.5,True,True,True,True,0.1,3,0.1,0.04
12,33.33333333333333,7.568306856353726,-4.49999999999998,0.8409229840393069,-0.9290674671943222,-28.03076613464356,20,1.5,14,3,3,25,75,1.5,1.2,2.5,True,True,True,True,0.1,3,0.1,0.04
12,33.33333333333333,7.568306856353726,-4.49999999999998,0.8409229840393069,-0.9290674671943222,-28.03076613464356,20,1.5,14,3,3,25,80,1.5,1.2,2.5,True,True,True,True,0.1,3,0.1,0.04
12,33.33333333333333,7.568306856353726,-4.49999999999998,0.8409229840393069,-1.9814868396021978,-28.03076613464356,20,1.5,14,3,3,15,75,1.5,0.8,2.5,True,True,True,True,0.1,3,0.1,0.04
12,33.33333333333333,7.568306856353726,-4.49999999999998,0.8409229840393069,-1.9814868396021978,-28.03076613464356,20,1.5,14,3,3,15,80,1.5,0.8,2.5,True,True,True,True,0.1,3,0.1,0.04
12,33.33333333333333,7.568306856353726,-4.49999999999998,0.8409229840393069,-1.9814868396021978,-28.03076613464356,20,1.5,14,3,3,20,75,1.5,0.8,2.5,True,True,True,True,0.1,3,0.1,0.04
12,33.33333333333333,7.568306856353726,-4.49999999999998,0.8409229840393069,-1.9814868396021978,-28.03076613464356,20,1.5,14,3,3,20,80,1.5,0.8,2.5,True,True,True,True,0.1,3,0.1,0.04
12,33.33333333333333,7.568306856353726,-4.49999999999998,0.8409229840393069,-1.9814868396021978,-28.03076613464356,20,1.5,14,3,3,25,75,1.5,0.8,2.5,True,True,True,True,0.1,3,0.1,0.04
12,33.33333333333333,7.568306856353726,-4.49999999999998,0.8409229840393069,-1.9814868396021978,-28.03076613464356,20,1.5,14,3,3,25,80,1.5,0.8,2.5,True,True,True,True,0.1,3,0.1,0.04
12,33.33333333333333,7.568306856353726,-4.49999999999998,0.8409229840393069,-3.059455537631506,-28.03076613464356,20,1.5,14,3,3,15,75,1.5,1.8,2.5,True,True,True,True,0.1,3,0.1,0.04
12,33.33333333333333,7.568306856353726,-4.49999999999998,0.8409229840393069,-3.059455537631506,-28.03076613464356,20,1.5,14,3,3,15,80,1.5,1.8,2.5,True,True,True,True,0.1,3,0.1,0.04
12,33.33333333333333,7.568306856353726,-4.49999999999998,0.8409229840393069,-3.059455537631506,-28.03076613464356,20,1.5,14,3,3,20,75,1.5,1.8,2.5,True,True,True,True,0.1,3,0.1,0.04
12,33.33333333333333,7.568306856353726,-4.49999999999998,0.8409229840393069,-3.059455537631506,-28.03076613464356,20,1.5,14,3,3,20,80,1.5,1.8,2.5,True,True,True,True,0.1,3,0.1,0.04
12,33.33333333333333,7.568306856353726,-4.49999999999998,0.8409229840393069,-3.059455537631506,-28.03076613464356,20,1.5,14,3,3,25,75,1.5,1.8,2.5,True,True,True,True,0.1,3,0.1,0.04
12,33.33333333333333,7.568306856353726,-4.49999999999998,0.8409229840393069,-3.059455537631506,-28.03076613464356,20,1.5,14,3,3,25,80,1.5,1.8,2.5,True,True,True,True,0.1,3,0.1,0.04
12,33.33333333333333,7.500000000000007,-4.49999999999998,0.833333333333338,-2.086149003257265,-27.77777777777793,20,1.5,14,3,3,15,75,1.5,1.2,2.5,False,True,True,True,0.1,3,0.1,0.04
12,33.33333333333333,7.500000000000007,-4.49999999999998,0.833333333333338,-2.086149003257265,-27.77777777777793,20,1.5,14,3,3,15,80,1.5,1.2,2.5,False,True,True,True,0.1,3,0.1,0.04
12,33.33333333333333,7.500000000000007,-4.49999999999998,0.833333333333338,-2.086149003257265,-27.77777777777793,20,1.5,14,3,3,20,75,1.5,1.2,2.5,False,True,True,True,0.1,3,0.1,0.04
12,33.33333333333333,7.500000000000007,-4.49999999999998,0.833333333333338,-2.086149003257265,-27.77777777777793,20,1.5,14,3,3,20,80,1.5,1.2,2.5,False,True,True,True,0.1,3,0.1,0.04
12,33.33333333333333,7.500000000000007,-4.49999999999998,0.833333333333338,-2.086149003257265,-27.77777777777793,20,1.5,14,3,3,25,75,1.5,1.2,2.5,False,True,True,True,0.1,3,0.1,0.04
12,33.33333333333333,7.500000000000007,-4.49999999999998,0.833333333333338,-2.086149003257265,-27.77777777777793,20,1.5,14,3,3,25,80,1.5,1.2,2.5,False,True,True,True,0.1,3,0.1,0.04
12,33.33333333333333,7.500000000000007,-4.49999999999998,0.833333333333338,-3.128284280456173,-27.77777777777793,20,1.5,14,3,3,15,75,1.5,0.8,2.5,False,True,True,True,0.1,3,0.1,0.04
12,33.33333333333333,7.500000000000007,-4.49999999999998,0.833333333333338,-3.128284280456173,-27.77777777777793,20,1.5,14,3,3,15,80,1.5,0.8,2.5,False,True,True,True,0.1,3,0.1,0.04
12,33.33333333333333,7.500000000000007,-4.49999999999998,0.833333333333338,-3.128284280456173,-27.77777777777793,20,1.5,14,3,3,20,75,1.5,0.8,2.5,False,True,True,True,0.1,3,0.1,0.04
12,33.33333333333333,7.500000000000007,-4.49999999999998,0.833333333333338,-3.128284280456173,-27.77777777777793,20,1.5,14,3,3,20,80,1.5,0.8,2.5,False,True,True,True,0.1,3,0.1,0.04
12,33.33333333333333,7.500000000000007,-4.49999999999998,0.833333333333338,-3.128284280456173,-27.77777777777793,20,1.5,14,3,3,25,75,1.5,0.8,2.5,False,True,True,True,0.1,3,0.1,0.04
12,33.33333333333333,7.500000000000007,-4.49999999999998,0.833333333333338,-3.128284280456173,-27.77777777777793,20,1.5,14,3,3,25,80,1.5,0.8,2.5,False,True,True,True,0.1,3,0.1,0.04
12,33.33333333333333,7.500000000000007,-4.49999999999998,0.833333333333338,-3.4356464716682744,-27.77777777777793,20,1.5,14,3,3,15,75,1.5,1.8,2.5,False,True,True,True,0.1,3,0.1,0.04
12,33.33333333333333,7.500000000000007,-4.49999999999998,0.833333333333338,-3.4356464716682744,-27.77777777777793,20,1.5,14,3,3,15,80,1.5,1.8,2.5,False,True,True,True,0.1,3,0.1,0.04
12,33.33333333333333,7.500000000000007,-4.49999999999998,0.833333333333338,-3.4356464716682744,-27.77777777777793,20,1.5,14,3,3,20,75,1.5,1.8,2.5,False,True,True,True,0.1,3,0.1,0.04
12,33.33333333333333,7.500000000000007,-4.49999999999998,0.833333333333338,-3.4356464716682744,-27.77777777777793,20,1.5,14,3,3,20,80,1.5,1.8,2.5,False,True,True,True,0.1,3,0.1,0.04
12,33.33333333333333,7.500000000000007,-4.49999999999998,0.833333333333338,-3.4356464716682744,-27.77777777777793,20,1.5,14,3,3,25,75,1.5,1.8,2.5,False,True,True,True,0.1,3,0.1,0.04
12,33.33333333333333,7.500000000000007,-4.49999999999998,0.833333333333338,-3.4356464716682744,-27.77777777777793,20,1.5,14,3,3,25,80,1.5,1.8,2.5,False,True,True,True,0.1,3,0.1,0.04
9,33.33333333333333,7.500000000000015,-4.499999999999998,0.8333333333333354,-1.1205367513700715,-27.777777777777843,25,1.5,9,3,3,15,85,1.5,1.8,2.5,False,True,True,True,0.1,3,0.1,0.04
9,33.33333333333333,7.500000000000015,-4.499999999999998,0.8333333333333354,-1.1205367513700715,-27.777777777777843,25,1.5,9,3,3,15,85,1.5,1.8,2.5,True,True,True,True,0.1,3,0.1,0.04
9,33.33333333333333,7.500000000000015,-4.499999999999998,0.8333333333333354,-1.1205367513700715,-27.777777777777843,25,1.5,9,3,3,20,85,1.5,1.8,2.5,True,True,True,True,0.1,3,0.1,0.04
9,33.33333333333333,7.500000000000015,-4.499999999999998,0.8333333333333354,-1.1205367513700715,-27.777777777777843,25,1.5,9,3,3,20,85,1.5,1.8,2.5,False,True,True,True,0.1,3,0.1,0.04
9,33.33333333333333,7.500000000000015,-4.499999999999998,0.8333333333333354,-1.1205367513700715,-27.777777777777843,25,1.5,9,3,3,25,85,1.5,1.8,2.5,False,True,True,True,0.1,3,0.1,0.04
9,33.33333333333333,7.500000000000015,-4.499999999999998,0.8333333333333354,-1.1205367513700715,-27.777777777777843,25,1.5,9,3,3,25,85,1.5,1.8,2.5,True,True,True,True,0.1,3,0.1,0.04
9,33.33333333333333,7.500000000000015,-4.499999999999998,0.8333333333333354,-2.1689927516593377,-27.777777777777843,25,1.5,9,3,3,15,85,1.5,1.2,2.5,True,True,True,True,0.1,3,0.1,0.04
9,33.33333333333333,7.500000000000015,-4.499999999999998,0.8333333333333354,-2.1689927516593377,-27.777777777777843,25,1.5,9,3,3,15,85,1.5,1.2,2.5,False,True,True,True,0.1,3,0.1,0.04
9,33.33333333333333,7.500000000000015,-4.499999999999998,0.8333333333333354,-2.1689927516593377,-27.777777777777843,25,1.5,9,3,3,20,85,1.5,1.2,2.5,False,True,True,True,0.1,3,0.1,0.04
9,33.33333333333333,7.500000000000015,-4.499999999999998,0.8333333333333354,-2.1689927516593377,-27.777777777777843,25,1.5,9,3,3,20,85,1.5,1.2,2.5,True,True,True,True,0.1,3,0.1,0.04
9,33.33333333333333,7.500000000000015,-4.499999999999998,0.8333333333333354,-2.1689927516593377,-27.777777777777843,25,1.5,9,3,3,25,85,1.5,1.2,2.5,True,True,True,True,0.1,3,0.1,0.04
9,33.33333333333333,7.500000000000015,-4.499999999999998,0.8333333333333354,-2.1689927516593377,-27.777777777777843,25,1.5,9,3,3,25,85,1.5,1.2,2.5,False,True,True,True,0.1,3,0.1,0.04
9,33.33333333333333,7.500000000000015,-4.499999999999998,0.8333333333333354,-2.8633162753369135,-27.777777777777843,25,1.5,9,3,3,15,85,1.5,0.8,2.5,True,True,True,True,0.1,3,0.1,0.04
9,33.33333333333333,7.500000000000015,-4.499999999999998,0.8333333333333354,-2.8633162753369135,-27.777777777777843,25,1.5,9,3,3,15,85,1.5,0.8,2.5,False,True,True,True,0.1,3,0.1,0.04
9,33.33333333333333,7.500000000000015,-4.499999999999998,0.8333333333333354,-2.8633162753369135,-27.777777777777843,25,1.5,9,3,3,20,85,1.5,0.8,2.5,True,True,True,True,0.1,3,0.1,0.04
9,33.33333333333333,7.500000000000015,-4.499999999999998,0.8333333333333354,-2.8633162753369135,-27.777777777777843,25,1.5,9,3,3,20,85,1.5,0.8,2.5,False,True,True,True,0.1,3,0.1,0.04
9,33.33333333333333,7.500000000000015,-4.499999999999998,0.8333333333333354,-2.8633162753369135,-27.777777777777843,25,1.5,9,3,3,25,85,1.5,0.8,2.5,True,True,True,True,0.1,3,0.1,0.04
9,33.33333333333333,7.500000000000015,-4.499999999999998,0.8333333333333354,-2.8633162753369135,-27.777777777777843,25,1.5,9,3,3,25,85,1.5,0.8,2.5,False,True,True,True,0.1,3,0.1,0.04
16,31.25,8.139471130409486,-3.0000000000000053,1.2332532015771926,2.8879943855813606,38.53916254928727,25,1.5,14,3,3,15,75,1.0,1.8,2.5,True,False,True,True,0.1,3,0.1,0.04
16,31.25,8.139471130409486,-3.0000000000000053,1.2332532015771926,2.8879943855813606,38.53916254928727,25,1.5,14,3,3,15,80,1.0,1.8,2.5,True,False,True,True,0.1,3,0.1,0.04
16,31.25,8.139471130409486,-3.0000000000000053,1.2332532015771926,2.8879943855813606,38.53916254928727,25,1.5,14,3,3,20,75,1.0,1.8,2.5,True,False,True,True,0.1,3,0.1,0.04
16,31.25,8.139471130409486,-3.0000000000000053,1.2332532015771926,2.8879943855813606,38.53916254928727,25,1.5,14,3,3,20,80,1.0,1.8,2.5,True,False,True,True,0.1,3,0.1,0.04
16,31.25,8.139471130409486,-3.0000000000000053,1.2332532015771926,2.8879943855813606,38.53916254928727,25,1.5,14,3,3,25,75,1.0,1.8,2.5,True,False,True,True,0.1,3,0.1,0.04
16,31.25,8.139471130409486,-3.0000000000000053,1.2332532015771926,2.8879943855813606,38.53916254928727,25,1.5,14,3,3,25,80,1.0,1.8,2.5,True,False,True,True,0.1,3,0.1,0.04
16,31.25,8.139471130409486,-3.0000000000000053,1.2332532015771926,2.0631225012946786,38.53916254928727,25,1.5,14,3,3,15,75,1.0,1.2,2.5,True,False,True,True,0.1,3,0.1,0.04
16,31.25,8.139471130409486,-3.0000000000000053,1.2332532015771926,2.0631225012946786,38.53916254928727,25,1.5,14,3,3,15,80,1.0,1.2,2.5,True,False,True,True,0.1,3,0.1,0.04
16,31.25,8.139471130409486,-3.0000000000000053,1.2332532015771926,2.0631225012946786,38.53916254928727,25,1.5,14,3,3,20,75,1.0,1.2,2.5,True,False,True,True,0.1,3,0.1,0.04
16,31.25,8.139471130409486,-3.0000000000000053,1.2332532015771926,2.0631225012946786,38.53916254928727,25,1.5,14,3,3,20,80,1.0,1.2,2.5,True,False,True,True,0.1,3,0.1,0.04
16,31.25,8.139471130409486,-3.0000000000000053,1.2332532015771926,2.0631225012946786,38.53916254928727,25,1.5,14,3,3,25,75,1.0,1.2,2.5,True,False,True,True,0.1,3,0.1,0.04
16,31.25,8.139471130409486,-3.0000000000000053,1.2332532015771926,2.0631225012946786,38.53916254928727,25,1.5,14,3,3,25,80,1.0,1.2,2.5,True,False,True,True,0.1,3,0.1,0.04
16,31.25,8.139471130409486,-3.0000000000000053,1.2332532015771926,1.8115616718813454,38.53916254928727,25,1.5,14,3,3,15,75,1.0,0.8,2.5,True,False,True,True,0.1,3,0.1,0.04
16,31.25,8.139471130409486,-3.0000000000000053,1.2332532015771926,1.8115616718813454,38.53916254928727,25,1.5,14,3,3,15,80,1.0,0.8,2.5,True,False,True,True,0.1,3,0.1,0.04
16,31.25,8.139471130409486,-3.0000000000000053,1.2332532015771926,1.8115616718813454,38.53916254928727,25,1.5,14,3,3,20,75,1.0,0.8,2.5,True,False,True,True,0.1,3,0.1,0.04
16,31.25,8.139471130409486,-3.0000000000000053,1.2332532015771926,1.8115616718813454,38.53916254928727,25,1.5,14,3,3,20,80,1.0,0.8,2.5,True,False,True,True,0.1,3,0.1,0.04
16,31.25,8.139471130409486,-3.0000000000000053,1.2332532015771926,1.8115616718813454,38.53916254928727,25,1.5,14,3,3,25,75,1.0,0.8,2.5,True,False,True,True,0.1,3,0.1,0.04
16,31.25,8.139471130409486,-3.0000000000000053,1.2332532015771926,1.8115616718813454,38.53916254928727,25,1.5,14,3,3,25,80,1.0,0.8,2.5,True,False,True,True,0.1,3,0.1,0.04
16,31.25,7.5,-3.0000000000000053,1.1363636363636345,0.5194838600640184,35.511363636363576,25,1.5,14,3,3,15,75,1.0,1.8,2.5,False,False,True,True,0.1,3,0.1,0.04
16,31.25,7.5,-3.0000000000000053,1.1363636363636345,0.5194838600640184,35.511363636363576,25,1.5,14,3,3,15,80,1.0,1.8,2.5,False,False,True,True,0.1,3,0.1,0.04
16,31.25,7.5,-3.0000000000000053,1.1363636363636345,0.5194838600640184,35.511363636363576,25,1.5,14,3,3,20,75,1.0,1.8,2.5,False,False,True,True,0.1,3,0.1,0.04
16,31.25,7.5,-3.0000000000000053,1.1363636363636345,0.5194838600640184,35.511363636363576,25,1.5,14,3,3,20,80,1.0,1.8,2.5,False,False,True,True,0.1,3,0.1,0.04
16,31.25,7.5,-3.0000000000000053,1.1363636363636345,0.5194838600640184,35.511363636363576,25,1.5,14,3,3,25,75,1.0,1.8,2.5,False,False,True,True,0.1,3,0.1,0.04
16,31.25,7.5,-3.0000000000000053,1.1363636363636345,0.5194838600640184,35.511363636363576,25,1.5,14,3,3,25,80,1.0,1.8,2.5,False,False,True,True,0.1,3,0.1,0.04
16,31.25,7.5,-3.0000000000000053,1.1363636363636345,-1.0721140478567426,-35.511363636363576,25,1.5,14,3,3,15,75,1.0,1.2,2.5,False,False,True,True,0.1,3,0.1,0.04
16,31.25,7.5,-3.0000000000000053,1.1363636363636345,-1.0721140478567426,-35.511363636363576,25,1.5,14,3,3,15,80,1.0,1.2,2.5,False,False,True,True,0.1,3,0.1,0.04
16,31.25,7.5,-3.0000000000000053,1.1363636363636345,-1.0721140478567426,-35.511363636363576,25,1.5,14,3,3,20,75,1.0,1.2,2.5,False,False,True,True,0.1,3,0.1,0.04
16,31.25,7.5,-3.0000000000000053,1.1363636363636345,-1.0721140478567426,-35.511363636363576,25,1.5,14,3,3,20,80,1.0,1.2,2.5,False,False,True,True,0.1,3,0.1,0.04
16,31.25,7.5,-3.0000000000000053,1.1363636363636345,-1.0721140478567426,-35.511363636363576,25,1.5,14,3,3,25,75,1.0,1.2,2.5,False,False,True,True,0.1,3,0.1,0.04
16,31.25,7.5,-3.0000000000000053,1.1363636363636345,-1.0721140478567426,-35.511363636363576,25,1.5,14,3,3,25,80,1.0,1.2,2.5,False,False,True,True,0.1,3,0.1,0.04
16,31.25,7.5,-3.0000000000000053,1.1363636363636345,-1.3213651670879734,-35.511363636363576,25,1.5,14,3,3,15,75,1.0,0.8,2.5,False,False,True,True,0.1,3,0.1,0.04
16,31.25,7.5,-3.0000000000000053,1.1363636363636345,-1.3213651670879734,-35.511363636363576,25,1.5,14,3,3,15,80,1.0,0.8,2.5,False,False,True,True,0.1,3,0.1,0.04
16,31.25,7.5,-3.0000000000000053,1.1363636363636345,-1.3213651670879734,-35.511363636363576,25,1.5,14,3,3,20,75,1.0,0.8,2.5,False,False,True,True,0.1,3,0.1,0.04
16,31.25,7.5,-3.0000000000000053,1.1363636363636345,-1.3213651670879734,-35.511363636363576,25,1.5,14,3,3,20,80,1.0,0.8,2.5,False,False,True,True,0.1,3,0.1,0.04
16,31.25,7.5,-3.0000000000000053,1.1363636363636345,-1.3213651670879734,-35.511363636363576,25,1.5,14,3,3,25,75,1.0,0.8,2.5,False,False,True,True,0.1,3,0.1,0.04
16,31.25,7.5,-3.0000000000000053,1.1363636363636345,-1.3213651670879734,-35.511363636363576,25,1.5,14,3,3,25,80,1.0,0.8,2.5,False,False,True,True,0.1,3,0.1,0.04
13,30.76923076923077,8.231032056658142,-3.000000000000006,1.2194121565419442,1.1646986180087637,37.52037404744444,25,1.5,14,3,3,15,85,1.0,1.8,2.5,True,False,True,True,0.1,3,0.1,0.04
13,30.76923076923077,8.231032056658142,-3.000000000000006,1.2194121565419442,1.1646986180087637,37.52037404744444,25,1.5,14,3,3,20,85,1.0,1.8,2.5,True,False,True,True,0.1,3,0.1,0.04
13,30.76923076923077,8.231032056658142,-3.000000000000006,1.2194121565419442,1.1646986180087637,37.52037404744444,25,1.5,14,3,3,25,85,1.0,1.8,2.5,True,False,True,True,0.1,3,0.1,0.04
13,30.76923076923077,8.231032056658142,-3.000000000000006,1.2194121565419442,0.21055935022273875,37.52037404744444,25,1.5,14,3,3,15,85,1.0,0.8,2.5,True,False,True,True,0.1,3,0.1,0.04
13,30.76923076923077,8.231032056658142,-3.000000000000006,1.2194121565419442,0.21055935022273875,37.52037404744444,25,1.5,14,3,3,20,85,1.0,0.8,2.5,True,False,True,True,0.1,3,0.1,0.04
13,30.76923076923077,8.231032056658142,-3.000000000000006,1.2194121565419442,0.21055935022273875,37.52037404744444,25,1.5,14,3,3,25,85,1.0,0.8,2.5,True,False,True,True,0.1,3,0.1,0.04
13,30.76923076923077,8.231032056658142,-3.000000000000006,1.2194121565419442,0.1019006923382193,37.52037404744444,25,1.5,14,3,3,15,85,1.0,1.2,2.5,True,False,True,True,0.1,3,0.1,0.04
13,30.76923076923077,8.231032056658142,-3.000000000000006,1.2194121565419442,0.1019006923382193,37.52037404744444,25,1.5,14,3,3,20,85,1.0,1.2,2.5,True,False,True,True,0.1,3,0.1,0.04
13,30.76923076923077,8.231032056658142,-3.000000000000006,1.2194121565419442,0.1019006923382193,37.52037404744444,25,1.5,14,3,3,25,85,1.0,1.2,2.5,True,False,True,True,0.1,3,0.1,0.04
13,30.76923076923077,7.500000000000005,-3.000000000000006,1.1111111111111094,-0.7791009957774264,-34.18803418803414,25,1.5,14,3,3,15,85,1.0,1.8,2.5,False,False,True,True,0.1,3,0.1,0.04
13,30.76923076923077,7.500000000000005,-3.000000000000006,1.1111111111111094,-0.7791009957774264,-34.18803418803414,25,1.5,14,3,3,20,85,1.0,1.8,2.5,False,False,True,True,0.1,3,0.1,0.04
13,30.76923076923077,7.500000000000005,-3.000000000000006,1.1111111111111094,-0.7791009957774264,-34.18803418803414,25,1.5,14,3,3,25,85,1.0,1.8,2.5,False,False,True,True,0.1,3,0.1,0.04
13,30.76923076923077,7.500000000000005,-3.000000000000006,1.1111111111111094,-1.7232833657808588,-34.18803418803414,25,1.5,14,3,3,15,85,1.0,0.8,2.5,False,False,True,True,0.1,3,0.1,0.04
13,30.76923076923077,7.500000000000005,-3.000000000000006,1.1111111111111094,-1.7232833657808588,-34.18803418803414,25,1.5,14,3,3,20,85,1.0,0.8,2.5,False,False,True,True,0.1,3,0.1,0.04
13,30.76923076923077,7.500000000000005,-3.000000000000006,1.1111111111111094,-1.7232833657808588,-34.18803418803414,25,1.5,14,3,3,25,85,1.0,0.8,2.5,False,False,True,True,0.1,3,0.1,0.04
13,30.76923076923077,7.500000000000005,-3.000000000000006,1.1111111111111094,-1.8264896105729345,-34.18803418803414,25,1.5,14,3,3,15,85,1.0,1.2,2.5,False,False,True,True,0.1,3,0.1,0.04
13,30.76923076923077,7.500000000000005,-3.000000000000006,1.1111111111111094,-1.8264896105729345,-34.18803418803414,25,1.5,14,3,3,20,85,1.0,1.2,2.5,False,False,True,True,0.1,3,0.1,0.04
13,30.76923076923077,7.500000000000005,-3.000000000000006,1.1111111111111094,-1.8264896105729345,-34.18803418803414,25,1.5,14,3,3,25,85,1.0,1.2,2.5,False,False,True,True,0.1,3,0.1,0.04
13,30.76923076923077,7.5683068563537255,-4.499999999999989,0.7474870969238265,-2.2900885209365507,-22.999602982271586,25,1.5,9,3,3,15,75,1.5,1.2,2.5,True,True,True,True,0.1,3,0.1,0.04
13,30.76923076923077,7.5683068563537255,-4.499999999999989,0.7474870969238265,-2.2900885209365507,-22.999602982271586,25,1.5,9,3,3,15,80,1.5,1.2,2.5,True,True,True,True,0.1,3,0.1,0.04
13,30.76923076923077,7.5683068563537255,-4.499999999999989,0.7474870969238265,-2.2900885209365507,-22.999602982271586,25,1.5,9,3,3,20,75,1.5,1.2,2.5,True,True,True,True,0.1,3,0.1,0.04
13,30.76923076923077,7.5683068563537255,-4.499999999999989,0.7474870969238265,-2.2900885209365507,-22.999602982271586,25,1.5,9,3,3,20,80,1.5,1.2,2.5,True,True,True,True,0.1,3,0.1,0.04
13,30.76923076923077,7.5683068563537255,-4.499999999999989,0.7474870969238265,-2.2900885209365507,-22.999602982271586,25,1.5,9,3,3,25,75,1.5,1.2,2.5,True,True,True,True,0.1,3,0.1,0.04
13,30.76923076923077,7.5683068563537255,-4.499999999999989,0.7474870969238265,-2.2900885209365507,-22.999602982271586,25,1.5,9,3,3,25,80,1.5,1.2,2.5,True,True,True,True,0.1,3,0.1,0.04
13,30.76923076923077,7.5683068563537255,-4.499999999999989,0.7474870969238265,-2.9515147413931797,-22.999602982271586,25,1.5,9,3,3,15,75,1.5,1.8,2.5,True,True,True,True,0.1,3,0.1,0.04
13,30.76923076923077,7.5683068563537255,-4.499999999999989,0.7474870969238265,-2.9515147413931797,-22.999602982271586,25,1.5,9,3,3,15,80,1.5,1.8,2.5,True,True,True,True,0.1,3,0.1,0.04
13,30.76923076923077,7.5683068563537255,-4.499999999999989,0.7474870969238265,-2.9515147413931797,-22.999602982271586,25,1.5,9,3,3,20,75,1.5,1.8,2.5,True,True,True,True,0.1,3,0.1,0.04
13,30.76923076923077,7.5683068563537255,-4.499999999999989,0.7474870969238265,-2.9515147413931797,-22.999602982271586,25,1.5,9,3,3,20,80,1.5,1.8,2.5,True,True,True,True,0.1,3,0.1,0.04
13,30.76923076923077,7.5683068563537255,-4.499999999999989,0.7474870969238265,-2.9515147413931797,-22.999602982271586,25,1.5,9,3,3,25,75,1.5,1.8,2.5,True,True,True,True,0.1,3,0.1,0.04
13,30.76923076923077,7.5683068563537255,-4.499999999999989,0.7474870969238265,-2.9515147413931797,-22.999602982271586,25,1.5,9,3,3,25,80,1.5,1.8,2.5,True,True,True,True,0.1,3,0.1,0.04
13,30.76923076923077,7.5683068563537255,-4.499999999999989,0.7474870969238265,-3.328003296439952,-22.999602982271586,25,1.5,9,3,3,15,75,1.5,0.8,2.5,True,True,True,True,0.1,3,0.1,0.04
13,30.76923076923077,7.5683068563537255,-4.499999999999989,0.7474870969238265,-3.328003296439952,-22.999602982271586,25,1.5,9,3,3,15,80,1.5,0.8,2.5,True,True,True,True,0.1,3,0.1,0.04
13,30.76923076923077,7.5683068563537255,-4.499999999999989,0.7474870969238265,-3.328003296439952,-22.999602982271586,25,1.5,9,3,3,20,75,1.5,0.8,2.5,True,True,True,True,0.1,3,0.1,0.04
13,30.76923076923077,7.5683068563537255,-4.499999999999989,0.7474870969238265,-3.328003296439952,-22.999602982271586,25,1.5,9,3,3,20,80,1.5,0.8,2.5,True,True,True,True,0.1,3,0.1,0.04
13,30.76923076923077,7.5683068563537255,-4.499999999999989,0.7474870969238265,-3.328003296439952,-22.999602982271586,25,1.5,9,3,3,25,75,1.5,0.8,2.5,True,True,True,True,0.1,3,0.1,0.04
13,30.76923076923077,7.5683068563537255,-4.499999999999989,0.7474870969238265,-3.328003296439952,-22.999602982271586,25,1.5,9,3,3,25,80,1.5,0.8,2.5,True,True,True,True,0.1,3,0.1,0.04
13,30.76923076923077,7.500000000000006,-4.499999999999989,0.7407407407407431,-3.328124554333367,-22.792022792022866,25,1.5,9,3,3,15,75,1.5,1.8,2.5,False,True,True,True,0.1,3,0.1,0.04
13,30.76923076923077,7.500000000000006,-4.499999999999989,0.7407407407407431,-3.328124554333367,-22.792022792022866,25,1.5,9,3,3,15,80,1.5,1.8,2.5,False,True,True,True,0.1,3,0.1,0.04
13,30.76923076923077,7.500000000000006,-4.499999999999989,0.7407407407407431,-3.328124554333367,-22.792022792022866,25,1.5,9,3,3,20,75,1.5,1.8,2.5,False,True,True,True,0.1,3,0.1,0.04
13,30.76923076923077,7.500000000000006,-4.499999999999989,0.7407407407407431,-3.328124554333367,-22.792022792022866,25,1.5,9,3,3,20,80,1.5,1.8,2.5,False,True,True,True,0.1,3,0.1,0.04
13,30.76923076923077,7.500000000000006,-4.499999999999989,0.7407407407407431,-3.328124554333367,-22.792022792022866,25,1.5,9,3,3,25,75,1.5,1.8,2.5,False,True,True,True,0.1,3,0.1,0.04
13,30.76923076923077,7.500000000000006,-4.499999999999989,0.7407407407407431,-3.328124554333367,-22.792022792022866,25,1.5,9,3,3,25,80,1.5,1.8,2.5,False,True,True,True,0.1,3,0.1,0.04
13,30.76923076923077,7.500000000000006,-4.499999999999989,0.7407407407407431,-3.4312742509217564,-22.792022792022866,25,1.5,9,3,3,15,75,1.5,1.2,2.5,False,True,True,True,0.1,3,0.1,0.04
13,30.76923076923077,7.500000000000006,-4.499999999999989,0.7407407407407431,-3.4312742509217564,-22.792022792022866,25,1.5,9,3,3,15,80,1.5,1.2,2.5,False,True,True,True,0.1,3,0.1,0.04
13,30.76923076923077,7.500000000000006,-4.499999999999989,0.7407407407407431,-3.4312742509217564,-22.792022792022866,25,1.5,9,3,3,20,75,1.5,1.2,2.5,False,True,True,True,0.1,3,0.1,0.04
13,30.76923076923077,7.500000000000006,-4.499999999999989,0.7407407407407431,-3.4312742509217564,-22.792022792022866,25,1.5,9,3,3,20,80,1.5,1.2,2.5,False,True,True,True,0.1,3,0.1,0.04
13,30.76923076923077,7.500000000000006,-4.499999999999989,0.7407407407407431,-3.4312742509217564,-22.792022792022866,25,1.5,9,3,3,25,75,1.5,1.2,2.5,False,True,True,True,0.1,3,0.1,0.04
13,30.76923076923077,7.500000000000006,-4.499999999999989,0.7407407407407431,-3.4312742509217564,-22.792022792022866,25,1.5,9,3,3,25,80,1.5,1.2,2.5,False,True,True,True,0.1,3,0.1,0.04
13,30.76923076923077,7.500000000000006,-4.499999999999989,0.7407407407407431,-4.459046757999785,-22.792022792022866,25,1.5,9,3,3,15,75,1.5,0.8,2.5,False,True,True,True,0.1,3,0.1,0.04
13,30.76923076923077,7.500000000000006,-4.499999999999989,0.7407407407407431,-4.459046757999785,-22.792022792022866,25,1.5,9,3,3,15,80,1.5,0.8,2.5,False,True,True,True,0.1,3,0.1,0.04
13,30.76923076923077,7.500000000000006,-4.499999999999989,0.7407407407407431,-4.459046757999785,-22.792022792022866,25,1.5,9,3,3,20,75,1.5,0.8,2.5,False,True,True,True,0.1,3,0.1,0.04
13,30.76923076923077,7.500000000000006,-4.499999999999989,0.7407407407407431,-4.459046757999785,-22.792022792022866,25,1.5,9,3,3,20,80,1.5,0.8,2.5,False,True,True,True,0.1,3,0.1,0.04
13,30.76923076923077,7.500000000000006,-4.499999999999989,0.7407407407407431,-4.459046757999785,-22.792022792022866,25,1.5,9,3,3,25,75,1.5,0.8,2.5,False,True,True,True,0.1,3,0.1,0.04
13,30.76923076923077,7.500000000000006,-4.499999999999989,0.7407407407407431,-4.459046757999785,-22.792022792022866,25,1.5,9,3,3,25,80,1.5,0.8,2.5,False,True,True,True,0.1,3,0.1,0.04
20,30.0,8.303935429367716,-3.0000000000000058,1.1862764899096712,3.754499675193812,35.58829469729014,20,1.5,9,3,3,15,75,1.0,1.8,2.5,True,False,True,True,0.1,3,0.1,0.04
20,30.0,8.303935429367716,-3.0000000000000058,1.1862764899096712,3.754499675193812,35.58829469729014,20,1.5,9,3,3,15,80,1.0,1.8,2.5,True,False,True,True,0.1,3,0.1,0.04
20,30.0,8.303935429367716,-3.0000000000000058,1.1862764899096712,3.754499675193812,35.58829469729014,20,1.5,9,3,3,20,75,1.0,1.8,2.5,True,False,True,True,0.1,3,0.1,0.04
20,30.0,8.303935429367716,-3.0000000000000058,1.1862764899096712,3.754499675193812,35.58829469729014,20,1.5,9,3,3,20,80,1.0,1.8,2.5,True,False,True,True,0.1,3,0.1,0.04
20,30.0,8.303935429367716,-3.0000000000000058,1.1862764899096712,3.754499675193812,35.58829469729014,20,1.5,9,3,3,25,75,1.0,1.8,2.5,True,False,True,True,0.1,3,0.1,0.04
20,30.0,8.303935429367716,-3.0000000000000058,1.1862764899096712,3.754499675193812,35.58829469729014,20,1.5,9,3,3,25,80,1.0,1.8,2.5,True,False,True,True,0.1,3,0.1,0.04
20,30.0,8.303935429367716,-3.0000000000000058,1.1862764899096712,3.398192546639689,35.58829469729014,20,1.5,9,3,3,15,75,1.0,1.2,2.5,True,False,True,True,0.1,3,0.1,0.04
20,30.0,8.303935429367716,-3.0000000000000058,1.1862764899096712,3.398192546639689,35.58829469729014,20,1.5,9,3,3,15,80,1.0,1.2,2.5,True,False,True,True,0.1,3,0.1,0.04
20,30.0,8.303935429367716,-3.0000000000000058,1.1862764899096712,3.398192546639689,35.58829469729014,20,1.5,9,3,3,20,75,1.0,1.2,2.5,True,False,True,True,0.1,3,0.1,0.04
20,30.0,8.303935429367716,-3.0000000000000058,1.1862764899096712,3.398192546639689,35.58829469729014,20,1.5,9,3,3,20,80,1.0,1.2,2.5,True,False,True,True,0.1,3,0.1,0.04
20,30.0,8.303935429367716,-3.0000000000000058,1.1862764899096712,3.398192546639689,35.58829469729014,20,1.5,9,3,3,25,75,1.0,1.2,2.5,True,False,True,True,0.1,3,0.1,0.04
20,30.0,8.303935429367716,-3.0000000000000058,1.1862764899096712,3.398192546639689,35.58829469729014,20,1.5,9,3,3,25,80,1.0,1.2,2.5,True,False,True,True,0.1,3,0.1,0.04
20,30.0,8.303935429367716,-3.0000000000000058,1.1862764899096712,2.5914578677896483,35.58829469729014,20,1.5,9,3,3,15,75,1.0,0.8,2.5,True,False,True,True,0.1,3,0.1,0.04
20,30.0,8.303935429367716,-3.0000000000000058,1.1862764899096712,2.5914578677896483,35.58829469729014,20,1.5,9,3,3,15,80,1.0,0.8,2.5,True,False,True,True,0.1,3,0.1,0.04
20,30.0,8.303935429367716,-3.0000000000000058,1.1862764899096712,2.5914578677896483,35.58829469729014,20,1.5,9,3,3,20,75,1.0,0.8,2.5,True,False,True,True,0.1,3,0.1,0.04
20,30.0,8.303935429367716,-3.0000000000000058,1.1862764899096712,2.5914578677896483,35.58829469729014,20,1.5,9,3,3,20,80,1.0,0.8,2.5,True,False,True,True,0.1,3,0.1,0.04
20,30.0,8.303935429367716,-3.0000000000000058,1.1862764899096712,2.5914578677896483,35.58829469729014,20,1.5,9,3,3,25,75,1.0,0.8,2.5,True,False,True,True,0.1,3,0.1,0.04
20,30.0,8.303935429367716,-3.0000000000000058,1.1862764899096712,2.5914578677896483,35.58829469729014,20,1.5,9,3,3,25,80,1.0,0.8,2.5,True,False,True,True,0.1,3,0.1,0.04
10,30.0,7.500000000000017,-3.0000000000000084,1.0714285714285707,-0.6184055641447195,-32.142857142857125,20,1.5,14,3,3,15,85,1.0,1.2,2.5,True,True,True,True,0.1,3,0.1,0.04
10,30.0,7.500000000000017,-3.0000000000000084,1.0714285714285707,-0.6184055641447195,-32.142857142857125,20,1.5,14,3,3,15,85,1.0,1.2,2.5,False,True,True,True,0.1,3,0.1,0.04
10,30.0,7.500000000000017,-3.0000000000000084,1.0714285714285707,-0.6184055641447195,-32.142857142857125,20,1.5,14,3,3,20,85,1.0,1.2,2.5,False,True,True,True,0.1,3,0.1,0.04
10,30.0,7.500000000000017,-3.0000000000000084,1.0714285714285707,-0.6184055641447195,-32.142857142857125,20,1.5,14,3,3,20,85,1.0,1.2,2.5,True,True,True,True,0.1,3,0.1,0.04
10,30.0,7.500000000000017,-3.0000000000000084,1.0714285714285707,-0.6184055641447195,-32.142857142857125,20,1.5,14,3,3,25,85,1.0,1.2,2.5,True,True,True,True,0.1,3,0.1,0.04
10,30.0,7.500000000000017,-3.0000000000000084,1.0714285714285707,-0.6184055641447195,-32.142857142857125,20,1.5,14,3,3,25,85,1.0,1.2,2.5,False,True,True,True,0.1,3,0.1,0.04
10,30.0,7.500000000000017,-3.0000000000000084,1.0714285714285707,-0.8154194484019883,-32.142857142857125,20,1.5,14,3,3,15,85,1.0,1.8,2.5,True,True,True,True,0.1,3,0.1,0.04
10,30.0,7.500000000000017,-3.0000000000000084,1.0714285714285707,-0.8154194484019883,-32.142857142857125,20,1.5,14,3,3,15,85,1.0,1.8,2.5,False,True,True,True,0.1,3,0.1,0.04
10,30.0,7.500000000000017,-3.0000000000000084,1.0714285714285707,-0.8154194484019883,-32.142857142857125,20,1.5,14,3,3,20,85,1.0,1.8,2.5,False,True,True,True,0.1,3,0.1,0.04
10,30.0,7.500000000000017,-3.0000000000000084,1.0714285714285707,-0.8154194484019883,-32.142857142857125,20,1.5,14,3,3,20,85,1.0,1.8,2.5,True,True,True,True,0.1,3,0.1,0.04
10,30.0,7.500000000000017,-3.0000000000000084,1.0714285714285707,-0.8154194484019883,-32.142857142857125,20,1.5,14,3,3,25,85,1.0,1.8,2.5,True,True,True,True,0.1,3,0.1,0.04
10,30.0,7.500000000000017,-3.0000000000000084,1.0714285714285707,-0.8154194484019883,-32.142857142857125,20,1.5,14,3,3,25,85,1.0,1.8,2.5,False,True,True,True,0.1,3,0.1,0.04
10,30.0,7.500000000000017,-3.0000000000000084,1.0714285714285707,-1.3233806217959332,-32.142857142857125,20,1.5,14,3,3,15,85,1.0,0.8,2.5,False,True,True,True,0.1,3,0.1,0.04
10,30.0,7.500000000000017,-3.0000000000000084,1.0714285714285707,-1.3233806217959332,-32.142857142857125,20,1.5,14,3,3,15,85,1.0,0.8,2.5,True,True,True,True,0.1,3,0.1,0.04
10,30.0,7.500000000000017,-3.0000000000000084,1.0714285714285707,-1.3233806217959332,-32.142857142857125,20,1.5,14,3,3,20,85,1.0,0.8,2.5,True,True,True,True,0.1,3,0.1,0.04
10,30.0,7.500000000000017,-3.0000000000000084,1.0714285714285707,-1.3233806217959332,-32.142857142857125,20,1.5,14,3,3,20,85,1.0,0.8,2.5,False,True,True,True,0.1,3,0.1,0.04
10,30.0,7.500000000000017,-3.0000000000000084,1.0714285714285707,-1.3233806217959332,-32.142857142857125,20,1.5,14,3,3,25,85,1.0,0.8,2.5,True,True,True,True,0.1,3,0.1,0.04
10,30.0,7.500000000000017,-3.0000000000000084,1.0714285714285707,-1.3233806217959332,-32.142857142857125,20,1.5,14,3,3,25,85,1.0,0.8,2.5,False,True,True,True,0.1,3,0.1,0.04
20,30.0,7.499999999999994,-3.0000000000000058,1.0714285714285685,0.8928899724109263,32.14285714285705,20,1.5,9,3,3,15,75,1.0,1.8,2.5,False,False,True,True,0.1,3,0.1,0.04
20,30.0,7.499999999999994,-3.0000000000000058,1.0714285714285685,0.8928899724109263,32.14285714285705,20,1.5,9,3,3,15,80,1.0,1.8,2.5,False,False,True,True,0.1,3,0.1,0.04
20,30.0,7.499999999999994,-3.0000000000000058,1.0714285714285685,0.8928899724109263,32.14285714285705,20,1.5,9,3,3,20,75,1.0,1.8,2.5,False,False,True,True,0.1,3,0.1,0.04
20,30.0,7.499999999999994,-3.0000000000000058,1.0714285714285685,0.8928899724109263,32.14285714285705,20,1.5,9,3,3,20,80,1.0,1.8,2.5,False,False,True,True,0.1,3,0.1,0.04
20,30.0,7.499999999999994,-3.0000000000000058,1.0714285714285685,0.8928899724109263,32.14285714285705,20,1.5,9,3,3,25,75,1.0,1.8,2.5,False,False,True,True,0.1,3,0.1,0.04
20,30.0,7.499999999999994,-3.0000000000000058,1.0714285714285685,0.8928899724109263,32.14285714285705,20,1.5,9,3,3,25,80,1.0,1.8,2.5,False,False,True,True,0.1,3,0.1,0.04
20,30.0,7.499999999999994,-3.0000000000000058,1.0714285714285685,-0.24707866428108627,-32.14285714285705,20,1.5,9,3,3,15,75,1.0,1.2,2.5,False,False,True,True,0.1,3,0.1,0.04
20,30.0,7.499999999999994,-3.0000000000000058,1.0714285714285685,-0.24707866428108627,-32.14285714285705,20,1.5,9,3,3,15,80,1.0,1.2,2.5,False,False,True,True,0.1,3,0.1,0.04
20,30.0,7.499999999999994,-3.0000000000000058,1.0714285714285685,-0.24707866428108627,-32.14285714285705,20,1.5,9,3,3,20,75,1.0,1.2,2.5,False,False,True,True,0.1,3,0.1,0.04
20,30.0,7.499999999999994,-3.0000000000000058,1.0714285714285685,-0.24707866428108627,-32.14285714285705,20,1.5,9,3,3,20,80,1.0,1.2,2.5,False,False,True,True,0.1,3,0.1,0.04
20,30.0,7.499999999999994,-3.0000000000000058,1.0714285714285685,-0.24707866428108627,-32.14285714285705,20,1.5,9,3,3,25,75,1.0,1.2,2.5,False,False,True,True,0.1,3,0.1,0.04
20,30.0,7.499999999999994,-3.0000000000000058,1.0714285714285685,-0.24707866428108627,-32.14285714285705,20,1.5,9,3,3,25,80,1.0,1.2,2.5,False,False,True,True,0.1,3,0.1,0.04
20,30.0,7.499999999999994,-3.0000000000000058,1.0714285714285685,-1.0316108285149284,-32.14285714285705,20,1.5,9,3,3,15,75,1.0,0.8,2.5,False,False,True,True,0.1,3,0.1,0.04
20,30.0,7.499999999999994,-3.0000000000000058,1.0714285714285685,-1.0316108285149284,-32.14285714285705,20,1.5,9,3,3,15,80,1.0,0.8,2.5,False,False,True,True,0.1,3,0.1,0.04
20,30.0,7.499999999999994,-3.0000000000000058,1.0714285714285685,-1.0316108285149284,-32.14285714285705,20,1.5,9,3,3,20,75,1.0,0.8,2.5,False,False,True,True,0.1,3,0.1,0.04
20,30.0,7.499999999999994,-3.0000000000000058,1.0714285714285685,-1.0316108285149284,-32.14285714285705,20,1.5,9,3,3,20,80,1.0,0.8,2.5,False,False,True,True,0.1,3,0.1,0.04
20,30.0,7.499999999999994,-3.0000000000000058,1.0714285714285685,-1.0316108285149284,-32.14285714285705,20,1.5,9,3,3,25,75,1.0,0.8,2.5,False,False,True,True,0.1,3,0.1,0.04
20,30.0,7.499999999999994,-3.0000000000000058,1.0714285714285685,-1.0316108285149284,-32.14285714285705,20,1.5,9,3,3,25,80,1.0,0.8,2.5,False,False,True,True,0.1,3,0.1,0.04
10,30.0,7.500000000000017,-4.499999999999981,0.7142857142857187,-2.3249534114405446,-21.428571428571562,20,1.5,14,3,3,15,85,1.5,1.2,2.5,True,True,True,True,0.1,3,0.1,0.04
10,30.0,7.500000000000017,-4.499999999999981,0.7142857142857187,-2.3249534114405446,-21.428571428571562,20,1.5,14,3,3,15,85,1.5,1.2,2.5,False,True,True,True,0.1,3,0.1,0.04
10,30.0,7.500000000000017,-4.499999999999981,0.7142857142857187,-2.3249534114405446,-21.428571428571562,20,1.5,14,3,3,20,85,1.5,1.2,2.5,True,True,True,True,0.1,3,0.1,0.04
10,30.0,7.500000000000017,-4.499999999999981,0.7142857142857187,-2.3249534114405446,-21.428571428571562,20,1.5,14,3,3,20,85,1.5,1.2,2.5,False,True,True,True,0.1,3,0.1,0.04
10,30.0,7.500000000000017,-4.499999999999981,0.7142857142857187,-2.3249534114405446,-21.428571428571562,20,1.5,14,3,3,25,85,1.5,1.2,2.5,True,True,True,True,0.1,3,0.1,0.04
10,30.0,7.500000000000017,-4.499999999999981,0.7142857142857187,-2.3249534114405446,-21.428571428571562,20,1.5,14,3,3,25,85,1.5,1.2,2.5,False,True,True,True,0.1,3,0.1,0.04
10,30.0,7.500000000000017,-4.499999999999981,0.7142857142857187,-3.1930853860209885,-21.428571428571562,20,1.5,14,3,3,15,85,1.5,0.8,2.5,True,True,True,True,0.1,3,0.1,0.04
10,30.0,7.500000000000017,-4.499999999999981,0.7142857142857187,-3.1930853860209885,-21.428571428571562,20,1.5,14,3,3,15,85,1.5,0.8,2.5,False,True,True,True,0.1,3,0.1,0.04
10,30.0,7.500000000000017,-4.499999999999981,0.7142857142857187,-3.1930853860209885,-21.428571428571562,20,1.5,14,3,3,20,85,1.5,0.8,2.5,False,True,True,True,0.1,3,0.1,0.04
10,30.0,7.500000000000017,-4.499999999999981,0.7142857142857187,-3.1930853860209885,-21.428571428571562,20,1.5,14,3,3,20,85,1.5,0.8,2.5,True,True,True,True,0.1,3,0.1,0.04
10,30.0,7.500000000000017,-4.499999999999981,0.7142857142857187,-3.1930853860209885,-21.428571428571562,20,1.5,14,3,3,25,85,1.5,0.8,2.5,True,True,True,True,0.1,3,0.1,0.04
10,30.0,7.500000000000017,-4.499999999999981,0.7142857142857187,-3.1930853860209885,-21.428571428571562,20,1.5,14,3,3,25,85,1.5,0.8,2.5,False,True,True,True,0.1,3,0.1,0.04
10,30.0,7.500000000000017,-4.499999999999981,0.7142857142857187,-3.9264037314424405,-21.428571428571562,20,1.5,14,3,3,15,85,1.5,1.8,2.5,True,True,True,True,0.1,3,0.1,0.04
10,30.0,7.500000000000017,-4.499999999999981,0.7142857142857187,-3.9264037314424405,-21.428571428571562,20,1.5,14,3,3,15,85,1.5,1.8,2.5,False,True,True,True,0.1,3,0.1,0.04
10,30.0,7.500000000000017,-4.499999999999981,0.7142857142857187,-3.9264037314424405,-21.428571428571562,20,1.5,14,3,3,20,85,1.5,1.8,2.5,True,True,True,True,0.1,3,0.1,0.04
10,30.0,7.500000000000017,-4.499999999999981,0.7142857142857187,-3.9264037314424405,-21.428571428571562,20,1.5,14,3,3,20,85,1.5,1.8,2.5,False,True,True,True,0.1,3,0.1,0.04
10,30.0,7.500000000000017,-4.499999999999981,0.7142857142857187,-3.9264037314424405,-21.428571428571562,20,1.5,14,3,3,25,85,1.5,1.8,2.5,True,True,True,True,0.1,3,0.1,0.04
10,30.0,7.500000000000017,-4.499999999999981,0.7142857142857187,-3.9264037314424405,-21.428571428571562,20,1.5,14,3,3,25,85,1.5,1.8,2.5,False,True,True,True,0.1,3,0.1,0.04
17,29.411764705882355,7.5546454850829745,-3.0000000000000084,1.0492563173726324,0.16278405300937937,30.860479922724483,20,1.5,14,3,3,15,75,1.0,1.2,2.5,True,False,True,True,0.1,3,0.1,0.04
17,29.411764705882355,7.5546454850829745,-3.0000000000000084,1.0492563173726324,0.16278405300937937,30.860479922724483,20,1.5,14,3,3,15,80,1.0,1.2,2.5,True,False,True,True,0.1,3,0.1,0.04
17,29.411764705882355,7.5546454850829745,-3.0000000000000084,1.0492563173726324,0.16278405300937937,30.860479922724483,20,1.5,14,3,3,20,75,1.0,1.2,2.5,True,False,True,True,0.1,3,0.1,0.04
17,29.411764705882355,7.5546454850829745,-3.0000000000000084,1.0492563173726324,0.16278405300937937,30.860479922724483,20,1.5,14,3,3,20,80,1.0,1.2,2.5,True,False,True,True,0.1,3,0.1,0.04
17,29.411764705882355,7.5546454850829745,-3.0000000000000084,1.0492563173726324,0.16278405300937937,30.860479922724483,20,1.5,14,3,3,25,75,1.0,1.2,2.5,True,False,True,True,0.1,3,0.1,0.04
17,29.411764705882355,7.5546454850829745,-3.0000000000000084,1.0492563173726324,0.16278405300937937,30.860479922724483,20,1.5,14,3,3,25,80,1.0,1.2,2.5,True,False,True,True,0.1,3,0.1,0.04
17,29.411764705882355,7.5546454850829745,-3.0000000000000084,1.0492563173726324,-0.02169867872134912,-30.860479922724483,20,1.5,14,3,3,15,75,1.0,1.8,2.5,True,False,True,True,0.1,3,0.1,0.04
17,29.411764705882355,7.5546454850829745,-3.0000000000000084,1.0492563173726324,-0.02169867872134912,-30.860479922724483,20,1.5,14,3,3,15,80,1.0,1.8,2.5,True,False,True,True,0.1,3,0.1,0.04
17,29.411764705882355,7.5546454850829745,-3.0000000000000084,1.0492563173726324,-0.02169867872134912,-30.860479922724483,20,1.5,14,3,3,20,75,1.0,1.8,2.5,True,False,True,True,0.1,3,0.1,0.04
17,29.411764705882355,7.5546454850829745,-3.0000000000000084,1.0492563173726324,-0.02169867872134912,-30.860479922724483,20,1.5,14,3,3,20,80,1.0,1.8,2.5,True,False,True,True,0.1,3,0.1,0.04
17,29.411764705882355,7.5546454850829745,-3.0000000000000084,1.0492563173726324,-0.02169867872134912,-30.860479922724483,20,1.5,14,3,3,25,75,1.0,1.8,2.5,True,False,True,True,0.1,3,0.1,0.04
17,29.411764705882355,7.5546454850829745,-3.0000000000000084,1.0492563173726324,-0.02169867872134912,-30.860479922724483,20,1.5,14,3,3,25,80,1.0,1.8,2.5,True,False,True,True,0.1,3,0.1,0.04
17,29.411764705882355,7.5546454850829745,-3.0000000000000084,1.0492563173726324,-0.26725580806050697,-30.860479922724483,20,1.5,14,3,3,15,75,1.0,0.8,2.5,True,False,True,True,0.1,3,0.1,0.04
17,29.411764705882355,7.5546454850829745,-3.0000000000000084,1.0492563173726324,-0.26725580806050697,-30.860479922724483,20,1.5,14,3,3,15,80,1.0,0.8,2.5,True,False,True,True,0.1,3,0.1,0.04
17,29.411764705882355,7.5546454850829745,-3.0000000000000084,1.0492563173726324,-0.26725580806050697,-30.860479922724483,20,1.5,14,3,3,20,75,1.0,0.8,2.5,True,False,True,True,0.1,3,0.1,0.04
17,29.411764705882355,7.5546454850829745,-3.0000000000000084,1.0492563173726324,-0.26725580806050697,-30.860479922724483,20,1.5,14,3,3,20,80,1.0,0.8,2.5,True,False,True,True,0.1,3,0.1,0.04
17,29.411764705882355,7.5546454850829745,-3.0000000000000084,1.0492563173726324,-0.26725580806050697,-30.860479922724483,20,1.5,14,3,3,25,75,1.0,0.8,2.5,True,False,True,True,0.1,3,0.1,0.04
17,29.411764705882355,7.5546454850829745,-3.0000000000000084,1.0492563173726324,-0.26725580806050697,-30.860479922724483,20,1.5,14,3,3,25,80,1.0,0.8,2.5,True,False,True,True,0.1,3,0.1,0.04
17,29.411764705882355,7.5,-3.0000000000000084,1.0416666666666639,-0.40967804036048383,-30.637254901960702,20,1.5,14,3,3,15,75,1.0,1.8,2.5,False,False,True,True,0.1,3,0.1,0.04
17,29.411764705882355,7.5,-3.0000000000000084,1.0416666666666639,-0.40967804036048383,-30.637254901960702,20,1.5,14,3,3,15,80,1.0,1.8,2.5,False,False,True,True,0.1,3,0.1,0.04
17,29.411764705882355,7.5,-3.0000000000000084,1.0416666666666639,-0.40967804036048383,-30.637254901960702,20,1.5,14,3,3,20,75,1.0,1.8,2.5,False,False,True,True,0.1,3,0.1,0.04
17,29.411764705882355,7.5,-3.0000000000000084,1.0416666666666639,-0.40967804036048383,-30.637254901960702,20,1.5,14,3,3,20,80,1.0,1.8,2.5,False,False,True,True,0.1,3,0.1,0.04
17,29.411764705882355,7.5,-3.0000000000000084,1.0416666666666639,-0.40967804036048383,-30.637254901960702,20,1.5,14,3,3,25,75,1.0,1.8,2.5,False,False,True,True,0.1,3,0.1,0.04
17,29.411764705882355,7.5,-3.0000000000000084,1.0416666666666639,-0.40967804036048383,-30.637254901960702,20,1.5,14,3,3,25,80,1.0,1.8,2.5,False,False,True,True,0.1,3,0.1,0.04
17,29.411764705882355,7.5,-3.0000000000000084,1.0416666666666639,-1.0070495708945915,-30.637254901960702,20,1.5,14,3,3,15,75,1.0,1.2,2.5,False,False,True,True,0.1,3,0.1,0.04
17,29.411764705882355,7.5,-3.0000000000000084,1.0416666666666639,-1.0070495708945915,-30.637254901960702,20,1.5,14,3,3,15,80,1.0,1.2,2.5,False,False,True,True,0.1,3,0.1,0.04
17,29.411764705882355,7.5,-3.0000000000000084,1.0416666666666639,-1.0070495708945915,-30.637254901960702,20,1.5,14,3,3,20,75,1.0,1.2,2.5,False,False,True,True,0.1,3,0.1,0.04
17,29.411764705882355,7.5,-3.0000000000000084,1.0416666666666639,-1.0070495708945915,-30.637254901960702,20,1.5,14,3,3,20,80,1.0,1.2,2.5,False,False,True,True,0.1,3,0.1,0.04
17,29.411764705882355,7.5,-3.0000000000000084,1.0416666666666639,-1.0070495708945915,-30.637254901960702,20,1.5,14,3,3,25,75,1.0,1.2,2.5,False,False,True,True,0.1,3,0.1,0.04
17,29.411764705882355,7.5,-3.0000000000000084,1.0416666666666639,-1.0070495708945915,-30.637254901960702,20,1.5,14,3,3,25,80,1.0,1.2,2.5,False,False,True,True,0.1,3,0.1,0.04
17,29.411764705882355,7.5,-3.0000000000000084,1.0416666666666639,-1.4341094168425883,-30.637254901960702,20,1.5,14,3,3,15,75,1.0,0.8,2.5,False,False,True,True,0.1,3,0.1,0.04
17,29.411764705882355,7.5,-3.0000000000000084,1.0416666666666639,-1.4341094168425883,-30.637254901960702,20,1.5,14,3,3,15,80,1.0,0.8,2.5,False,False,True,True,0.1,3,0.1,0.04
17,29.411764705882355,7.5,-3.0000000000000084,1.0416666666666639,-1.4341094168425883,-30.637254901960702,20,1.5,14,3,3,20,75,1.0,0.8,2.5,False,False,True,True,0.1,3,0.1,0.04
17,29.411764705882355,7.5,-3.0000000000000084,1.0416666666666639,-1.4341094168425883,-30.637254901960702,20,1.5,14,3,3,20,80,1.0,0.8,2.5,False,False,True,True,0.1,3,0.1,0.04
17,29.411764705882355,7.5,-3.0000000000000084,1.0416666666666639,-1.4341094168425883,-30.637254901960702,20,1.5,14,3,3,25,75,1.0,0.8,2.5,False,False,True,True,0.1,3,0.1,0.04
17,29.411764705882355,7.5,-3.0000000000000084,1.0416666666666639,-1.4341094168425883,-30.637254901960702,20,1.5,14,3,3,25,80,1.0,0.8,2.5,False,False,True,True,0.1,3,0.1,0.04
14,28.57142857142857,7.500000000000005,-3.0000000000000107,0.9999999999999974,-1.696259297235958,-28.571428571428495,20,1.5,14,3,3,15,85,1.0,1.8,2.5,True,False,True,True,0.1,3,0.1,0.04
14,28.57142857142857,7.500000000000005,-3.0000000000000107,0.9999999999999974,-1.696259297235958,-28.571428571428495,20,1.5,14,3,3,15,85,1.0,1.8,2.5,False,False,True,True,0.1,3,0.1,0.04
14,28.57142857142857,7.500000000000005,-3.0000000000000107,0.9999999999999974,-1.696259297235958,-28.571428571428495,20,1.5,14,3,3,20,85,1.0,1.8,2.5,True,False,True,True,0.1,3,0.1,0.04
14,28.57142857142857,7.500000000000005,-3.0000000000000107,0.9999999999999974,-1.696259297235958,-28.571428571428495,20,1.5,14,3,3,20,85,1.0,1.8,2.5,False,False,True,True,0.1,3,0.1,0.04
14,28.57142857142857,7.500000000000005,-3.0000000000000107,0.9999999999999974,-1.696259297235958,-28.571428571428495,20,1.5,14,3,3,25,85,1.0,1.8,2.5,True,False,True,True,0.1,3,0.1,0.04
14,28.57142857142857,7.500000000000005,-3.0000000000000107,0.9999999999999974,-1.696259297235958,-28.571428571428495,20,1.5,14,3,3,25,85,1.0,1.8,2.5,False,False,True,True,0.1,3,0.1,0.04
14,28.57142857142857,7.500000000000005,-3.0000000000000107,0.9999999999999974,-1.7619212834168119,-28.571428571428495,20,1.5,14,3,3,15,85,1.0,1.2,2.5,True,False,True,True,0.1,3,0.1,0.04
14,28.57142857142857,7.500000000000005,-3.0000000000000107,0.9999999999999974,-1.7619212834168119,-28.571428571428495,20,1.5,14,3,3,15,85,1.0,1.2,2.5,False,False,True,True,0.1,3,0.1,0.04
14,28.57142857142857,7.500000000000005,-3.0000000000000107,0.9999999999999974,-1.7619212834168119,-28.571428571428495,20,1.5,14,3,3,20,85,1.0,1.2,2.5,False,False,True,True,0.1,3,0.1,0.04
14,28.57142857142857,7.500000000000005,-3.0000000000000107,0.9999999999999974,-1.7619212834168119,-28.571428571428495,20,1.5,14,3,3,20,85,1.0,1.2,2.5,True,False,True,True,0.1,3,0.1,0.04
14,28.57142857142857,7.500000000000005,-3.0000000000000107,0.9999999999999974,-1.7619212834168119,-28.571428571428495,20,1.5,14,3,3,25,85,1.0,1.2,2.5,True,False,True,True,0.1,3,0.1,0.04
14,28.57142857142857,7.500000000000005,-3.0000000000000107,0.9999999999999974,-1.7619212834168119,-28.571428571428495,20,1.5,14,3,3,25,85,1.0,1.2,2.5,False,False,True,True,0.1,3,0.1,0.04
14,28.57142857142857,7.500000000000005,-3.0000000000000107,0.9999999999999974,-1.835568408070265,-28.571428571428495,20,1.5,14,3,3,15,85,1.0,0.8,2.5,False,False,True,True,0.1,3,0.1,0.04
14,28.57142857142857,7.500000000000005,-3.0000000000000107,0.9999999999999974,-1.835568408070265,-28.571428571428495,20,1.5,14,3,3,15,85,1.0,0.8,2.5,True,False,True,True,0.1,3,0.1,0.04
14,28.57142857142857,7.500000000000005,-3.0000000000000107,0.9999999999999974,-1.835568408070265,-28.571428571428495,20,1.5,14,3,3,20,85,1.0,0.8,2.5,True,False,True,True,0.1,3,0.1,0.04
14,28.57142857142857,7.500000000000005,-3.0000000000000107,0.9999999999999974,-1.835568408070265,-28.571428571428495,20,1.5,14,3,3,20,85,1.0,0.8,2.5,False,False,True,True,0.1,3,0.1,0.04
14,28.57142857142857,7.500000000000005,-3.0000000000000107,0.9999999999999974,-1.835568408070265,-28.571428571428495,20,1.5,14,3,3,25,85,1.0,0.8,2.5,True,False,True,True,0.1,3,0.1,0.04
14,28.57142857142857,7.500000000000005,-3.0000000000000107,0.9999999999999974,-1.835568408070265,-28.571428571428495,20,1.5,14,3,3,25,85,1.0,0.8,2.5,False,False,True,True,0.1,3,0.1,0.04
18,27.77777777777778,8.139471130409486,-3.000000000000003,1.0435219397960867,2.2793981063217617,28.986720549891295,25,1.5,9,3,3,15,75,1.0,1.8,2.5,True,False,True,True,0.1,3,0.1,0.04
18,27.77777777777778,8.139471130409486,-3.000000000000003,1.0435219397960867,2.2793981063217617,28.986720549891295,25,1.5,9,3,3,15,80,1.0,1.8,2.5,True,False,True,True,0.1,3,0.1,0.04
18,27.77777777777778,8.139471130409486,-3.000000000000003,1.0435219397960867,2.2793981063217617,28.986720549891295,25,1.5,9,3,3,20,75,1.0,1.8,2.5,True,False,True,True,0.1,3,0.1,0.04
18,27.77777777777778,8.139471130409486,-3.000000000000003,1.0435219397960867,2.2793981063217617,28.986720549891295,25,1.5,9,3,3,20,80,1.0,1.8,2.5,True,False,True,True,0.1,3,0.1,0.04
18,27.77777777777778,8.139471130409486,-3.000000000000003,1.0435219397960867,2.2793981063217617,28.986720549891295,25,1.5,9,3,3,25,75,1.0,1.8,2.5,True,False,True,True,0.1,3,0.1,0.04
18,27.77777777777778,8.139471130409486,-3.000000000000003,1.0435219397960867,2.2793981063217617,28.986720549891295,25,1.5,9,3,3,25,80,1.0,1.8,2.5,True,False,True,True,0.1,3,0.1,0.04
18,27.77777777777778,8.139471130409486,-3.000000000000003,1.0435219397960867,1.186418684975088,28.986720549891295,25,1.5,9,3,3,15,75,1.0,1.2,2.5,True,False,True,True,0.1,3,0.1,0.04
18,27.77777777777778,8.139471130409486,-3.000000000000003,1.0435219397960867,1.186418684975088,28.986720549891295,25,1.5,9,3,3,15,80,1.0,1.2,2.5,True,False,True,True,0.1,3,0.1,0.04
18,27.77777777777778,8.139471130409486,-3.000000000000003,1.0435219397960867,1.186418684975088,28.986720549891295,25,1.5,9,3,3,20,75,1.0,1.2,2.5,True,False,True,True,0.1,3,0.1,0.04
18,27.77777777777778,8.139471130409486,-3.000000000000003,1.0435219397960867,1.186418684975088,28.986720549891295,25,1.5,9,3,3,20,80,1.0,1.2,2.5,True,False,True,True,0.1,3,0.1,0.04
18,27.77777777777778,8.139471130409486,-3.000000000000003,1.0435219397960867,1.186418684975088,28.986720549891295,25,1.5,9,3,3,25,75,1.0,1.2,2.5,True,False,True,True,0.1,3,0.1,0.04
18,27.77777777777778,8.139471130409486,-3.000000000000003,1.0435219397960867,1.186418684975088,28.986720549891295,25,1.5,9,3,3,25,80,1.0,1.2,2.5,True,False,True,True,0.1,3,0.1,0.04
18,27.77777777777778,8.139471130409486,-3.000000000000003,1.0435219397960867,0.7554761052518844,28.986720549891295,25,1.5,9,3,3,15,75,1.0,0.8,2.5,True,False,True,True,0.1,3,0.1,0.04
18,27.77777777777778,8.139471130409486,-3.000000000000003,1.0435219397960867,0.7554761052518844,28.986720549891295,25,1.5,9,3,3,15,80,1.0,0.8,2.5,True,False,True,True,0.1,3,0.1,0.04
18,27.77777777777778,8.139471130409486,-3.000000000000003,1.0435219397960867,0.7554761052518844,28.986720549891295,25,1.5,9,3,3,20,75,1.0,0.8,2.5,True,False,True,True,0.1,3,0.1,0.04
18,27.77777777777778,8.139471130409486,-3.000000000000003,1.0435219397960867,0.7554761052518844,28.986720549891295,25,1.5,9,3,3,20,80,1.0,0.8,2.5,True,False,True,True,0.1,3,0.1,0.04
18,27.77777777777778,8.139471130409486,-3.000000000000003,1.0435219397960867,0.7554761052518844,28.986720549891295,25,1.5,9,3,3,25,75,1.0,0.8,2.5,True,False,True,True,0.1,3,0.1,0.04
18,27.77777777777778,8.139471130409486,-3.000000000000003,1.0435219397960867,0.7554761052518844,28.986720549891295,25,1.5,9,3,3,25,80,1.0,0.8,2.5,True,False,True,True,0.1,3,0.1,0.04
18,27.77777777777778,7.5,-3.000000000000003,0.9615384615384605,-0.07510236193060127,-26.70940170940168,25,1.5,9,3,3,15,75,1.0,1.8,2.5,False,False,True,True,0.1,3,0.1,0.04
18,27.77777777777778,7.5,-3.000000000000003,0.9615384615384605,-0.07510236193060127,-26.70940170940168,25,1.5,9,3,3,15,80,1.0,1.8,2.5,False,False,True,True,0.1,3,0.1,0.04
18,27.77777777777778,7.5,-3.000000000000003,0.9615384615384605,-0.07510236193060127,-26.70940170940168,25,1.5,9,3,3,20,75,1.0,1.8,2.5,False,False,True,True,0.1,3,0.1,0.04
18,27.77777777777778,7.5,-3.000000000000003,0.9615384615384605,-0.07510236193060127,-26.70940170940168,25,1.5,9,3,3,20,80,1.0,1.8,2.5,False,False,True,True,0.1,3,0.1,0.04
18,27.77777777777778,7.5,-3.000000000000003,0.9615384615384605,-0.07510236193060127,-26.70940170940168,25,1.5,9,3,3,25,75,1.0,1.8,2.5,False,False,True,True,0.1,3,0.1,0.04
18,27.77777777777778,7.5,-3.000000000000003,0.9615384615384605,-0.07510236193060127,-26.70940170940168,25,1.5,9,3,3,25,80,1.0,1.8,2.5,False,False,True,True,0.1,3,0.1,0.04
18,27.77777777777778,7.5,-3.000000000000003,0.9615384615384605,-1.9218867476245904,-26.70940170940168,25,1.5,9,3,3,15,75,1.0,1.2,2.5,False,False,True,True,0.1,3,0.1,0.04
18,27.77777777777778,7.5,-3.000000000000003,0.9615384615384605,-1.9218867476245904,-26.70940170940168,25,1.5,9,3,3,15,80,1.0,1.2,2.5,False,False,True,True,0.1,3,0.1,0.04
18,27.77777777777778,7.5,-3.000000000000003,0.9615384615384605,-1.9218867476245904,-26.70940170940168,25,1.5,9,3,3,20,75,1.0,1.2,2.5,False,False,True,True,0.1,3,0.1,0.04
18,27.77777777777778,7.5,-3.000000000000003,0.9615384615384605,-1.9218867476245904,-26.70940170940168,25,1.5,9,3,3,20,80,1.0,1.2,2.5,False,False,True,True,0.1,3,0.1,0.04
18,27.77777777777778,7.5,-3.000000000000003,0.9615384615384605,-1.9218867476245904,-26.70940170940168,25,1.5,9,3,3,25,75,1.0,1.2,2.5,False,False,True,True,0.1,3,0.1,0.04
18,27.77777777777778,7.5,-3.000000000000003,0.9615384615384605,-1.9218867476245904,-26.70940170940168,25,1.5,9,3,3,25,80,1.0,1.2,2.5,False,False,True,True,0.1,3,0.1,0.04
18,27.77777777777778,7.5,-3.000000000000003,0.9615384615384605,-2.3449530609422786,-26.70940170940168,25,1.5,9,3,3,15,75,1.0,0.8,2.5,False,False,True,True,0.1,3,0.1,0.04
18,27.77777777777778,7.5,-3.000000000000003,0.9615384615384605,-2.3449530609422786,-26.70940170940168,25,1.5,9,3,3,15,80,1.0,0.8,2.5,False,False,True,True,0.1,3,0.1,0.04
18,27.77777777777778,7.5,-3.000000000000003,0.9615384615384605,-2.3449530609422786,-26.70940170940168,25,1.5,9,3,3,20,75,1.0,0.8,2.5,False,False,True,True,0.1,3,0.1,0.04
18,27.77777777777778,7.5,-3.000000000000003,0.9615384615384605,-2.3449530609422786,-26.70940170940168,25,1.5,9,3,3,20,80,1.0,0.8,2.5,False,False,True,True,0.1,3,0.1,0.04
18,27.77777777777778,7.5,-3.000000000000003,0.9615384615384605,-2.3449530609422786,-26.70940170940168,25,1.5,9,3,3,25,75,1.0,0.8,2.5,False,False,True,True,0.1,3,0.1,0.04
18,27.77777777777778,7.5,-3.000000000000003,0.9615384615384605,-2.3449530609422786,-26.70940170940168,25,1.5,9,3,3,25,80,1.0,0.8,2.5,False,False,True,True,0.1,3,0.1,0.04
11,27.27272727272727,7.591075808471629,-3.0000000000000036,0.9488844760589525,-1.3489371183852517,-25.87866752888052,25,1.5,14,3,3,15,75,1.0,1.8,2.5,True,True,True,True,0.1,3,0.1,0.04
11,27.27272727272727,7.591075808471629,-3.0000000000000036,0.9488844760589525,-1.3489371183852517,-25.87866752888052,25,1.5,14,3,3,15,80,1.0,1.8,2.5,True,True,True,True,0.1,3,0.1,0.04
11,27.27272727272727,7.591075808471629,-3.0000000000000036,0.9488844760589525,-1.3489371183852517,-25.87866752888052,25,1.5,14,3,3,20,75,1.0,1.8,2.5,True,True,True,True,0.1,3,0.1,0.04
11,27.27272727272727,7.591075808471629,-3.0000000000000036,0.9488844760589525,-1.3489371183852517,-25.87866752888052,25,1.5,14,3,3,20,80,1.0,1.8,2.5,True,True,True,True,0.1,3,0.1,0.04
11,27.27272727272727,7.591075808471629,-3.0000000000000036,0.9488844760589525,-1.3489371183852517,-25.87866752888052,25,1.5,14,3,3,25,75,1.0,1.8,2.5,True,True,True,True,0.1,3,0.1,0.04
11,27.27272727272727,7.591075808471629,-3.0000000000000036,0.9488844760589525,-1.3489371183852517,-25.87866752888052,25,1.5,14,3,3,25,80,1.0,1.8,2.5,True,True,True,True,0.1,3,0.1,0.04
11,27.27272727272727,7.591075808471629,-3.0000000000000036,0.9488844760589525,-1.3587842729280597,-25.87866752888052,25,1.5,14,3,3,15,75,1.0,1.2,2.5,True,True,True,True,0.1,3,0.1,0.04
11,27.27272727272727,7.591075808471629,-3.0000000000000036,0.9488844760589525,-1.3587842729280597,-25.87866752888052,25,1.5,14,3,3,15,80,1.0,1.2,2.5,True,True,True,True,0.1,3,0.1,0.04
11,27.27272727272727,7.591075808471629,-3.0000000000000036,0.9488844760589525,-1.3587842729280597,-25.87866752888052,25,1.5,14,3,3,20,75,1.0,1.2,2.5,True,True,True,True,0.1,3,0.1,0.04
11,27.27272727272727,7.591075808471629,-3.0000000000000036,0.9488844760589525,-1.3587842729280597,-25.87866752888052,25,1.5,14,3,3,20,80,1.0,1.2,2.5,True,True,True,True,0.1,3,0.1,0.04
11,27.27272727272727,7.591075808471629,-3.0000000000000036,0.9488844760589525,-1.3587842729280597,-25.87866752888052,25,1.5,14,3,3,25,75,1.0,1.2,2.5,True,True,True,True,0.1,3,0.1,0.04
11,27.27272727272727,7.591075808471629,-3.0000000000000036,0.9488844760589525,-1.3587842729280597,-25.87866752888052,25,1.5,14,3,3,25,80,1.0,1.2,2.5,True,True,True,True,0.1,3,0.1,0.04
11,27.27272727272727,7.591075808471629,-3.0000000000000036,0.9488844760589525,-1.8799546423381663,-25.87866752888052,25,1.5,14,3,3,15,75,1.0,0.8,2.5,True,True,True,True,0.1,3,0.1,0.04
11,27.27272727272727,7.591075808471629,-3.0000000000000036,0.9488844760589525,-1.8799546423381663,-25.87866752888052,25,1.5,14,3,3,15,80,1.0,0.8,2.5,True,True,True,True,0.1,3,0.1,0.04
11,27.27272727272727,7.591075808471629,-3.0000000000000036,0.9488844760589525,-1.8799546423381663,-25.87866752888052,25,1.5,14,3,3,20,75,1.0,0.8,2.5,True,True,True,True,0.1,3,0.1,0.04
11,27.27272727272727,7.591075808471629,-3.0000000000000036,0.9488844760589525,-1.8799546423381663,-25.87866752888052,25,1.5,14,3,3,20,80,1.0,0.8,2.5,True,True,True,True,0.1,3,0.1,0.04
11,27.27272727272727,7.591075808471629,-3.0000000000000036,0.9488844760589525,-1.8799546423381663,-25.87866752888052,25,1.5,14,3,3,25,75,1.0,0.8,2.5,True,True,True,True,0.1,3,0.1,0.04
11,27.27272727272727,7.591075808471629,-3.0000000000000036,0.9488844760589525,-1.8799546423381663,-25.87866752888052,25,1.5,14,3,3,25,80,1.0,0.8,2.5,True,True,True,True,0.1,3,0.1,0.04
11,27.27272727272727,7.500000000000003,-3.0000000000000036,0.9374999999999992,-1.7317659512020689,-25.568181818181795,25,1.5,14,3,3,15,75,1.0,1.8,2.5,False,True,True,True,0.1,3,0.1,0.04
11,27.27272727272727,7.500000000000003,-3.0000000000000036,0.9374999999999992,-1.7317659512020689,-25.568181818181795,25,1.5,14,3,3,15,80,1.0,1.8,2.5,False,True,True,True,0.1,3,0.1,0.04
11,27.27272727272727,7.500000000000003,-3.0000000000000036,0.9374999999999992,-1.7317659512020689,-25.568181818181795,25,1.5,14,3,3,20,75,1.0,1.8,2.5,False,True,True,True,0.1,3,0.1,0.04
11,27.27272727272727,7.500000000000003,-3.0000000000000036,0.9374999999999992,-1.7317659512020689,-25.568181818181795,25,1.5,14,3,3,20,80,1.0,1.8,2.5,False,True,True,True,0.1,3,0.1,0.04
11,27.27272727272727,7.500000000000003,-3.0000000000000036,0.9374999999999992,-1.7317659512020689,-25.568181818181795,25,1.5,14,3,3,25,75,1.0,1.8,2.5,False,True,True,True,0.1,3,0.1,0.04
11,27.27272727272727,7.500000000000003,-3.0000000000000036,0.9374999999999992,-1.7317659512020689,-25.568181818181795,25,1.5,14,3,3,25,80,1.0,1.8,2.5,False,True,True,True,0.1,3,0.1,0.04
11,27.27272727272727,7.500000000000003,-3.0000000000000036,0.9374999999999992,-2.5108470071190436,-25.568181818181795,25,1.5,14,3,3,15,75,1.0,1.2,2.5,False,True,True,True,0.1,3,0.1,0.04
11,27.27272727272727,7.500000000000003,-3.0000000000000036,0.9374999999999992,-2.5108470071190436,-25.568181818181795,25,1.5,14,3,3,15,80,1.0,1.2,2.5,False,True,True,True,0.1,3,0.1,0.04
11,27.27272727272727,7.500000000000003,-3.0000000000000036,0.9374999999999992,-2.5108470071190436,-25.568181818181795,25,1.5,14,3,3,20,75,1.0,1.2,2.5,False,True,True,True,0.1,3,0.1,0.04
11,27.27272727272727,7.500000000000003,-3.0000000000000036,0.9374999999999992,-2.5108470071190436,-25.568181818181795,25,1.5,14,3,3,20,80,1.0,1.2,2.5,False,True,True,True,0.1,3,0.1,0.04
11,27.27272727272727,7.500000000000003,-3.0000000000000036,0.9374999999999992,-2.5108470071190436,-25.568181818181795,25,1.5,14,3,3,25,75,1.0,1.2,2.5,False,True,True,True,0.1,3,0.1,0.04
11,27.27272727272727,7.500000000000003,-3.0000000000000036,0.9374999999999992,-2.5108470071190436,-25.568181818181795,25,1.5,14,3,3,25,80,1.0,1.2,2.5,False,True,True,True,0.1,3,0.1,0.04
11,27.27272727272727,7.500000000000003,-3.0000000000000036,0.9374999999999992,-3.0279399900500548,-25.568181818181795,25,1.5,14,3,3,15,75,1.0,0.8,2.5,False,True,True,True,0.1,3,0.1,0.04
11,27.27272727272727,7.500000000000003,-3.0000000000000036,0.9374999999999992,-3.0279399900500548,-25.568181818181795,25,1.5,14,3,3,15,80,1.0,0.8,2.5,False,True,True,True,0.1,3,0.1,0.04
11,27.27272727272727,7.500000000000003,-3.0000000000000036,0.9374999999999992,-3.0279399900500548,-25.568181818181795,25,1.5,14,3,3,20,75,1.0,0.8,2.5,False,True,True,True,0.1,3,0.1,0.04
11,27.27272727272727,7.500000000000003,-3.0000000000000036,0.9374999999999992,-3.0279399900500548,-25.568181818181795,25,1.5,14,3,3,20,80,1.0,0.8,2.5,False,True,True,True,0.1,3,0.1,0.04
11,27.27272727272727,7.500000000000003,-3.0000000000000036,0.9374999999999992,-3.0279399900500548,-25.568181818181795,25,1.5,14,3,3,25,75,1.0,0.8,2.5,False,True,True,True,0.1,3,0.1,0.04
11,27.27272727272727,7.500000000000003,-3.0000000000000036,0.9374999999999992,-3.0279399900500548,-25.568181818181795,25,1.5,14,3,3,25,80,1.0,0.8,2.5,False,True,True,True,0.1,3,0.1,0.04
11,27.27272727272727,7.591075808471629,-4.499999999999987,0.632589650705971,-3.7147546216173777,-17.252445019253752,25,1.5,14,3,3,15,75,1.5,1.2,2.5,True,True,True,True,0.1,3,0.1,0.04
11,27.27272727272727,7.591075808471629,-4.499999999999987,0.632589650705971,-3.7147546216173777,-17.252445019253752,25,1.5,14,3,3,15,80,1.5,1.2,2.5,True,True,True,True,0.1,3,0.1,0.04
11,27.27272727272727,7.591075808471629,-4.499999999999987,0.632589650705971,-3.7147546216173777,-17.252445019253752,25,1.5,14,3,3,20,75,1.5,1.2,2.5,True,True,True,True,0.1,3,0.1,0.04
11,27.27272727272727,7.591075808471629,-4.499999999999987,0.632589650705971,-3.7147546216173777,-17.252445019253752,25,1.5,14,3,3,20,80,1.5,1.2,2.5,True,True,True,True,0.1,3,0.1,0.04
11,27.27272727272727,7.591075808471629,-4.499999999999987,0.632589650705971,-3.7147546216173777,-17.252445019253752,25,1.5,14,3,3,25,75,1.5,1.2,2.5,True,True,True,True,0.1,3,0.1,0.04
11,27.27272727272727,7.591075808471629,-4.499999999999987,0.632589650705971,-3.7147546216173777,-17.252445019253752,25,1.5,14,3,3,25,80,1.5,1.2,2.5,True,True,True,True,0.1,3,0.1,0.04
11,27.27272727272727,7.591075808471629,-4.499999999999987,0.632589650705971,-4.396172577513613,-17.252445019253752,25,1.5,14,3,3,15,75,1.5,0.8,2.5,True,True,True,True,0.1,3,0.1,0.04
11,27.27272727272727,7.591075808471629,-4.499999999999987,0.632589650705971,-4.396172577513613,-17.252445019253752,25,1.5,14,3,3,15,80,1.5,0.8,2.5,True,True,True,True,0.1,3,0.1,0.04
11,27.27272727272727,7.591075808471629,-4.499999999999987,0.632589650705971,-4.396172577513613,-17.252445019253752,25,1.5,14,3,3,20,75,1.5,0.8,2.5,True,True,True,True,0.1,3,0.1,0.04
11,27.27272727272727,7.591075808471629,-4.499999999999987,0.632589650705971,-4.396172577513613,-17.252445019253752,25,1.5,14,3,3,20,80,1.5,0.8,2.5,True,True,True,True,0.1,3,0.1,0.04
11,27.27272727272727,7.591075808471629,-4.499999999999987,0.632589650705971,-4.396172577513613,-17.252445019253752,25,1.5,14,3,3,25,75,1.5,0.8,2.5,True,True,True,True,0.1,3,0.1,0.04
11,27.27272727272727,7.591075808471629,-4.499999999999987,0.632589650705971,-4.396172577513613,-17.252445019253752,25,1.5,14,3,3,25,80,1.5,0.8,2.5,True,True,True,True,0.1,3,0.1,0.04
11,27.27272727272727,7.591075808471629,-4.499999999999987,0.632589650705971,-4.877144867700967,-17.252445019253752,25,1.5,14,3,3,15,75,1.5,1.8,2.5,True,True,True,True,0.1,3,0.1,0.04
11,27.27272727272727,7.591075808471629,-4.499999999999987,0.632589650705971,-4.877144867700967,-17.252445019253752,25,1.5,14,3,3,15,80,1.5,1.8,2.5,True,True,True,True,0.1,3,0.1,0.04
11,27.27272727272727,7.591075808471629,-4.499999999999987,0.632589650705971,-4.877144867700967,-17.252445019253752,25,1.5,14,3,3,20,75,1.5,1.8,2.5,True,True,True,True,0.1,3,0.1,0.04
11,27.27272727272727,7.591075808471629,-4.499999999999987,0.632589650705971,-4.877144867700967,-17.252445019253752,25,1.5,14,3,3,20,80,1.5,1.8,2.5,True,True,True,True,0.1,3,0.1,0.04
11,27.27272727272727,7.591075808471629,-4.499999999999987,0.632589650705971,-4.877144867700967,-17.252445019253752,25,1.5,14,3,3,25,75,1.5,1.8,2.5,True,True,True,True,0.1,3,0.1,0.04
11,27.27272727272727,7.591075808471629,-4.499999999999987,0.632589650705971,-4.877144867700967,-17.252445019253752,25,1.5,14,3,3,25,80,1.5,1.8,2.5,True,True,True,True,0.1,3,0.1,0.04
11,27.27272727272727,7.500000000000003,-4.499999999999987,0.625000000000002,-4.839301214390412,-17.045454545454596,25,1.5,14,3,3,15,75,1.5,1.2,2.5,False,True,True,True,0.1,3,0.1,0.04
11,27.27272727272727,7.500000000000003,-4.499999999999987,0.625000000000002,-4.839301214390412,-17.045454545454596,25,1.5,14,3,3,15,80,1.5,1.2,2.5,False,True,True,True,0.1,3,0.1,0.04
11,27.27272727272727,7.500000000000003,-4.499999999999987,0.625000000000002,-4.839301214390412,-17.045454545454596,25,1.5,14,3,3,20,75,1.5,1.2,2.5,False,True,True,True,0.1,3,0.1,0.04
11,27.27272727272727,7.500000000000003,-4.499999999999987,0.625000000000002,-4.839301214390412,-17.045454545454596,25,1.5,14,3,3,20,80,1.5,1.2,2.5,False,True,True,True,0.1,3,0.1,0.04
11,27.27272727272727,7.500000000000003,-4.499999999999987,0.625000000000002,-4.839301214390412,-17.045454545454596,25,1.5,14,3,3,25,75,1.5,1.2,2.5,False,True,True,True,0.1,3,0.1,0.04
11,27.27272727272727,7.500000000000003,-4.499999999999987,0.625000000000002,-4.839301214390412,-17.045454545454596,25,1.5,14,3,3,25,80,1.5,1.2,2.5,False,True,True,True,0.1,3,0.1,0.04
11,27.27272727272727,7.500000000000003,-4.499999999999987,0.625000000000002,-5.246282011699166,-17.045454545454596,25,1.5,14,3,3,15,75,1.5,1.8,2.5,False,True,True,True,0.1,3,0.1,0.04
11,27.27272727272727,7.500000000000003,-4.499999999999987,0.625000000000002,-5.246282011699166,-17.045454545454596,25,1.5,14,3,3,15,80,1.5,1.8,2.5,False,True,True,True,0.1,3,0.1,0.04
11,27.27272727272727,7.500000000000003,-4.499999999999987,0.625000000000002,-5.246282011699166,-17.045454545454596,25,1.5,14,3,3,20,75,1.5,1.8,2.5,False,True,True,True,0.1,3,0.1,0.04
11,27.27272727272727,7.500000000000003,-4.499999999999987,0.625000000000002,-5.246282011699166,-17.045454545454596,25,1.5,14,3,3,20,80,1.5,1.8,2.5,False,True,True,True,0.1,3,0.1,0.04
11,27.27272727272727,7.500000000000003,-4.499999999999987,0.625000000000002,-5.246282011699166,-17.045454545454596,25,1.5,14,3,3,25,75,1.5,1.8,2.5,False,True,True,True,0.1,3,0.1,0.04
11,27.27272727272727,7.500000000000003,-4.499999999999987,0.625000000000002,-5.246282011699166,-17.045454545454596,25,1.5,14,3,3,25,80,1.5,1.8,2.5,False,True,True,True,0.1,3,0.1,0.04
11,27.27272727272727,7.500000000000003,-4.499999999999987,0.625000000000002,-5.514718667317409,-17.045454545454596,25,1.5,14,3,3,15,75,1.5,0.8,2.5,False,True,True,True,0.1,3,0.1,0.04
11,27.27272727272727,7.500000000000003,-4.499999999999987,0.625000000000002,-5.514718667317409,-17.045454545454596,25,1.5,14,3,3,15,80,1.5,0.8,2.5,False,True,True,True,0.1,3,0.1,0.04
11,27.27272727272727,7.500000000000003,-4.499999999999987,0.625000000000002,-5.514718667317409,-17.045454545454596,25,1.5,14,3,3,20,75,1.5,0.8,2.5,False,True,True,True,0.1,3,0.1,0.04
11,27.27272727272727,7.500000000000003,-4.499999999999987,0.625000000000002,-5.514718667317409,-17.045454545454596,25,1.5,14,3,3,20,80,1.5,0.8,2.5,False,True,True,True,0.1,3,0.1,0.04
11,27.27272727272727,7.500000000000003,-4.499999999999987,0.625000000000002,-5.514718667317409,-17.045454545454596,25,1.5,14,3,3,25,75,1.5,0.8,2.5,False,True,True,True,0.1,3,0.1,0.04
11,27.27272727272727,7.500000000000003,-4.499999999999987,0.625000000000002,-5.514718667317409,-17.045454545454596,25,1.5,14,3,3,25,80,1.5,0.8,2.5,False,True,True,True,0.1,3,0.1,0.04
12,25.0,7.5,-3.0000000000000004,0.8333333333333333,-1.4018922375589549,-20.833333333333332,25,1.5,9,3,3,15,85,1.0,1.8,2.5,True,False,True,True,0.1,3,0.1,0.04
12,25.0,7.5,-3.0000000000000004,0.8333333333333333,-1.4018922375589549,-20.833333333333332,25,1.5,9,3,3,15,85,1.0,1.8,2.5,False,False,True,True,0.1,3,0.1,0.04
12,25.0,7.5,-3.0000000000000004,0.8333333333333333,-1.4018922375589549,-20.833333333333332,25,1.5,9,3,3,20,85,1.0,1.8,2.5,False,False,True,True,0.1,3,0.1,0.04
12,25.0,7.5,-3.0000000000000004,0.8333333333333333,-1.4018922375589549,-20.833333333333332,25,1.5,9,3,3,20,85,1.0,1.8,2.5,True,False,True,True,0.1,3,0.1,0.04
12,25.0,7.5,-3.0000000000000004,0.8333333333333333,-1.4018922375589549,-20.833333333333332,25,1.5,9,3,3,25,85,1.0,1.8,2.5,True,False,True,True,0.1,3,0.1,0.04
12,25.0,7.5,-3.0000000000000004,0.8333333333333333,-1.4018922375589549,-20.833333333333332,25,1.5,9,3,3,25,85,1.0,1.8,2.5,False,False,True,True,0.1,3,0.1,0.04
12,25.0,7.5,-3.0000000000000004,0.8333333333333333,-2.3468321774173684,-20.833333333333332,25,1.5,9,3,3,15,85,1.0,0.8,2.5,True,False,True,True,0.1,3,0.1,0.04
12,25.0,7.5,-3.0000000000000004,0.8333333333333333,-2.3468321774173684,-20.833333333333332,25,1.5,9,3,3,15,85,1.0,0.8,2.5,False,False,True,True,0.1,3,0.1,0.04
12,25.0,7.5,-3.0000000000000004,0.8333333333333333,-2.3468321774173684,-20.833333333333332,25,1.5,9,3,3,20,85,1.0,0.8,2.5,False,False,True,True,0.1,3,0.1,0.04
12,25.0,7.5,-3.0000000000000004,0.8333333333333333,-2.3468321774173684,-20.833333333333332,25,1.5,9,3,3,20,85,1.0,0.8,2.5,True,False,True,True,0.1,3,0.1,0.04
12,25.0,7.5,-3.0000000000000004,0.8333333333333333,-2.3468321774173684,-20.833333333333332,25,1.5,9,3,3,25,85,1.0,0.8,2.5,True,False,True,True,0.1,3,0.1,0.04
12,25.0,7.5,-3.0000000000000004,0.8333333333333333,-2.3468321774173684,-20.833333333333332,25,1.5,9,3,3,25,85,1.0,0.8,2.5,False,False,True,True,0.1,3,0.1,0.04
12,25.0,7.5,-3.0000000000000004,0.8333333333333333,-2.4467056972129697,-20.833333333333332,25,1.5,9,3,3,15,85,1.0,1.2,2.5,False,False,True,True,0.1,3,0.1,0.04
12,25.0,7.5,-3.0000000000000004,0.8333333333333333,-2.4467056972129697,-20.833333333333332,25,1.5,9,3,3,15,85,1.0,1.2,2.5,True,False,True,True,0.1,3,0.1,0.04
12,25.0,7.5,-3.0000000000000004,0.8333333333333333,-2.4467056972129697,-20.833333333333332,25,1.5,9,3,3,20,85,1.0,1.2,2.5,True,False,True,True,0.1,3,0.1,0.04
12,25.0,7.5,-3.0000000000000004,0.8333333333333333,-2.4467056972129697,-20.833333333333332,25,1.5,9,3,3,20,85,1.0,1.2,2.5,False,False,True,True,0.1,3,0.1,0.04
12,25.0,7.5,-3.0000000000000004,0.8333333333333333,-2.4467056972129697,-20.833333333333332,25,1.5,9,3,3,25,85,1.0,1.2,2.5,False,False,True,True,0.1,3,0.1,0.04
12,25.0,7.5,-3.0000000000000004,0.8333333333333333,-2.4467056972129697,-20.833333333333332,25,1.5,9,3,3,25,85,1.0,1.2,2.5,True,False,True,True,0.1,3,0.1,0.04
13,23.076923076923077,7.591075808471629,-3.000000000000003,0.7591075808471621,-1.932233822440499,-17.517867250319124,25,1.5,9,3,3,15,75,1.0,1.8,2.5,True,True,True,True,0.1,3,0.1,0.04
13,23.076923076923077,7.591075808471629,-3.000000000000003,0.7591075808471621,-1.932233822440499,-17.517867250319124,25,1.5,9,3,3,15,80,1.0,1.8,2.5,True,True,True,True,0.1,3,0.1,0.04
13,23.076923076923077,7.591075808471629,-3.000000000000003,0.7591075808471621,-1.932233822440499,-17.517867250319124,25,1.5,9,3,3,20,75,1.0,1.8,2.5,True,True,True,True,0.1,3,0.1,0.04
13,23.076923076923077,7.591075808471629,-3.000000000000003,0.7591075808471621,-1.932233822440499,-17.517867250319124,25,1.5,9,3,3,20,80,1.0,1.8,2.5,True,True,True,True,0.1,3,0.1,0.04
13,23.076923076923077,7.591075808471629,-3.000000000000003,0.7591075808471621,-1.932233822440499,-17.517867250319124,25,1.5,9,3,3,25,75,1.0,1.8,2.5,True,True,True,True,0.1,3,0.1,0.04
13,23.076923076923077,7.591075808471629,-3.000000000000003,0.7591075808471621,-1.932233822440499,-17.517867250319124,25,1.5,9,3,3,25,80,1.0,1.8,2.5,True,True,True,True,0.1,3,0.1,0.04
13,23.076923076923077,7.591075808471629,-3.000000000000003,0.7591075808471621,-2.2058576325973633,-17.517867250319124,25,1.5,9,3,3,15,75,1.0,1.2,2.5,True,True,True,True,0.1,3,0.1,0.04
13,23.076923076923077,7.591075808471629,-3.000000000000003,0.7591075808471621,-2.2058576325973633,-17.517867250319124,25,1.5,9,3,3,15,80,1.0,1.2,2.5,True,True,True,True,0.1,3,0.1,0.04
13,23.076923076923077,7.591075808471629,-3.000000000000003,0.7591075808471621,-2.2058576325973633,-17.517867250319124,25,1.5,9,3,3,20,75,1.0,1.2,2.5,True,True,True,True,0.1,3,0.1,0.04
13,23.076923076923077,7.591075808471629,-3.000000000000003,0.7591075808471621,-2.2058576325973633,-17.517867250319124,25,1.5,9,3,3,20,80,1.0,1.2,2.5,True,True,True,True,0.1,3,0.1,0.04
13,23.076923076923077,7.591075808471629,-3.000000000000003,0.7591075808471621,-2.2058576325973633,-17.517867250319124,25,1.5,9,3,3,25,75,1.0,1.2,2.5,True,True,True,True,0.1,3,0.1,0.04
13,23.076923076923077,7.591075808471629,-3.000000000000003,0.7591075808471621,-2.2058576325973633,-17.517867250319124,25,1.5,9,3,3,25,80,1.0,1.2,2.5,True,True,True,True,0.1,3,0.1,0.04
13,23.076923076923077,7.591075808471629,-3.000000000000003,0.7591075808471621,-2.897513100071303,-17.517867250319124,25,1.5,9,3,3,15,75,1.0,0.8,2.5,True,True,True,True,0.1,3,0.1,0.04
13,23.076923076923077,7.591075808471629,-3.000000000000003,0.7591075808471621,-2.897513100071303,-17.517867250319124,25,1.5,9,3,3,15,80,1.0,0.8,2.5,True,True,True,True,0.1,3,0.1,0.04
13,23.076923076923077,7.591075808471629,-3.000000000000003,0.7591075808471621,-2.897513100071303,-17.517867250319124,25,1.5,9,3,3,20,75,1.0,0.8,2.5,True,True,True,True,0.1,3,0.1,0.04
13,23.076923076923077,7.591075808471629,-3.000000000000003,0.7591075808471621,-2.897513100071303,-17.517867250319124,25,1.5,9,3,3,20,80,1.0,0.8,2.5,True,True,True,True,0.1,3,0.1,0.04
13,23.076923076923077,7.591075808471629,-3.000000000000003,0.7591075808471621,-2.897513100071303,-17.517867250319124,25,1.5,9,3,3,25,75,1.0,0.8,2.5,True,True,True,True,0.1,3,0.1,0.04
13,23.076923076923077,7.591075808471629,-3.000000000000003,0.7591075808471621,-2.897513100071303,-17.517867250319124,25,1.5,9,3,3,25,80,1.0,0.8,2.5,True,True,True,True,0.1,3,0.1,0.04
13,23.076923076923077,7.500000000000003,-3.000000000000003,0.7499999999999994,-2.3127990932654385,-17.307692307692296,25,1.5,9,3,3,15,75,1.0,1.8,2.5,False,True,True,True,0.1,3,0.1,0.04
13,23.076923076923077,7.500000000000003,-3.000000000000003,0.7499999999999994,-2.3127990932654385,-17.307692307692296,25,1.5,9,3,3,15,80,1.0,1.8,2.5,False,True,True,True,0.1,3,0.1,0.04
13,23.076923076923077,7.500000000000003,-3.000000000000003,0.7499999999999994,-2.3127990932654385,-17.307692307692296,25,1.5,9,3,3,20,75,1.0,1.8,2.5,False,True,True,True,0.1,3,0.1,0.04
13,23.076923076923077,7.500000000000003,-3.000000000000003,0.7499999999999994,-2.3127990932654385,-17.307692307692296,25,1.5,9,3,3,20,80,1.0,1.8,2.5,False,True,True,True,0.1,3,0.1,0.04
13,23.076923076923077,7.500000000000003,-3.000000000000003,0.7499999999999994,-2.3127990932654385,-17.307692307692296,25,1.5,9,3,3,25,75,1.0,1.8,2.5,False,True,True,True,0.1,3,0.1,0.04
13,23.076923076923077,7.500000000000003,-3.000000000000003,0.7499999999999994,-2.3127990932654385,-17.307692307692296,25,1.5,9,3,3,25,80,1.0,1.8,2.5,False,True,True,True,0.1,3,0.1,0.04
13,23.076923076923077,7.500000000000003,-3.000000000000003,0.7499999999999994,-3.348027122431918,-17.307692307692296,25,1.5,9,3,3,15,75,1.0,1.2,2.5,False,True,True,True,0.1,3,0.1,0.04
13,23.076923076923077,7.500000000000003,-3.000000000000003,0.7499999999999994,-3.348027122431918,-17.307692307692296,25,1.5,9,3,3,15,80,1.0,1.2,2.5,False,True,True,True,0.1,3,0.1,0.04
13,23.076923076923077,7.500000000000003,-3.000000000000003,0.7499999999999994,-3.348027122431918,-17.307692307692296,25,1.5,9,3,3,20,75,1.0,1.2,2.5,False,True,True,True,0.1,3,0.1,0.04
13,23.076923076923077,7.500000000000003,-3.000000000000003,0.7499999999999994,-3.348027122431918,-17.307692307692296,25,1.5,9,3,3,20,80,1.0,1.2,2.5,False,True,True,True,0.1,3,0.1,0.04
13,23.076923076923077,7.500000000000003,-3.000000000000003,0.7499999999999994,-3.348027122431918,-17.307692307692296,25,1.5,9,3,3,25,75,1.0,1.2,2.5,False,True,True,True,0.1,3,0.1,0.04
13,23.076923076923077,7.500000000000003,-3.000000000000003,0.7499999999999994,-3.348027122431918,-17.307692307692296,25,1.5,9,3,3,25,80,1.0,1.2,2.5,False,True,True,True,0.1,3,0.1,0.04
13,23.076923076923077,7.500000000000003,-3.000000000000003,0.7499999999999994,-4.033593212765663,-17.307692307692296,25,1.5,9,3,3,15,75,1.0,0.8,2.5,False,True,True,True,0.1,3,0.1,0.04
13,23.076923076923077,7.500000000000003,-3.000000000000003,0.7499999999999994,-4.033593212765663,-17.307692307692296,25,1.5,9,3,3,15,80,1.0,0.8,2.5,False,True,True,True,0.1,3,0.1,0.04
13,23.076923076923077,7.500000000000003,-3.000000000000003,0.7499999999999994,-4.033593212765663,-17.307692307692296,25,1.5,9,3,3,20,75,1.0,0.8,2.5,False,True,True,True,0.1,3,0.1,0.04
13,23.076923076923077,7.500000000000003,-3.000000000000003,0.7499999999999994,-4.033593212765663,-17.307692307692296,25,1.5,9,3,3,20,80,1.0,0.8,2.5,False,True,True,True,0.1,3,0.1,0.04
13,23.076923076923077,7.500000000000003,-3.000000000000003,0.7499999999999994,-4.033593212765663,-17.307692307692296,25,1.5,9,3,3,25,75,1.0,0.8,2.5,False,True,True,True,0.1,3,0.1,0.04
13,23.076923076923077,7.500000000000003,-3.000000000000003,0.7499999999999994,-4.033593212765663,-17.307692307692296,25,1.5,9,3,3,25,80,1.0,0.8,2.5,False,True,True,True,0.1,3,0.1,0.04
9,22.22222222222222,7.500000000000014,-3.000000000000001,0.7142857142857154,-1.437505214939061,-15.873015873015898,25,1.5,9,3,3,15,85,1.0,1.8,2.5,True,True,True,True,0.1,3,0.1,0.04
9,22.22222222222222,7.500000000000014,-3.000000000000001,0.7142857142857154,-1.437505214939061,-15.873015873015898,25,1.5,9,3,3,15,85,1.0,1.8,2.5,False,True,True,True,0.1,3,0.1,0.04
9,22.22222222222222,7.500000000000014,-3.000000000000001,0.7142857142857154,-1.437505214939061,-15.873015873015898,25,1.5,9,3,3,20,85,1.0,1.8,2.5,True,True,True,True,0.1,3,0.1,0.04
9,22.22222222222222,7.500000000000014,-3.000000000000001,0.7142857142857154,-1.437505214939061,-15.873015873015898,25,1.5,9,3,3,20,85,1.0,1.8,2.5,False,True,True,True,0.1,3,0.1,0.04
9,22.22222222222222,7.500000000000014,-3.000000000000001,0.7142857142857154,-1.437505214939061,-15.873015873015898,25,1.5,9,3,3,25,85,1.0,1.8,2.5,True,True,True,True,0.1,3,0.1,0.04
9,22.22222222222222,7.500000000000014,-3.000000000000001,0.7142857142857154,-1.437505214939061,-15.873015873015898,25,1.5,9,3,3,25,85,1.0,1.8,2.5,False,True,True,True,0.1,3,0.1,0.04
9,22.22222222222222,7.500000000000014,-3.000000000000001,0.7142857142857154,-2.2229274845714797,-15.873015873015898,25,1.5,9,3,3,15,85,1.0,1.2,2.5,False,True,True,True,0.1,3,0.1,0.04
9,22.22222222222222,7.500000000000014,-3.000000000000001,0.7142857142857154,-2.2229274845714797,-15.873015873015898,25,1.5,9,3,3,15,85,1.0,1.2,2.5,True,True,True,True,0.1,3,0.1,0.04
9,22.22222222222222,7.500000000000014,-3.000000000000001,0.7142857142857154,-2.2229274845714797,-15.873015873015898,25,1.5,9,3,3,20,85,1.0,1.2,2.5,False,True,True,True,0.1,3,0.1,0.04
9,22.22222222222222,7.500000000000014,-3.000000000000001,0.7142857142857154,-2.2229274845714797,-15.873015873015898,25,1.5,9,3,3,20,85,1.0,1.2,2.5,True,True,True,True,0.1,3,0.1,0.04
9,22.22222222222222,7.500000000000014,-3.000000000000001,0.7142857142857154,-2.2229274845714797,-15.873015873015898,25,1.5,9,3,3,25,85,1.0,1.2,2.5,True,True,True,True,0.1,3,0.1,0.04
9,22.22222222222222,7.500000000000014,-3.000000000000001,0.7142857142857154,-2.2229274845714797,-15.873015873015898,25,1.5,9,3,3,25,85,1.0,1.2,2.5,False,True,True,True,0.1,3,0.1,0.04
9,22.22222222222222,7.500000000000014,-3.000000000000001,0.7142857142857154,-2.7442174292891086,-15.873015873015898,25,1.5,9,3,3,15,85,1.0,0.8,2.5,True,True,True,True,0.1,3,0.1,0.04
9,22.22222222222222,7.500000000000014,-3.000000000000001,0.7142857142857154,-2.7442174292891086,-15.873015873015898,25,1.5,9,3,3,15,85,1.0,0.8,2.5,False,True,True,True,0.1,3,0.1,0.04
9,22.22222222222222,7.500000000000014,-3.000000000000001,0.7142857142857154,-2.7442174292891086,-15.873015873015898,25,1.5,9,3,3,20,85,1.0,0.8,2.5,False,True,True,True,0.1,3,0.1,0.04
9,22.22222222222222,7.500000000000014,-3.000000000000001,0.7142857142857154,-2.7442174292891086,-15.873015873015898,25,1.5,9,3,3,20,85,1.0,0.8,2.5,True,True,True,True,0.1,3,0.1,0.04
9,22.22222222222222,7.500000000000014,-3.000000000000001,0.7142857142857154,-2.7442174292891086,-15.873015873015898,25,1.5,9,3,3,25,85,1.0,0.8,2.5,True,True,True,True,0.1,3,0.1,0.04
9,22.22222222222222,7.500000000000014,-3.000000000000001,0.7142857142857154,-2.7442174292891086,-15.873015873015898,25,1.5,9,3,3,25,85,1.0,0.8,2.5,False,True,True,True,0.1,3,0.1,0.04
9,22.22222222222222,7.500000000000014,-3.000000000000005,0.7142857142857144,-2.675305200419864,-15.873015873015875,25,1.5,14,3,3,15,85,1.0,1.8,2.5,True,True,True,True,0.1,3,0.1,0.04
9,22.22222222222222,7.500000000000014,-3.000000000000005,0.7142857142857144,-2.675305200419864,-15.873015873015875,25,1.5,14,3,3,15,85,1.0,1.8,2.5,False,True,True,True,0.1,3,0.1,0.04
9,22.22222222222222,7.500000000000014,-3.000000000000005,0.7142857142857144,-2.675305200419864,-15.873015873015875,25,1.5,14,3,3,20,85,1.0,1.8,2.5,False,True,True,True,0.1,3,0.1,0.04
9,22.22222222222222,7.500000000000014,-3.000000000000005,0.7142857142857144,-2.675305200419864,-15.873015873015875,25,1.5,14,3,3,20,85,1.0,1.8,2.5,True,True,True,True,0.1,3,0.1,0.04
9,22.22222222222222,7.500000000000014,-3.000000000000005,0.7142857142857144,-2.675305200419864,-15.873015873015875,25,1.5,14,3,3,25,85,1.0,1.8,2.5,False,True,True,True,0.1,3,0.1,0.04
9,22.22222222222222,7.500000000000014,-3.000000000000005,0.7142857142857144,-2.675305200419864,-15.873015873015875,25,1.5,14,3,3,25,85,1.0,1.8,2.5,True,True,True,True,0.1,3,0.1,0.04
9,22.22222222222222,7.500000000000014,-3.000000000000005,0.7142857142857144,-3.1903876940695186,-15.873015873015875,25,1.5,14,3,3,15,85,1.0,1.2,2.5,False,True,True,True,0.1,3,0.1,0.04
9,22.22222222222222,7.500000000000014,-3.000000000000005,0.7142857142857144,-3.1903876940695186,-15.873015873015875,25,1.5,14,3,3,15,85,1.0,1.2,2.5,True,True,True,True,0.1,3,0.1,0.04
9,22.22222222222222,7.500000000000014,-3.000000000000005,0.7142857142857144,-3.1903876940695186,-15.873015873015875,25,1.5,14,3,3,20,85,1.0,1.2,2.5,True,True,True,True,0.1,3,0.1,0.04
9,22.22222222222222,7.500000000000014,-3.000000000000005,0.7142857142857144,-3.1903876940695186,-15.873015873015875,25,1.5,14,3,3,20,85,1.0,1.2,2.5,False,True,True,True,0.1,3,0.1,0.04
9,22.22222222222222,7.500000000000014,-3.000000000000005,0.7142857142857144,-3.1903876940695186,-15.873015873015875,25,1.5,14,3,3,25,85,1.0,1.2,2.5,True,True,True,True,0.1,3,0.1,0.04
9,22.22222222222222,7.500000000000014,-3.000000000000005,0.7142857142857144,-3.1903876940695186,-15.873015873015875,25,1.5,14,3,3,25,85,1.0,1.2,2.5,False,True,True,True,0.1,3,0.1,0.04
9,22.22222222222222,7.500000000000014,-3.000000000000005,0.7142857142857144,-3.533016782351428,-15.873015873015875,25,1.5,14,3,3,15,85,1.0,0.8,2.5,True,True,True,True,0.1,3,0.1,0.04
9,22.22222222222222,7.500000000000014,-3.000000000000005,0.7142857142857144,-3.533016782351428,-15.873015873015875,25,1.5,14,3,3,15,85,1.0,0.8,2.5,False,True,True,True,0.1,3,0.1,0.04
9,22.22222222222222,7.500000000000014,-3.000000000000005,0.7142857142857144,-3.533016782351428,-15.873015873015875,25,1.5,14,3,3,20,85,1.0,0.8,2.5,False,True,True,True,0.1,3,0.1,0.04
9,22.22222222222222,7.500000000000014,-3.000000000000005,0.7142857142857144,-3.533016782351428,-15.873015873015875,25,1.5,14,3,3,20,85,1.0,0.8,2.5,True,True,True,True,0.1,3,0.1,0.04
9,22.22222222222222,7.500000000000014,-3.000000000000005,0.7142857142857144,-3.533016782351428,-15.873015873015875,25,1.5,14,3,3,25,85,1.0,0.8,2.5,False,True,True,True,0.1,3,0.1,0.04
9,22.22222222222222,7.500000000000014,-3.000000000000005,0.7142857142857144,-3.533016782351428,-15.873015873015875,25,1.5,14,3,3,25,85,1.0,0.8,2.5,True,True,True,True,0.1,3,0.1,0.04
9,22.22222222222222,7.500000000000014,-4.499999999999991,0.47619047619047805,-5.071390894496631,-10.582010582010623,25,1.5,14,3,3,15,85,1.5,1.2,2.5,False,True,True,True,0.1,3,0.1,0.04
9,22.22222222222222,7.500000000000014,-4.499999999999991,0.47619047619047805,-5.071390894496631,-10.582010582010623,25,1.5,14,3,3,15,85,1.5,1.2,2.5,True,True,True,True,0.1,3,0.1,0.04
9,22.22222222222222,7.500000000000014,-4.499999999999991,0.47619047619047805,-5.071390894496631,-10.582010582010623,25,1.5,14,3,3,20,85,1.5,1.2,2.5,True,True,True,True,0.1,3,0.1,0.04
9,22.22222222222222,7.500000000000014,-4.499999999999991,0.47619047619047805,-5.071390894496631,-10.582010582010623,25,1.5,14,3,3,20,85,1.5,1.2,2.5,False,True,True,True,0.1,3,0.1,0.04
9,22.22222222222222,7.500000000000014,-4.499999999999991,0.47619047619047805,-5.071390894496631,-10.582010582010623,25,1.5,14,3,3,25,85,1.5,1.2,2.5,True,True,True,True,0.1,3,0.1,0.04
9,22.22222222222222,7.500000000000014,-4.499999999999991,0.47619047619047805,-5.071390894496631,-10.582010582010623,25,1.5,14,3,3,25,85,1.5,1.2,2.5,False,True,True,True,0.1,3,0.1,0.04
9,22.22222222222222,7.500000000000014,-4.499999999999991,0.47619047619047805,-5.57792339786729,-10.582010582010623,25,1.5,14,3,3,15,85,1.5,0.8,2.5,True,True,True,True,0.1,3,0.1,0.04
9,22.22222222222222,7.500000000000014,-4.499999999999991,0.47619047619047805,-5.57792339786729,-10.582010582010623,25,1.5,14,3,3,15,85,1.5,0.8,2.5,False,True,True,True,0.1,3,0.1,0.04
9,22.22222222222222,7.500000000000014,-4.499999999999991,0.47619047619047805,-5.57792339786729,-10.582010582010623,25,1.5,14,3,3,20,85,1.5,0.8,2.5,True,True,True,True,0.1,3,0.1,0.04
9,22.22222222222222,7.500000000000014,-4.499999999999991,0.47619047619047805,-5.57792339786729,-10.582010582010623,25,1.5,14,3,3,20,85,1.5,0.8,2.5,False,True,True,True,0.1,3,0.1,0.04
9,22.22222222222222,7.500000000000014,-4.499999999999991,0.47619047619047805,-5.57792339786729,-10.582010582010623,25,1.5,14,3,3,25,85,1.5,0.8,2.5,False,True,True,True,0.1,3,0.1,0.04
9,22.22222222222222,7.500000000000014,-4.499999999999991,0.47619047619047805,-5.57792339786729,-10.582010582010623,25,1.5,14,3,3,25,85,1.5,0.8,2.5,True,True,True,True,0.1,3,0.1,0.04
9,22.22222222222222,7.500000000000014,-4.499999999999991,0.47619047619047805,-5.7278372988653015,-10.582010582010623,25,1.5,14,3,3,15,85,1.5,1.8,2.5,True,True,True,True,0.1,3,0.1,0.04
9,22.22222222222222,7.500000000000014,-4.499999999999991,0.47619047619047805,-5.7278372988653015,-10.582010582010623,25,1.5,14,3,3,15,85,1.5,1.8,2.5,False,True,True,True,0.1,3,0.1,0.04
9,22.22222222222222,7.500000000000014,-4.499999999999991,0.47619047619047805,-5.7278372988653015,-10.582010582010623,25,1.5,14,3,3,20,85,1.5,1.8,2.5,True,True,True,True,0.1,3,0.1,0.04
9,22.22222222222222,7.500000000000014,-4.499999999999991,0.47619047619047805,-5.7278372988653015,-10.582010582010623,25,1.5,14,3,3,20,85,1.5,1.8,2.5,False,True,True,True,0.1,3,0.1,0.04
9,22.22222222222222,7.500000000000014,-4.499999999999991,0.47619047619047805,-5.7278372988653015,-10.582010582010623,25,1.5,14,3,3,25,85,1.5,1.8,2.5,True,True,True,True,0.1,3,0.1,0.04
9,22.22222222222222,7.500000000000014,-4.499999999999991,0.47619047619047805,-5.7278372988653015,-10.582010582010623,25,1.5,14,3,3,25,85,1.5,1.8,2.5,False,True,True,True,0.1,3,0.1,0.04
